worker_id,worker_type,true_label,latent_capacity
0,gig_delivery,0,0.4878207982870385
1,daily_wage_labourer,0,0.1383974165402856
2,domestic_worker,0,0.24963684357741434
3,gig_delivery,1,0.8469863439756611
4,street_vendor,0,0.4395549006653969
5,domestic_worker,0,0.24570493073817282
6,gig_delivery,0,0.542993022422837
7,gig_delivery,0,0.7565720789523857
8,street_vendor,0,0.5435916931866192
9,daily_wage_labourer,0,0.2559731759332138
10,daily_wage_labourer,0,0.1399575771205226
11,domestic_worker,0,0.5298092515170303
12,gig_delivery,0,0.5493050903681136
13,gig_delivery,0,0.700425874511659
14,daily_wage_labourer,0,0.5728493486807221
15,street_vendor,0,0.3419226312643073
16,daily_wage_labourer,0,0.530458409929094
17,street_vendor,0,0.7061012033157578
18,gig_delivery,0,0.907271919748338
19,gig_delivery,0,0.6301690958993392
20,gig_delivery,0,0.6058412100714172
21,daily_wage_labourer,0,0.5488949774707345
22,domestic_worker,0,0.4350863645835117
23,domestic_worker,0,0.5075080041565185
24,gig_delivery,0,0.749043394834758
25,street_vendor,0,0.3557105476760844
26,daily_wage_labourer,0,0.5895955190251897
27,street_vendor,0,0.03465929172675897
28,street_vendor,0,0.5244596646272442
29,gig_delivery,1,0.6078384694433991
30,gig_delivery,0,0.9216242856109047
31,domestic_worker,0,0.4151779074828332
32,daily_wage_labourer,0,0.3419046023701941
33,daily_wage_labourer,0,0.3580467436763517
34,daily_wage_labourer,0,0.6583040917515229
35,street_vendor,0,0.562438679081986
36,street_vendor,0,0.3118589669520346
37,daily_wage_labourer,0,0.24629778873167785
38,street_vendor,0,0.49798451455504966
39,gig_delivery,0,0.731616144710035
40,daily_wage_labourer,0,0.5816943654838065
41,gig_delivery,0,0.581743253855388
42,gig_delivery,0,0.6879079488967298
43,daily_wage_labourer,1,0.5873254952544985
44,gig_delivery,0,0.7128344788599774
45,gig_delivery,0,0.7701457279760245
46,daily_wage_labourer,0,0.5287173019339546
47,street_vendor,0,0.43067861815548014
48,gig_delivery,0,0.49455535372811965
49,street_vendor,0,0.742392926103948
50,street_vendor,0,0.4561592521578107
51,street_vendor,0,0.24058273265031516
52,gig_delivery,0,0.6110860315657517
53,gig_delivery,0,0.8415913787810665
54,gig_delivery,0,0.5344034912960868
55,gig_delivery,0,0.7575273567815726
56,daily_wage_labourer,0,0.35246584101586187
57,daily_wage_labourer,0,0.4158850932896825
58,street_vendor,0,0.17954420713160338
59,street_vendor,0,0.47799407605204536
60,gig_delivery,0,0.6458839063313769
61,daily_wage_labourer,0,0.2596744632591738
62,daily_wage_labourer,0,0.06108095802621416
63,gig_delivery,1,0.42405953614530734
64,gig_delivery,0,0.5806220068393952
65,daily_wage_labourer,0,0.49299293193100546
66,daily_wage_labourer,0,0.4121548855088038
67,daily_wage_labourer,1,0.4132396020993268
68,street_vendor,0,0.3377375069594845
69,daily_wage_labourer,0,0.46779123314908116
70,street_vendor,0,0.34497201284580126
71,daily_wage_labourer,0,0.6871105603453669
72,domestic_worker,0,0.4082313602188609
73,street_vendor,0,0.40728550861777796
74,street_vendor,0,0.5035618088090472
75,street_vendor,0,0.6972164737735658
76,street_vendor,0,0.6942399441907737
77,gig_delivery,0,0.670314683983772
78,daily_wage_labourer,0,0.5575174166913204
79,gig_delivery,0,0.5450736161287706
80,gig_delivery,0,0.6468320851893979
81,daily_wage_labourer,0,0.6255815973903698
82,gig_delivery,0,0.8165805526669082
83,street_vendor,0,0.5665074413599458
84,street_vendor,0,0.566722171450527
85,street_vendor,0,0.5180190227168336
86,gig_delivery,0,0.7447698827596495
87,daily_wage_labourer,0,0.34730260947995806
88,street_vendor,1,0.6687096890527641
89,daily_wage_labourer,0,0.4727072753063019
90,street_vendor,0,0.39809674062104616
91,gig_delivery,0,0.5311435108247855
92,daily_wage_labourer,0,0.2973960495522102
93,daily_wage_labourer,0,0.6808244265341924
94,daily_wage_labourer,0,0.5610119535581491
95,gig_delivery,0,0.8841203569976455
96,daily_wage_labourer,0,0.4751992561820961
97,street_vendor,0,0.7309671167258345
98,street_vendor,0,0.7421929572338444
99,domestic_worker,0,0.3354331829372233
100,domestic_worker,0,0.4175833761282988
101,gig_delivery,0,0.5969526674384721
102,street_vendor,0,0.6648906958115596
103,domestic_worker,0,0.40563842251842896
104,gig_delivery,0,0.6482647414118684
105,gig_delivery,0,0.8078196113692642
106,daily_wage_labourer,0,0.6359055169997588
107,street_vendor,0,0.6957858577448754
108,street_vendor,0,0.5097477247886053
109,domestic_worker,0,0.37080612419896075
110,daily_wage_labourer,0,0.44970344005472224
111,street_vendor,0,0.45428548845112404
112,daily_wage_labourer,0,0.5749818051734115
113,daily_wage_labourer,0,0.32001062019290843
114,street_vendor,0,0.49507199919879324
115,domestic_worker,0,0.23144686542899268
116,gig_delivery,0,0.597799426959411
117,gig_delivery,0,0.625404302089765
118,daily_wage_labourer,0,0.5753872576642121
119,gig_delivery,0,0.8011886151135886
120,daily_wage_labourer,0,0.7397929345173397
121,gig_delivery,0,0.38261958023948184
122,street_vendor,0,0.3120972524262275
123,daily_wage_labourer,0,0.21737843996248513
124,street_vendor,0,0.620983168467401
125,daily_wage_labourer,1,0.4265660563682896
126,daily_wage_labourer,0,0.3101881221895149
127,street_vendor,0,0.527122524922252
128,street_vendor,0,0.4400765072159485
129,daily_wage_labourer,0,0.29477947583348096
130,street_vendor,0,0.5145850396132206
131,domestic_worker,0,0.36391491323379965
132,daily_wage_labourer,1,0.6543771712335743
133,daily_wage_labourer,1,0.532956807619917
134,daily_wage_labourer,0,0.44336546954650835
135,street_vendor,0,0.69486188215002
136,domestic_worker,0,0.39010675166789854
137,daily_wage_labourer,0,0.6396876836408398
138,gig_delivery,0,0.7825217022362131
139,street_vendor,0,0.5072819171671178
140,daily_wage_labourer,0,0.49615037498950415
141,daily_wage_labourer,0,0.6591521682661651
142,domestic_worker,0,0.3676919290447748
143,daily_wage_labourer,0,0.4752175246895319
144,daily_wage_labourer,0,0.3338066657504717
145,street_vendor,0,0.6060220099092105
146,daily_wage_labourer,1,0.36528607072664204
147,daily_wage_labourer,0,0.5062615014708791
148,daily_wage_labourer,0,0.6112157369215864
149,street_vendor,0,0.7830249517875402
150,gig_delivery,0,0.6647873478323454
151,domestic_worker,0,0.4520427943337978
152,street_vendor,0,0.5188880399856555
153,daily_wage_labourer,0,0.26420847312961165
154,street_vendor,0,0.6721211273955725
155,gig_delivery,0,0.5804659192861948
156,street_vendor,0,0.5867512406121981
157,gig_delivery,0,0.6433026732636614
158,gig_delivery,0,0.8397729762098867
159,gig_delivery,0,0.4081602697019524
160,street_vendor,0,0.7082429171412675
161,domestic_worker,0,0.41938305860301356
162,street_vendor,0,0.3959536259901583
163,street_vendor,0,0.505380963969036
164,daily_wage_labourer,0,0.1391950950793306
165,daily_wage_labourer,0,0.4252241903530603
166,gig_delivery,1,0.6955154470378938
167,gig_delivery,0,0.5605210834473505
168,daily_wage_labourer,0,0.25002029844032064
169,domestic_worker,0,0.4219327969565884
170,street_vendor,0,0.7489718812183418
171,daily_wage_labourer,0,0.8129892984570342
172,street_vendor,0,0.7181483940249582
173,domestic_worker,0,0.46714679923413477
174,street_vendor,1,0.2004982884994866
175,street_vendor,0,0.01
176,daily_wage_labourer,0,0.5219551746145983
177,domestic_worker,0,0.5121673985110918
178,domestic_worker,0,0.5428728291647091
179,gig_delivery,0,0.5022525121609789
180,domestic_worker,0,0.4517079848331704
181,domestic_worker,0,0.3341204577037508
182,daily_wage_labourer,0,0.532588302162807
183,daily_wage_labourer,0,0.5441215782814409
184,gig_delivery,0,0.6760955957970838
185,gig_delivery,0,0.921431996268184
186,daily_wage_labourer,0,0.7295619200643035
187,street_vendor,0,0.627935986941608
188,gig_delivery,0,0.20696851765006996
189,street_vendor,0,0.4400128024168972
190,domestic_worker,0,0.3077360530887217
191,street_vendor,0,0.2912851165328893
192,street_vendor,0,0.693939224958988
193,gig_delivery,0,0.5977237425208834
194,street_vendor,0,0.3360117710677475
195,street_vendor,0,0.4289976123610919
196,daily_wage_labourer,0,0.6457878195449566
197,domestic_worker,1,0.5788186864535911
198,street_vendor,0,0.5712950313272689
199,daily_wage_labourer,0,0.5802013383933136
200,gig_delivery,0,0.48813413268255423
201,domestic_worker,0,0.18502149700907622
202,daily_wage_labourer,0,0.5016399284584497
203,street_vendor,0,0.30642071416801725
204,street_vendor,0,0.6368269977863222
205,street_vendor,0,0.4850001482815638
206,street_vendor,0,0.6292121578890122
207,gig_delivery,0,0.04920731817354007
208,street_vendor,0,0.4132342782788502
209,daily_wage_labourer,0,0.5375683143317558
210,gig_delivery,0,0.6134417766011189
211,daily_wage_labourer,0,0.38716480428289896
212,street_vendor,0,0.4447842657682779
213,gig_delivery,0,0.6499240952757598
214,gig_delivery,0,0.5639768107636812
215,gig_delivery,0,0.8919733265478279
216,street_vendor,0,0.5694378637871095
217,street_vendor,0,0.7681869951965828
218,domestic_worker,0,0.6075436067298521
219,daily_wage_labourer,0,0.3584723533641307
220,daily_wage_labourer,0,0.27749892138723714
221,daily_wage_labourer,0,0.3578062113182988
222,gig_delivery,0,0.8931786441485378
223,domestic_worker,0,0.15488164539835142
224,street_vendor,0,0.4715512225230005
225,domestic_worker,0,0.5415969820962077
226,street_vendor,0,0.34731404768656654
227,daily_wage_labourer,0,0.37298286379775164
228,gig_delivery,0,0.5425672362434601
229,street_vendor,0,0.4896884296918936
230,street_vendor,0,0.6639639260639145
231,daily_wage_labourer,0,0.5915356221976485
232,domestic_worker,0,0.37510818096203313
233,daily_wage_labourer,0,0.22605843892265615
234,domestic_worker,0,0.540730351893709
235,gig_delivery,0,0.5967756768955962
236,daily_wage_labourer,0,0.5932972210340722
237,gig_delivery,0,0.11088117524307561
238,street_vendor,0,0.22205853878157417
239,street_vendor,0,0.587314015693577
240,gig_delivery,0,0.6622553826355505
241,gig_delivery,0,0.820067012438909
242,street_vendor,0,0.7683727334864842
243,daily_wage_labourer,0,0.36410970247562446
244,gig_delivery,0,0.7161400246595296
245,domestic_worker,0,0.4375242867736195
246,gig_delivery,0,0.3547481367603046
247,daily_wage_labourer,0,0.2995442575081875
248,daily_wage_labourer,0,0.3674763389972191
249,daily_wage_labourer,0,0.39079093977162677
250,gig_delivery,0,0.5612414350202072
251,domestic_worker,0,0.5840375562753297
252,daily_wage_labourer,0,0.35827374069326506
253,street_vendor,0,0.686265678683333
254,street_vendor,0,0.5212871284234663
255,gig_delivery,0,0.2760502139590366
256,gig_delivery,0,0.6931809550429171
257,street_vendor,0,0.740722583676178
258,street_vendor,0,0.3715204059260653
259,daily_wage_labourer,0,0.5251286625643079
260,street_vendor,0,0.5315979720009435
261,gig_delivery,0,0.5535160710139777
262,daily_wage_labourer,0,0.4273937556393916
263,street_vendor,0,0.6226320103148305
264,domestic_worker,0,0.2625342149989716
265,street_vendor,0,0.35563661487851106
266,street_vendor,0,0.25624580515110607
267,street_vendor,0,0.5728456980162904
268,street_vendor,0,0.4238487452990246
269,street_vendor,0,0.21059194540551573
270,street_vendor,0,0.5247009602801915
271,street_vendor,0,0.46972951408474806
272,street_vendor,0,0.4860943586656386
273,daily_wage_labourer,0,0.5033759678113942
274,gig_delivery,0,0.7866796601258236
275,daily_wage_labourer,0,0.5535151381006405
276,daily_wage_labourer,0,0.5037905538588215
277,daily_wage_labourer,0,0.49872006737095514
278,domestic_worker,0,0.48301343893969656
279,domestic_worker,0,0.62423401255175
280,street_vendor,0,0.583243120136647
281,street_vendor,0,0.4858607490790174
282,street_vendor,0,0.4299752845580811
283,street_vendor,0,0.4734621800129853
284,daily_wage_labourer,0,0.38572430934716045
285,daily_wage_labourer,0,0.2998484803621771
286,street_vendor,0,0.5812596694181518
287,daily_wage_labourer,0,0.7578685615886417
288,daily_wage_labourer,0,0.5484851085054652
289,street_vendor,0,0.3736297465112378
290,gig_delivery,0,0.427237413967439
291,street_vendor,0,0.01
292,domestic_worker,0,0.28271960548879493
293,street_vendor,0,0.389226023911337
294,gig_delivery,0,0.6947942442176834
295,domestic_worker,0,0.4665195938410244
296,domestic_worker,0,0.2603312049616595
297,gig_delivery,0,0.6321006987520051
298,gig_delivery,0,0.7210357086059755
299,gig_delivery,0,0.782059005942579
300,gig_delivery,0,0.7782777143840197
301,street_vendor,0,0.5365883234083307
302,daily_wage_labourer,0,0.24938358584562142
303,daily_wage_labourer,0,0.7386558205992638
304,domestic_worker,0,0.4566148646619836
305,daily_wage_labourer,0,0.45251780570956274
306,daily_wage_labourer,0,0.6134344778389895
307,gig_delivery,0,0.5268724298702026
308,street_vendor,0,0.835361709109936
309,street_vendor,0,0.37968578197432484
310,daily_wage_labourer,0,0.5533022743346452
311,daily_wage_labourer,0,0.4520703044155718
312,street_vendor,0,0.36587865704764555
313,daily_wage_labourer,0,0.5575165884736014
314,daily_wage_labourer,0,0.5285902804585852
315,daily_wage_labourer,0,0.49747070488383244
316,daily_wage_labourer,0,0.49103601732772734
317,gig_delivery,0,0.6156969343435764
318,street_vendor,0,0.4728674769415917
319,domestic_worker,0,0.5187791119550322
320,domestic_worker,0,0.057509279037785466
321,daily_wage_labourer,0,0.2572685419518665
322,daily_wage_labourer,0,0.4384260829209422
323,daily_wage_labourer,0,0.5602795683987661
324,gig_delivery,0,0.7422952272110757
325,gig_delivery,0,0.6057431931571421
326,gig_delivery,0,0.6186037580721679
327,daily_wage_labourer,0,0.2856486613083529
328,gig_delivery,0,0.7755092667228254
329,street_vendor,0,0.5033854593088027
330,gig_delivery,0,0.704543131637734
331,street_vendor,1,0.39166999280421777
332,gig_delivery,0,0.8390147529239919
333,domestic_worker,0,0.539179571018914
334,street_vendor,0,0.6634993554605679
335,gig_delivery,0,0.9191874097561855
336,street_vendor,0,0.37713630522370073
337,gig_delivery,0,0.4063235347122485
338,street_vendor,0,0.6421575135153126
339,domestic_worker,0,0.44820698834823497
340,street_vendor,0,0.2884791264474665
341,domestic_worker,0,0.5112476617021571
342,gig_delivery,0,0.5437304105613251
343,daily_wage_labourer,0,0.5689379052309713
344,gig_delivery,0,0.5849311921344857
345,gig_delivery,0,0.7151711984491959
346,domestic_worker,0,0.40610905587379725
347,street_vendor,0,0.6343555495429475
348,daily_wage_labourer,0,0.4869929117743431
349,street_vendor,0,0.1981863423458623
350,gig_delivery,0,0.7348399213254097
351,street_vendor,0,0.43288624897305006
352,daily_wage_labourer,0,0.7413751713257745
353,daily_wage_labourer,0,0.5346876389114024
354,daily_wage_labourer,0,0.47349211449336914
355,daily_wage_labourer,0,0.5810824893357315
356,gig_delivery,0,0.5213294503162381
357,gig_delivery,0,0.7641069489392318
358,daily_wage_labourer,0,0.5498633796850922
359,daily_wage_labourer,0,0.5624882689019484
360,domestic_worker,0,0.1276007687235594
361,street_vendor,0,0.7085843502824084
362,street_vendor,1,0.8093037431935707
363,street_vendor,0,0.6720770153854515
364,gig_delivery,0,0.6896899108812357
365,daily_wage_labourer,1,0.5729010047904
366,gig_delivery,0,0.6738369059480319
367,gig_delivery,0,0.49381198769957446
368,daily_wage_labourer,0,0.4758913003327186
369,domestic_worker,0,0.5799528512851173
370,gig_delivery,0,0.45816311273248156
371,street_vendor,1,0.7173087794033963
372,daily_wage_labourer,0,0.2699016226043567
373,daily_wage_labourer,0,0.3693798699670729
374,street_vendor,0,0.345563660881136
375,street_vendor,0,0.49179359384313703
376,domestic_worker,0,0.49086381934634943
377,daily_wage_labourer,0,0.4419926432041306
378,daily_wage_labourer,1,0.34051659061303663
379,gig_delivery,0,0.6345229071617912
380,daily_wage_labourer,0,0.14701327266340902
381,domestic_worker,0,0.4663628019651022
382,gig_delivery,0,0.6750196828543957
383,daily_wage_labourer,0,0.41634821354244933
384,daily_wage_labourer,0,0.46550648058825206
385,domestic_worker,1,0.35786368877329533
386,gig_delivery,0,0.7706186303931774
387,domestic_worker,0,0.31989893131569125
388,street_vendor,0,0.14037471577922872
389,domestic_worker,0,0.2906589466400511
390,gig_delivery,0,0.6015108371314608
391,street_vendor,0,0.4243853531842095
392,daily_wage_labourer,0,0.4341635317619767
393,gig_delivery,0,0.6503526573230979
394,street_vendor,0,0.524538501741281
395,daily_wage_labourer,0,0.30704836333318775
396,gig_delivery,0,0.6941459356640493
397,street_vendor,0,0.654893637878554
398,daily_wage_labourer,0,0.01
399,daily_wage_labourer,0,0.029007223172582586
400,daily_wage_labourer,0,0.3501373034532126
401,domestic_worker,0,0.6710197278413395
402,gig_delivery,0,0.8588934448852205
403,street_vendor,0,0.6445560992392093
404,domestic_worker,0,0.09642847388082398
405,domestic_worker,0,0.5820037707472998
406,street_vendor,0,0.6033698536881147
407,gig_delivery,0,0.7695421565543766
408,street_vendor,0,0.26175946918608084
409,domestic_worker,0,0.5573732314278386
410,gig_delivery,0,0.5733685540212615
411,gig_delivery,0,0.8909418049585358
412,street_vendor,0,0.6248511225544326
413,domestic_worker,0,0.32525584104437005
414,street_vendor,0,0.6169155184249728
415,street_vendor,0,0.4324585481109636
416,street_vendor,1,0.5881213566857219
417,gig_delivery,0,0.862069185303067
418,street_vendor,0,0.36666090871456025
419,domestic_worker,0,0.4927794241731949
420,gig_delivery,0,0.5948324663049737
421,street_vendor,0,0.37903950651560125
422,street_vendor,0,0.5805889782724709
423,street_vendor,0,0.6687162095644594
424,gig_delivery,0,0.7911308913983609
425,gig_delivery,0,0.5764211324431131
426,street_vendor,0,0.43012204582298047
427,gig_delivery,0,0.6657671471344082
428,street_vendor,0,0.5107851399052
429,gig_delivery,0,0.603413955365416
430,domestic_worker,0,0.30010654044238533
431,gig_delivery,0,0.6960598396914113
432,gig_delivery,0,0.6851765680997638
433,gig_delivery,0,0.6592721803789847
434,street_vendor,0,0.5195503306091998
435,street_vendor,0,0.5400433981418772
436,street_vendor,0,0.5567258323087824
437,daily_wage_labourer,0,0.35173696393846227
438,gig_delivery,0,0.8816976891990075
439,gig_delivery,0,0.736588116292546
440,domestic_worker,0,0.478000329239509
441,street_vendor,0,0.8588861935660662
442,gig_delivery,0,0.5915914785784934
443,street_vendor,0,0.37932034883648524
444,street_vendor,0,0.3363751564209585
445,gig_delivery,1,0.8611375731799973
446,domestic_worker,0,0.03943793158798581
447,gig_delivery,0,0.6780898693599431
448,street_vendor,0,0.49871656030608547
449,gig_delivery,0,0.7262594317298093
450,street_vendor,0,0.13669117594909985
451,domestic_worker,1,0.34881607200895676
452,gig_delivery,0,0.5475369206421923
453,street_vendor,0,0.5996667106028726
454,street_vendor,0,0.41150977119214605
455,street_vendor,0,0.5190246362626215
456,domestic_worker,0,0.1251794992529079
457,daily_wage_labourer,0,0.4870779753831416
458,gig_delivery,0,0.39930069515213185
459,gig_delivery,0,0.7603301669393745
460,daily_wage_labourer,0,0.49834518054295446
461,street_vendor,0,0.16202419701867932
462,domestic_worker,0,0.4826379246886198
463,daily_wage_labourer,0,0.6200890853101004
464,daily_wage_labourer,0,0.199020332153994
465,gig_delivery,1,0.7555373496318006
466,gig_delivery,0,0.4410912327085208
467,domestic_worker,0,0.2645814166388829
468,street_vendor,0,0.4719581939400741
469,daily_wage_labourer,0,0.13152854070768233
470,daily_wage_labourer,1,0.6168717253510687
471,daily_wage_labourer,0,0.45908292046125765
472,street_vendor,0,0.6003124831827538
473,street_vendor,1,0.7831023390745817
474,street_vendor,0,0.6124630033569302
475,daily_wage_labourer,0,0.2368707546555378
476,daily_wage_labourer,0,0.6465414246239467
477,gig_delivery,0,0.3181886740818305
478,gig_delivery,0,0.7337830334949843
479,daily_wage_labourer,0,0.43105174175435823
480,daily_wage_labourer,0,0.5606878464551966
481,street_vendor,1,0.29425276938767286
482,daily_wage_labourer,0,0.4208638034146081
483,daily_wage_labourer,0,0.5287463228543716
484,street_vendor,1,0.3981401907726319
485,daily_wage_labourer,1,0.6043386123261911
486,daily_wage_labourer,0,0.6128430327671176
487,street_vendor,0,0.381993697741282
488,daily_wage_labourer,0,0.42938562074405545
489,daily_wage_labourer,0,0.6309345895694943
490,gig_delivery,1,0.6838221667472851
491,gig_delivery,0,0.769709156768715
492,gig_delivery,0,0.8621134743488083
493,daily_wage_labourer,0,0.5017988538172212
494,gig_delivery,0,0.6608040438217623
495,daily_wage_labourer,0,0.5801473671242278
496,daily_wage_labourer,0,0.5969280718829293
497,gig_delivery,0,0.7401353059105314
498,daily_wage_labourer,0,0.31723839757695926
499,daily_wage_labourer,0,0.2961873738993793
500,gig_delivery,0,0.5128884331116168
501,domestic_worker,0,0.6229684974874228
502,domestic_worker,0,0.2609714567518616
503,daily_wage_labourer,0,0.548739798163513
504,daily_wage_labourer,0,0.32809753966319755
505,gig_delivery,0,0.6073521546420539
506,daily_wage_labourer,0,0.2659988318871274
507,gig_delivery,0,0.5980614552361541
508,daily_wage_labourer,0,0.34927722607996997
509,street_vendor,0,0.5824795034087599
510,street_vendor,1,0.5915537034348739
511,gig_delivery,0,0.7602434679932243
512,street_vendor,0,0.5802971495241341
513,street_vendor,0,0.6751427321585285
514,daily_wage_labourer,0,0.01
515,street_vendor,0,0.45251434844291377
516,daily_wage_labourer,0,0.43632827590807677
517,gig_delivery,0,0.6624072871710096
518,street_vendor,0,0.6395583073220206
519,gig_delivery,0,0.769859512584217
520,domestic_worker,0,0.3246277419689195
521,daily_wage_labourer,1,0.31489965228304595
522,street_vendor,0,0.537330155598802
523,gig_delivery,0,0.5232891553248091
524,street_vendor,0,0.49189561459708186
525,daily_wage_labourer,0,0.4512957548272549
526,domestic_worker,0,0.3989254450750846
527,domestic_worker,0,0.2610354839764374
528,gig_delivery,0,0.9038845088115953
529,daily_wage_labourer,0,0.6862800075873025
530,gig_delivery,0,0.46429207265928263
531,gig_delivery,0,0.8938113399479702
532,daily_wage_labourer,1,0.2403679169280501
533,gig_delivery,0,0.6435850346968777
534,street_vendor,0,0.46629258057956396
535,street_vendor,0,0.410795606354159
536,daily_wage_labourer,0,0.24350221842529368
537,street_vendor,0,0.2124455530122851
538,street_vendor,0,0.3514293564721989
539,gig_delivery,0,0.5112693726989624
540,domestic_worker,0,0.47696723008905934
541,daily_wage_labourer,0,0.340601961839797
542,gig_delivery,0,0.5174496541520787
543,domestic_worker,0,0.6972301715946649
544,street_vendor,0,0.47820357814209025
545,daily_wage_labourer,0,0.6593942884686624
546,daily_wage_labourer,0,0.4010169947995697
547,street_vendor,0,0.46389631431597095
548,gig_delivery,0,0.8370477900095773
549,daily_wage_labourer,0,0.5294483732978961
550,daily_wage_labourer,0,0.3563425629373448
551,street_vendor,0,0.5799917694063758
552,street_vendor,0,0.6075974708277609
553,domestic_worker,0,0.3678121018450105
554,street_vendor,0,0.3562806111134581
555,street_vendor,0,0.6363804361706588
556,street_vendor,0,0.6276149566302085
557,daily_wage_labourer,0,0.6040008760607228
558,daily_wage_labourer,0,0.514374863016532
559,daily_wage_labourer,0,0.48780454471223583
560,street_vendor,0,0.39133138052136235
561,street_vendor,0,0.6998065013947762
562,gig_delivery,0,0.6809925936249467
563,gig_delivery,0,0.5235090054602327
564,gig_delivery,0,0.3804434427316893
565,gig_delivery,0,0.5708906174300099
566,gig_delivery,0,0.6216543646460186
567,street_vendor,0,0.39632288428749984
568,daily_wage_labourer,0,0.44237271655918875
569,daily_wage_labourer,0,0.5272008725611158
570,daily_wage_labourer,1,0.3566054940614754
571,gig_delivery,0,0.34076787156501454
572,daily_wage_labourer,0,0.4085145882468094
573,gig_delivery,0,0.5412682217932029
574,domestic_worker,0,0.2876397270219629
575,daily_wage_labourer,0,0.3938525606099466
576,domestic_worker,0,0.48629011020913626
577,daily_wage_labourer,0,0.2820895659312808
578,domestic_worker,0,0.44461549714967286
579,daily_wage_labourer,0,0.5070130106824128
580,daily_wage_labourer,0,0.5409604824119156
581,daily_wage_labourer,0,0.5530185252783422
582,street_vendor,0,0.5750443245389376
583,daily_wage_labourer,0,0.5592225687286858
584,domestic_worker,0,0.325451795110678
585,gig_delivery,0,0.5491793123680059
586,street_vendor,0,0.4681034849242592
587,daily_wage_labourer,0,0.45164024558830035
588,street_vendor,0,0.42805890275186
589,street_vendor,0,0.370089884126652
590,domestic_worker,0,0.2242162814589126
591,daily_wage_labourer,0,0.5838883750149848
592,daily_wage_labourer,0,0.4502390444321906
593,daily_wage_labourer,0,0.4918999910644921
594,street_vendor,0,0.6866159684917047
595,street_vendor,0,0.7918153781503471
596,gig_delivery,0,0.8094341693652579
597,gig_delivery,1,0.49164862132276865
598,domestic_worker,0,0.4855526285164304
599,gig_delivery,0,0.8882157479361599
600,daily_wage_labourer,0,0.5154218470465363
601,gig_delivery,0,0.7267489733962884
602,domestic_worker,0,0.241319416093379
603,gig_delivery,0,0.6911739857892374
604,domestic_worker,0,0.4726507846803277
605,gig_delivery,0,0.6754324561865227
606,domestic_worker,0,0.3145636784500593
607,street_vendor,0,0.5167564324193318
608,gig_delivery,1,0.6315218011133658
609,daily_wage_labourer,0,0.6473705412500702
610,daily_wage_labourer,0,0.16473815092790045
611,gig_delivery,1,0.6633042524273982
612,domestic_worker,0,0.40927294784028784
613,domestic_worker,0,0.632652018911916
614,street_vendor,0,0.5272584562045041
615,gig_delivery,0,0.7721768758041716
616,gig_delivery,0,0.7339045015071907
617,daily_wage_labourer,0,0.44454176644139265
618,street_vendor,0,0.6481581916257877
619,street_vendor,0,0.7577347836137361
620,gig_delivery,0,0.7394566092386889
621,daily_wage_labourer,0,0.537435433964756
622,domestic_worker,0,0.5275365730717372
623,daily_wage_labourer,0,0.466439727379911
624,domestic_worker,0,0.4918306189519264
625,daily_wage_labourer,0,0.32065924960979963
626,gig_delivery,0,0.7626166442448269
627,street_vendor,0,0.8363141880323045
628,daily_wage_labourer,0,0.48145978192971584
629,gig_delivery,0,0.6735083131603222
630,domestic_worker,0,0.6407441956422408
631,gig_delivery,0,0.4861190526994019
632,street_vendor,0,0.5344646424345645
633,daily_wage_labourer,0,0.4435980161808807
634,street_vendor,0,0.6317175955598181
635,street_vendor,0,0.4550614794528072
636,gig_delivery,0,0.7376690617136082
637,gig_delivery,0,0.9206133394718164
638,gig_delivery,0,0.8991310857330858
639,domestic_worker,0,0.5803045997469922
640,gig_delivery,0,0.5493750134534907
641,gig_delivery,1,0.6958108873472802
642,street_vendor,0,0.3106132907162432
643,street_vendor,0,0.24224835829741947
644,gig_delivery,0,0.4423841495823131
645,domestic_worker,0,0.29773616045949924
646,street_vendor,0,0.5190204447365432
647,daily_wage_labourer,0,0.43401313669781144
648,gig_delivery,0,0.46839192608406444
649,street_vendor,0,0.5447624238823684
650,daily_wage_labourer,0,0.4683086560546305
651,domestic_worker,0,0.35403234010573614
652,gig_delivery,0,0.7653604469400922
653,street_vendor,0,0.5820710156840824
654,domestic_worker,0,0.46056579536498216
655,daily_wage_labourer,0,0.47863052071918205
656,domestic_worker,0,0.5450318075167915
657,street_vendor,0,0.7332680989416606
658,daily_wage_labourer,0,0.45996414557729465
659,daily_wage_labourer,0,0.3937777849664316
660,street_vendor,0,0.3093608984928141
661,domestic_worker,0,0.22246677872700182
662,street_vendor,0,0.7065658690398897
663,street_vendor,0,0.5826969573314592
664,daily_wage_labourer,0,0.33880076370307116
665,gig_delivery,0,0.835763430778783
666,gig_delivery,0,0.30474583652758996
667,domestic_worker,0,0.01
668,street_vendor,0,0.539464687354805
669,daily_wage_labourer,0,0.46745924966909524
670,street_vendor,0,0.4421735179806169
671,daily_wage_labourer,0,0.5538761610996009
672,domestic_worker,0,0.03989633611394389
673,gig_delivery,0,0.6522317485088549
674,daily_wage_labourer,0,0.5706541366110801
675,daily_wage_labourer,0,0.5227805546924964
676,domestic_worker,0,0.40043938146887087
677,daily_wage_labourer,0,0.4515434513910171
678,street_vendor,0,0.8257817913433972
679,daily_wage_labourer,0,0.2979959924094314
680,street_vendor,0,0.5504097787285505
681,street_vendor,0,0.5072861956431974
682,street_vendor,0,0.3853636683147881
683,daily_wage_labourer,0,0.3721720363096549
684,gig_delivery,0,0.5245166001496886
685,daily_wage_labourer,0,0.3702591170481241
686,daily_wage_labourer,0,0.5329933448848143
687,domestic_worker,0,0.5591834626732024
688,gig_delivery,0,0.48969434042047
689,daily_wage_labourer,0,0.59254469865685
690,street_vendor,0,0.6020685303850709
691,domestic_worker,0,0.38459595473595787
692,street_vendor,0,0.5503879198923342
693,daily_wage_labourer,0,0.28920735541754355
694,domestic_worker,0,0.37867421265676326
695,daily_wage_labourer,0,0.3197474988257182
696,gig_delivery,0,0.32507411299198385
697,daily_wage_labourer,0,0.4864512636717954
698,gig_delivery,0,0.38296485707288375
699,street_vendor,0,0.11891751668631662
700,street_vendor,0,0.45037749897476365
701,daily_wage_labourer,0,0.4302928615646429
702,street_vendor,0,0.3657357658232596
703,domestic_worker,0,0.2529252138606656
704,street_vendor,0,0.8076505612551442
705,daily_wage_labourer,0,0.3843096172454686
706,gig_delivery,0,0.21598567363321014
707,gig_delivery,0,0.5614500364651334
708,daily_wage_labourer,0,0.537390376562292
709,daily_wage_labourer,0,0.5714436373563857
710,domestic_worker,0,0.3488052962565316
711,gig_delivery,0,0.5112200168143942
712,gig_delivery,0,0.885910975130593
713,domestic_worker,0,0.39692669793034896
714,gig_delivery,0,0.47913487362490625
715,street_vendor,0,0.0107917679399257
716,daily_wage_labourer,0,0.4852776960618972
717,street_vendor,0,0.6243544315856479
718,gig_delivery,0,0.7053849309120644
719,domestic_worker,0,0.2700229738393726
720,daily_wage_labourer,0,0.3860120570911972
721,daily_wage_labourer,0,0.6713515491052551
722,street_vendor,0,0.38580744361537234
723,domestic_worker,0,0.5116773240560881
724,street_vendor,0,0.3467751951199566
725,street_vendor,0,0.4488146391565059
726,street_vendor,1,0.585670189530038
727,street_vendor,0,0.5375172901261562
728,daily_wage_labourer,0,0.4891039514930031
729,daily_wage_labourer,0,0.4116097738893773
730,daily_wage_labourer,0,0.3933054806711935
731,street_vendor,0,0.5529130022730415
732,street_vendor,0,0.558148062405142
733,daily_wage_labourer,0,0.5488666515877607
734,street_vendor,0,0.4510919960013684
735,gig_delivery,1,0.5174429209077
736,street_vendor,0,0.605561408478865
737,daily_wage_labourer,0,0.3702029988352323
738,daily_wage_labourer,0,0.5651019707827619
739,daily_wage_labourer,0,0.31965601814739075
740,street_vendor,0,0.74969898815891
741,street_vendor,0,0.558290916457922
742,domestic_worker,0,0.39995706045281976
743,street_vendor,0,0.5263279703773152
744,daily_wage_labourer,0,0.48074860687054644
745,daily_wage_labourer,0,0.21669118494371942
746,daily_wage_labourer,0,0.2374572898563253
747,daily_wage_labourer,0,0.21668369533504106
748,gig_delivery,0,0.9697488300184877
749,gig_delivery,0,0.6815018344393314
750,street_vendor,0,0.6195968043373787
751,daily_wage_labourer,0,0.5707059769206763
752,street_vendor,0,0.5289793404846109
753,daily_wage_labourer,0,0.5453120652374638
754,gig_delivery,0,0.8378003147091219
755,street_vendor,0,0.6438268508594828
756,daily_wage_labourer,0,0.38302089712580084
757,domestic_worker,0,0.3761064479974872
758,street_vendor,0,0.43797377339093835
759,daily_wage_labourer,0,0.31798244958070465
760,gig_delivery,0,0.7481333165536669
761,street_vendor,0,0.42866125449171716
762,street_vendor,0,0.5849071263116774
763,street_vendor,0,0.7508569251291933
764,domestic_worker,1,0.3090188906673961
765,street_vendor,0,0.3919556789462084
766,street_vendor,0,0.42501815496624584
767,street_vendor,0,0.5881480018717368
768,street_vendor,0,0.23378928075828043
769,gig_delivery,0,0.745935144586997
770,street_vendor,0,0.4311357634588744
771,daily_wage_labourer,0,0.42274406347963844
772,daily_wage_labourer,0,0.5602303500413952
773,gig_delivery,0,0.4218956826375012
774,street_vendor,0,0.5273859113338168
775,domestic_worker,0,0.505668185477905
776,gig_delivery,0,0.4979377023664663
777,street_vendor,0,0.5184115469772865
778,gig_delivery,0,0.757012690555738
779,domestic_worker,0,0.6564832582873878
780,street_vendor,0,0.4221373202459556
781,domestic_worker,0,0.6895028211936689
782,daily_wage_labourer,0,0.01
783,gig_delivery,0,0.4296678997422565
784,domestic_worker,0,0.6082698561714917
785,daily_wage_labourer,0,0.2827349888221692
786,gig_delivery,0,0.5057938984636164
787,daily_wage_labourer,0,0.01
788,gig_delivery,0,0.5527793534295711
789,gig_delivery,0,0.5770045476307086
790,street_vendor,0,0.4147951679694064
791,daily_wage_labourer,0,0.41249760688296233
792,daily_wage_labourer,1,0.39464737257175725
793,street_vendor,0,0.6052913006529194
794,street_vendor,0,0.5322146445248608
795,daily_wage_labourer,0,0.5606467165400592
796,street_vendor,0,0.504966220613793
797,street_vendor,0,0.5691692594251339
798,gig_delivery,0,0.5229336885029684
799,gig_delivery,0,0.6177698887015832
800,gig_delivery,0,0.8179252190573808
801,daily_wage_labourer,0,0.5182325255267136
802,domestic_worker,0,0.6119926857669264
803,daily_wage_labourer,0,0.5904763037027201
804,street_vendor,0,0.6455878429786304
805,street_vendor,0,0.7634505849682857
806,gig_delivery,0,0.5550893049310147
807,street_vendor,0,0.40952258863396857
808,daily_wage_labourer,0,0.38703158820001365
809,domestic_worker,0,0.2262530867942566
810,street_vendor,0,0.7939406583255085
811,street_vendor,0,0.4224466750225131
812,domestic_worker,0,0.3211630582247106
813,daily_wage_labourer,0,0.6678494823895746
814,street_vendor,0,0.604212468326075
815,domestic_worker,1,0.5072262423417241
816,domestic_worker,0,0.48173500750030784
817,daily_wage_labourer,0,0.23298180972820176
818,gig_delivery,0,0.8170671229498169
819,street_vendor,0,0.6318091170133887
820,street_vendor,0,0.507126086614059
821,daily_wage_labourer,0,0.4877557330071855
822,street_vendor,0,0.49035324495140736
823,gig_delivery,0,0.5291496808724087
824,gig_delivery,0,0.6428955482428568
825,street_vendor,0,0.366538287617571
826,daily_wage_labourer,0,0.35432185330182825
827,street_vendor,0,0.5943462561060149
828,domestic_worker,0,0.4051931424172455
829,street_vendor,0,0.563926338602742
830,gig_delivery,0,0.7189843851521232
831,daily_wage_labourer,0,0.5971943850455456
832,daily_wage_labourer,0,0.41303836573378405
833,gig_delivery,0,0.5323148379306173
834,gig_delivery,0,0.6195456927606342
835,daily_wage_labourer,0,0.5366090664311823
836,gig_delivery,0,0.7357389318803452
837,domestic_worker,0,0.6769155973171914
838,daily_wage_labourer,0,0.5169614729008111
839,daily_wage_labourer,0,0.404069478077204
840,street_vendor,0,0.38652634112101736
841,gig_delivery,0,0.5497663616603204
842,daily_wage_labourer,0,0.5822322855723968
843,daily_wage_labourer,0,0.5024396019726788
844,street_vendor,0,0.11722936081983604
845,domestic_worker,0,0.3960934980422793
846,daily_wage_labourer,0,0.4090515229177952
847,gig_delivery,0,0.7887792655938717
848,street_vendor,0,0.3058366721559393
849,domestic_worker,0,0.5728208338041265
850,street_vendor,0,0.617995023313265
851,street_vendor,0,0.40638133156096967
852,domestic_worker,0,0.20994158053239104
853,domestic_worker,0,0.46831760624964375
854,street_vendor,0,0.6225840162018987
855,daily_wage_labourer,0,0.2927306844452551
856,gig_delivery,0,0.39923968727786807
857,domestic_worker,0,0.4614346108741711
858,daily_wage_labourer,1,0.2715786760197241
859,daily_wage_labourer,0,0.5620250903961196
860,gig_delivery,0,0.6195154979444891
861,gig_delivery,1,0.9075355484014426
862,gig_delivery,0,0.6740423557338114
863,daily_wage_labourer,0,0.6820979627973569
864,street_vendor,0,0.49165830889061557
865,domestic_worker,0,0.35288171450883377
866,domestic_worker,0,0.5525393296776451
867,gig_delivery,0,0.5678897659727734
868,street_vendor,0,0.48572179770611645
869,street_vendor,0,0.718367104301405
870,gig_delivery,0,0.3607709780533949
871,street_vendor,0,0.4702003692385549
872,domestic_worker,0,0.4357419902349662
873,daily_wage_labourer,0,0.6198724760826443
874,gig_delivery,0,0.5964568230507257
875,domestic_worker,0,0.4097124614709021
876,daily_wage_labourer,0,0.36335820915680406
877,daily_wage_labourer,0,0.5146278307172749
878,gig_delivery,0,0.4822793596984192
879,daily_wage_labourer,0,0.31846223592064865
880,daily_wage_labourer,0,0.395125320318791
881,gig_delivery,0,0.7415068085907265
882,domestic_worker,0,0.3404867994650548
883,daily_wage_labourer,0,0.6430445553029506
884,street_vendor,0,0.621274626224295
885,daily_wage_labourer,0,0.5358414585521363
886,daily_wage_labourer,0,0.166264518555303
887,street_vendor,0,0.27625744706636
888,street_vendor,1,0.41082266538778867
889,gig_delivery,0,0.7010019677147706
890,daily_wage_labourer,0,0.4366895884056285
891,domestic_worker,0,0.38529329599150314
892,street_vendor,0,0.7549626092729859
893,street_vendor,0,0.3959340888990672
894,gig_delivery,0,0.7516027150697745
895,domestic_worker,0,0.5754312101001351
896,street_vendor,0,0.590394984436967
897,street_vendor,0,0.5340341932281114
898,street_vendor,0,0.7065201103618605
899,daily_wage_labourer,0,0.45920484589474525
900,daily_wage_labourer,0,0.46896125064134403
901,street_vendor,0,0.4403035795729125
902,street_vendor,0,0.3067353073856288
903,daily_wage_labourer,0,0.4932007228285003
904,domestic_worker,0,0.5002061202835714
905,gig_delivery,0,0.6394762995973498
906,daily_wage_labourer,0,0.44666512269320574
907,street_vendor,0,0.45611890629008334
908,street_vendor,0,0.5504426240859458
909,street_vendor,0,0.5064162499465645
910,gig_delivery,0,0.7223360594924058
911,domestic_worker,0,0.5293694825144151
912,domestic_worker,0,0.29238998731523974
913,domestic_worker,0,0.30554219765660384
914,domestic_worker,1,0.48413833974365955
915,domestic_worker,0,0.23241967338609953
916,street_vendor,0,0.4123172775761594
917,street_vendor,0,0.47071028009127247
918,daily_wage_labourer,0,0.18453641257936085
919,daily_wage_labourer,0,0.5465894816508783
920,street_vendor,0,0.6407445943147236
921,gig_delivery,0,0.49094493903451897
922,gig_delivery,0,0.6128273155093028
923,daily_wage_labourer,0,0.37984418503230744
924,street_vendor,0,0.4287290093235059
925,street_vendor,0,0.06876648136665842
926,street_vendor,0,0.5994436693218922
927,domestic_worker,0,0.459978709554908
928,daily_wage_labourer,0,0.277054055768052
929,gig_delivery,0,0.6193099226766182
930,street_vendor,0,0.8352300631030375
931,daily_wage_labourer,0,0.5792123022488237
932,daily_wage_labourer,0,0.25351648361137397
933,gig_delivery,1,0.4701349729482186
934,gig_delivery,0,0.5917664070273563
935,street_vendor,0,0.5132302578795165
936,domestic_worker,0,0.023733904813705464
937,street_vendor,0,0.3978529687616126
938,domestic_worker,0,0.4736778404905451
939,street_vendor,0,0.32995872596104403
940,street_vendor,1,0.2764839667426735
941,gig_delivery,0,0.6014671732232119
942,street_vendor,0,0.33094345343306647
943,daily_wage_labourer,0,0.45670651894150877
944,daily_wage_labourer,0,0.2960705732308232
945,street_vendor,0,0.34065296475524676
946,gig_delivery,0,0.7588912867639447
947,domestic_worker,0,0.49610792558550243
948,domestic_worker,0,0.6659718201324152
949,daily_wage_labourer,0,0.5935074013683791
950,daily_wage_labourer,0,0.6173958252820474
951,street_vendor,0,0.6186630079037085
952,street_vendor,0,0.6848167338637511
953,street_vendor,0,0.49997379976988937
954,domestic_worker,0,0.34738036348807216
955,domestic_worker,0,0.29260444995374635
956,gig_delivery,0,0.4201263676318312
957,daily_wage_labourer,0,0.5081395641016445
958,daily_wage_labourer,0,0.6045807274821896
959,daily_wage_labourer,0,0.3313381478668545
960,daily_wage_labourer,0,0.32815681674591896
961,daily_wage_labourer,0,0.5571491785973327
962,street_vendor,0,0.36219265301754644
963,street_vendor,0,0.5523153696998103
964,domestic_worker,0,0.44208954908857095
965,daily_wage_labourer,0,0.37644147180855336
966,domestic_worker,0,0.5086418895012805
967,street_vendor,0,0.35101562514133533
968,daily_wage_labourer,0,0.21729196396356926
969,street_vendor,0,0.5201744014439598
970,street_vendor,0,0.4763640992628152
971,street_vendor,0,0.5016331732017254
972,street_vendor,0,0.5472567151549714
973,domestic_worker,0,0.32358561446737377
974,daily_wage_labourer,0,0.05634275713410081
975,gig_delivery,0,0.7677918444780439
976,daily_wage_labourer,0,0.6998211643112247
977,daily_wage_labourer,0,0.5582707168396175
978,daily_wage_labourer,0,0.4789647945311099
979,street_vendor,0,0.7967755197278726
980,domestic_worker,0,0.6358983832087435
981,gig_delivery,1,0.9150258854114529
982,gig_delivery,0,0.512178279895742
983,daily_wage_labourer,0,0.3662585352742702
984,street_vendor,0,0.23238609977107333
985,domestic_worker,0,0.5491211164562257
986,daily_wage_labourer,0,0.5977817437047283
987,street_vendor,0,0.6358745652989651
988,daily_wage_labourer,0,0.6477755780758071
989,gig_delivery,1,0.648367835234145
990,gig_delivery,0,0.1852632598911378
991,gig_delivery,0,0.4492645365290324
992,gig_delivery,0,0.5518830895717493
993,street_vendor,0,0.7099361900216261
994,domestic_worker,0,0.42959506637620043
995,daily_wage_labourer,0,0.5149386693012535
996,gig_delivery,0,0.6348930960082931
997,street_vendor,0,0.5414954543434503
998,domestic_worker,0,0.29554605262312655
999,street_vendor,0,0.3925216752683904
1000,street_vendor,0,0.5913645509429954
1001,daily_wage_labourer,0,0.5263406531107377
1002,street_vendor,0,0.5629427305292861
1003,street_vendor,0,0.1212770198209332
1004,gig_delivery,0,0.7155049475623735
1005,daily_wage_labourer,0,0.4933719118468702
1006,domestic_worker,0,0.535318588560398
1007,daily_wage_labourer,0,0.5040991084236411
1008,gig_delivery,0,0.7398545255066311
1009,daily_wage_labourer,0,0.6294312685250999
1010,gig_delivery,1,0.7026755100786705
1011,daily_wage_labourer,0,0.4518268470266524
1012,daily_wage_labourer,1,0.41413155965635834
1013,domestic_worker,0,0.4429895242989332
1014,daily_wage_labourer,0,0.07131218916492171
1015,street_vendor,0,0.4877546826264915
1016,gig_delivery,0,0.8302625357039434
1017,gig_delivery,0,0.666648446431832
1018,street_vendor,0,0.7355189750645308
1019,daily_wage_labourer,0,0.4686241831468219
1020,domestic_worker,1,0.5822693645866708
1021,gig_delivery,0,0.4721813395165635
1022,domestic_worker,0,0.3891617235574401
1023,daily_wage_labourer,0,0.24945680145803506
1024,gig_delivery,0,0.6874871494089337
1025,daily_wage_labourer,0,0.38345559173771127
1026,domestic_worker,0,0.27312203072937946
1027,daily_wage_labourer,0,0.3644066534072103
1028,gig_delivery,0,0.7880156693186128
1029,daily_wage_labourer,0,0.4758355666005169
1030,daily_wage_labourer,0,0.29845778445045057
1031,gig_delivery,0,0.3898308571663528
1032,daily_wage_labourer,0,0.41510716550428156
1033,domestic_worker,0,0.4945457764638887
1034,daily_wage_labourer,1,0.15258859883997894
1035,gig_delivery,0,0.5993593579388408
1036,daily_wage_labourer,0,0.5187539721440639
1037,daily_wage_labourer,0,0.4322531484263606
1038,daily_wage_labourer,0,0.6995946100526398
1039,street_vendor,0,0.4520437273139244
1040,street_vendor,0,0.5171338808346762
1041,gig_delivery,0,0.5652440612126918
1042,gig_delivery,0,0.313886922800606
1043,gig_delivery,0,0.7623682268948179
1044,street_vendor,0,0.7959478969739461
1045,daily_wage_labourer,0,0.14676832758626632
1046,street_vendor,0,0.5671926315306218
1047,gig_delivery,0,0.5004964959359256
1048,domestic_worker,0,0.38629867195791195
1049,street_vendor,0,0.555529971544442
1050,gig_delivery,0,0.5844645553999476
1051,street_vendor,0,0.4831373954678895
1052,street_vendor,0,0.4949428820083629
1053,street_vendor,0,0.6745432855191925
1054,street_vendor,0,0.536217947026389
1055,gig_delivery,0,0.7799102422418659
1056,domestic_worker,0,0.30797566635765317
1057,street_vendor,0,0.6657784200736282
1058,daily_wage_labourer,0,0.29987706495601935
1059,gig_delivery,0,0.8547836157006709
1060,domestic_worker,0,0.15300380676900271
1061,gig_delivery,0,0.7499779312151693
1062,street_vendor,0,0.4885252542599351
1063,gig_delivery,0,0.4173110140798943
1064,daily_wage_labourer,0,0.689752002620011
1065,domestic_worker,1,0.44033836079440947
1066,daily_wage_labourer,0,0.23110723006449152
1067,gig_delivery,0,0.5957675297186615
1068,street_vendor,0,0.8240078631488782
1069,daily_wage_labourer,0,0.5954599878546675
1070,domestic_worker,0,0.3469022413448181
1071,gig_delivery,0,0.6073978731188757
1072,daily_wage_labourer,0,0.49409966537183414
1073,domestic_worker,0,0.49249171551117527
1074,domestic_worker,0,0.31806043514888804
1075,daily_wage_labourer,1,0.25263072981027884
1076,daily_wage_labourer,0,0.374459465785947
1077,daily_wage_labourer,0,0.7251884989465583
1078,gig_delivery,0,0.3972511435317324
1079,daily_wage_labourer,0,0.4134731069318706
1080,street_vendor,1,0.10121007328167986
1081,domestic_worker,0,0.3617915695569138
1082,domestic_worker,0,0.40947664026014413
1083,gig_delivery,0,0.8609726666943404
1084,domestic_worker,0,0.3565437581135975
1085,gig_delivery,0,0.5793903403987835
1086,gig_delivery,0,0.8625774566626249
1087,gig_delivery,0,0.3780455165047904
1088,daily_wage_labourer,1,0.4332519105665202
1089,daily_wage_labourer,0,0.7304785718126694
1090,street_vendor,0,0.4028260718089741
1091,gig_delivery,0,0.562750170685524
1092,street_vendor,0,0.4704813803087444
1093,street_vendor,0,0.2956218825234787
1094,daily_wage_labourer,0,0.5178384279527026
1095,daily_wage_labourer,0,0.5826558701005747
1096,street_vendor,0,0.4563982855435996
1097,gig_delivery,0,0.6254107935998112
1098,domestic_worker,0,0.4056506351523624
1099,street_vendor,0,0.764119570729706
1100,street_vendor,1,0.5321006924491434
1101,daily_wage_labourer,0,0.6390464337876279
1102,gig_delivery,0,0.7091745620538751
1103,gig_delivery,0,0.637536448289188
1104,street_vendor,0,0.616612366020749
1105,gig_delivery,1,0.8035606664079539
1106,street_vendor,1,0.5889989180861521
1107,daily_wage_labourer,0,0.7148327616683212
1108,domestic_worker,0,0.5816926744648996
1109,street_vendor,0,0.23648954548746726
1110,street_vendor,0,0.5051443128808812
1111,daily_wage_labourer,0,0.5138971454759966
1112,gig_delivery,0,0.5550423779224101
1113,domestic_worker,0,0.5104362816129622
1114,domestic_worker,0,0.44567722754120914
1115,street_vendor,0,0.2296622465218746
1116,street_vendor,0,0.42428361433794765
1117,gig_delivery,1,0.41570255502748654
1118,street_vendor,0,0.5381582980931028
1119,domestic_worker,0,0.40189952793762074
1120,gig_delivery,0,0.7597084128791103
1121,street_vendor,0,0.43495499661484105
1122,gig_delivery,0,0.6013107760639591
1123,street_vendor,0,0.4236081149934313
1124,daily_wage_labourer,0,0.14725363016020257
1125,daily_wage_labourer,0,0.28354678498935915
1126,daily_wage_labourer,0,0.2647996060615504
1127,gig_delivery,0,0.6397553126407974
1128,gig_delivery,0,0.6757570088542729
1129,domestic_worker,0,0.529272048378703
1130,domestic_worker,0,0.5721278214474714
1131,daily_wage_labourer,0,0.3472169281923562
1132,street_vendor,0,0.44731374313401073
1133,gig_delivery,0,0.8313974919957348
1134,domestic_worker,0,0.598004870504472
1135,daily_wage_labourer,0,0.2805192140816278
1136,daily_wage_labourer,0,0.18826145541489903
1137,daily_wage_labourer,0,0.5844296926219769
1138,street_vendor,0,0.44218437233050645
1139,gig_delivery,0,0.656793846458654
1140,daily_wage_labourer,0,0.34135796851661787
1141,gig_delivery,0,0.5879576769516373
1142,gig_delivery,0,0.5553243504528347
1143,gig_delivery,0,0.38660089909675005
1144,daily_wage_labourer,0,0.6472599997093994
1145,daily_wage_labourer,0,0.383293653962609
1146,gig_delivery,0,0.551556355733266
1147,gig_delivery,0,0.7073668677685875
1148,daily_wage_labourer,0,0.01
1149,domestic_worker,1,0.41230525862291784
1150,street_vendor,0,0.6329186692235571
1151,domestic_worker,0,0.47595617689163955
1152,street_vendor,0,0.48298934745565947
1153,street_vendor,0,0.37719199850022456
1154,daily_wage_labourer,0,0.5425392903200756
1155,street_vendor,0,0.5186209420321889
1156,street_vendor,0,0.6461432065200119
1157,street_vendor,0,0.5357831141792573
1158,daily_wage_labourer,0,0.336425386157734
1159,gig_delivery,0,0.620200433062481
1160,street_vendor,1,0.5835828866852387
1161,gig_delivery,0,0.6034314289908278
1162,gig_delivery,0,0.8287415561247516
1163,street_vendor,0,0.4476460425946197
1164,street_vendor,0,0.6464951455162582
1165,domestic_worker,0,0.42947223241130583
1166,gig_delivery,1,0.7472762986591183
1167,daily_wage_labourer,0,0.45626034306890806
1168,gig_delivery,0,0.5834634320010035
1169,street_vendor,0,0.5461735803974752
1170,daily_wage_labourer,0,0.51358551097346
1171,gig_delivery,0,0.25200146809453616
1172,street_vendor,0,0.5575242582145352
1173,gig_delivery,0,0.5579511759630361
1174,daily_wage_labourer,0,0.49063395542575766
1175,gig_delivery,0,0.565798851865821
1176,daily_wage_labourer,0,0.23320532069627437
1177,daily_wage_labourer,0,0.022367245659010104
1178,street_vendor,0,0.7083014910763131
1179,street_vendor,0,0.39744656336154155
1180,gig_delivery,0,0.623277375433312
1181,street_vendor,0,0.07641370930692493
1182,street_vendor,0,0.1240741337802902
1183,street_vendor,0,0.5189205251215243
1184,street_vendor,0,0.6298359127359023
1185,gig_delivery,0,0.6588838229357558
1186,daily_wage_labourer,0,0.34454869253470466
1187,domestic_worker,0,0.5568368385057172
1188,street_vendor,0,0.5601443414424409
1189,gig_delivery,0,0.6651290167171083
1190,daily_wage_labourer,0,0.6106631911151086
1191,daily_wage_labourer,0,0.33203261969639447
1192,domestic_worker,0,0.32932008695236425
1193,domestic_worker,0,0.3887000060734436
1194,domestic_worker,0,0.5608270630829268
1195,street_vendor,0,0.18237976719227011
1196,street_vendor,0,0.3441136387770215
1197,gig_delivery,0,0.4279848005497853
1198,street_vendor,0,0.6198773686362593
1199,gig_delivery,0,0.28973711959840087
1200,daily_wage_labourer,0,0.31392285883547616
1201,daily_wage_labourer,0,0.29552910832581974
1202,gig_delivery,0,0.7349435821696748
1203,gig_delivery,0,0.775068160210867
1204,street_vendor,1,0.42763634032805553
1205,street_vendor,1,0.3818947381829576
1206,gig_delivery,0,0.5625141055528778
1207,daily_wage_labourer,0,0.6072923957579978
1208,street_vendor,0,0.44982356243715166
1209,daily_wage_labourer,0,0.3926030301681748
1210,gig_delivery,0,0.10314307111244259
1211,gig_delivery,0,0.5491019780315538
1212,daily_wage_labourer,0,0.38141907128163594
1213,daily_wage_labourer,0,0.6200668225803659
1214,street_vendor,0,0.2932704569010802
1215,daily_wage_labourer,0,0.11356779198396796
1216,daily_wage_labourer,0,0.3026558212858956
1217,daily_wage_labourer,0,0.377038607884082
1218,gig_delivery,0,0.6564706847144828
1219,street_vendor,0,0.717054193701629
1220,street_vendor,0,0.5035841496657931
1221,street_vendor,0,0.5861252153912996
1222,domestic_worker,0,0.06938933346963932
1223,gig_delivery,0,0.7481870497736424
1224,street_vendor,0,0.5115895652979212
1225,domestic_worker,0,0.5171245599569689
1226,daily_wage_labourer,0,0.01
1227,daily_wage_labourer,0,0.44229406204570226
1228,domestic_worker,0,0.12819189274964168
1229,street_vendor,0,0.8480834903094222
1230,street_vendor,0,0.24095658480018492
1231,daily_wage_labourer,0,0.40389424741626007
1232,street_vendor,0,0.763311081099734
1233,gig_delivery,0,0.49583641120596555
1234,street_vendor,0,0.6328422680315494
1235,street_vendor,0,0.5915471066775051
1236,street_vendor,0,0.5482486899899347
1237,daily_wage_labourer,0,0.17960026097219906
1238,street_vendor,0,0.5464337513167808
1239,street_vendor,0,0.6175267155973451
1240,domestic_worker,0,0.33061824639509496
1241,daily_wage_labourer,0,0.41429026689919696
1242,daily_wage_labourer,0,0.2392176899793248
1243,street_vendor,0,0.380112532673144
1244,daily_wage_labourer,0,0.34232108578411086
1245,street_vendor,0,0.671246299562379
1246,gig_delivery,0,0.5337444837861125
1247,street_vendor,0,0.4204263941700438
1248,domestic_worker,0,0.4148266992783411
1249,domestic_worker,0,0.3342094044394141
1250,street_vendor,0,0.6091513181715925
1251,street_vendor,0,0.2738836697929378
1252,street_vendor,0,0.6252236686452805
1253,gig_delivery,0,0.6833308104699283
1254,street_vendor,0,0.5483205090073586
1255,domestic_worker,0,0.5524611619358092
1256,gig_delivery,0,0.5385412507105897
1257,gig_delivery,0,0.6869937507678248
1258,daily_wage_labourer,0,0.737038995837844
1259,domestic_worker,0,0.410626472473
1260,street_vendor,0,0.3701485728002442
1261,daily_wage_labourer,0,0.6031536187094154
1262,daily_wage_labourer,0,0.48335118827481477
1263,domestic_worker,0,0.6418097930698603
1264,daily_wage_labourer,0,0.1788930781244769
1265,gig_delivery,0,0.6642637954021121
1266,street_vendor,0,0.5203158147350759
1267,domestic_worker,0,0.5158409244955595
1268,daily_wage_labourer,0,0.4069269092267186
1269,daily_wage_labourer,0,0.6044356623867532
1270,domestic_worker,0,0.4078319823946651
1271,daily_wage_labourer,0,0.4694777459646108
1272,daily_wage_labourer,0,0.5113046334881425
1273,daily_wage_labourer,0,0.41671472911449053
1274,street_vendor,0,0.5464771915117861
1275,daily_wage_labourer,0,0.4499551731012022
1276,street_vendor,0,0.38833931204232075
1277,street_vendor,0,0.7666438652257132
1278,domestic_worker,0,0.35027238722457765
1279,daily_wage_labourer,0,0.747272402823777
1280,daily_wage_labourer,0,0.6163607373226361
1281,daily_wage_labourer,0,0.2857380254794405
1282,daily_wage_labourer,0,0.4364837046164286
1283,gig_delivery,0,0.6070361864143636
1284,domestic_worker,0,0.305327666301243
1285,domestic_worker,0,0.5969128875367218
1286,daily_wage_labourer,0,0.5253056305713072
1287,daily_wage_labourer,0,0.44038771972523777
1288,daily_wage_labourer,0,0.37092353956611795
1289,daily_wage_labourer,0,0.07828074228329057
1290,daily_wage_labourer,0,0.490321813026603
1291,gig_delivery,0,0.5102408456116914
1292,daily_wage_labourer,0,0.32553708013207566
1293,daily_wage_labourer,0,0.6205319513340655
1294,daily_wage_labourer,0,0.3078251899625815
1295,daily_wage_labourer,0,0.2952013947891725
1296,street_vendor,0,0.7135135127022407
1297,street_vendor,0,0.40644019303086687
1298,gig_delivery,0,0.3931553051220378
1299,daily_wage_labourer,0,0.5398980094081711
1300,street_vendor,1,0.5987505565594116
1301,daily_wage_labourer,0,0.3857426196691028
1302,gig_delivery,0,0.8025835027242098
1303,street_vendor,0,0.7357292671545949
1304,gig_delivery,0,0.7961917608903957
1305,domestic_worker,0,0.36545212613813094
1306,daily_wage_labourer,1,0.5789794337104799
1307,gig_delivery,0,0.4230154868617725
1308,street_vendor,0,0.6162753557119931
1309,domestic_worker,0,0.24196257570316249
1310,daily_wage_labourer,0,0.26450560834514497
1311,domestic_worker,0,0.31086187213024163
1312,daily_wage_labourer,0,0.5129415156434025
1313,street_vendor,0,0.599994101477452
1314,street_vendor,0,0.4719262786349925
1315,gig_delivery,0,0.2881594020906286
1316,daily_wage_labourer,0,0.6108361305149733
1317,street_vendor,0,0.17099756170450844
1318,gig_delivery,0,0.583259872816787
1319,domestic_worker,0,0.21535004948711814
1320,daily_wage_labourer,0,0.6501430643975357
1321,daily_wage_labourer,0,0.37761660217480975
1322,street_vendor,0,0.6329932509334584
1323,gig_delivery,0,0.7241173646466582
1324,daily_wage_labourer,0,0.18756184812298132
1325,domestic_worker,0,0.4537129939466745
1326,daily_wage_labourer,0,0.3145224179863969
1327,daily_wage_labourer,0,0.5877946549028679
1328,street_vendor,0,0.5557930761010725
1329,street_vendor,0,0.45924645077592197
1330,gig_delivery,0,0.6863488235244548
1331,daily_wage_labourer,0,0.3235962972589966
1332,daily_wage_labourer,0,0.5713021746345412
1333,domestic_worker,0,0.41197709264642857
1334,domestic_worker,0,0.5880013626842162
1335,domestic_worker,0,0.5143320477592648
1336,street_vendor,0,0.5264512774648025
1337,daily_wage_labourer,0,0.30660756759078217
1338,domestic_worker,0,0.2826042424882846
1339,daily_wage_labourer,0,0.48711477666764397
1340,street_vendor,0,0.5569422629775101
1341,gig_delivery,0,0.44154587319529626
1342,daily_wage_labourer,0,0.4447940482875465
1343,daily_wage_labourer,0,0.45614287079078725
1344,domestic_worker,0,0.49787536377669966
1345,gig_delivery,0,0.7333705447521771
1346,daily_wage_labourer,0,0.2805771835337776
1347,daily_wage_labourer,0,0.42811829067547513
1348,daily_wage_labourer,0,0.35047233034715525
1349,street_vendor,0,0.46355272110189827
1350,gig_delivery,0,0.6271577913644454
1351,gig_delivery,0,0.5440064160345319
1352,street_vendor,0,0.6096974342600792
1353,daily_wage_labourer,0,0.48880434953026747
1354,domestic_worker,0,0.5696662892083948
1355,street_vendor,0,0.8157843094133935
1356,daily_wage_labourer,0,0.4665660305282424
1357,daily_wage_labourer,0,0.429390735151526
1358,gig_delivery,1,0.736582442514949
1359,street_vendor,0,0.2394686791559744
1360,gig_delivery,0,0.6885654335197418
1361,daily_wage_labourer,0,0.041610077971406256
1362,gig_delivery,0,0.4670330851675071
1363,street_vendor,0,0.2232698022613242
1364,daily_wage_labourer,0,0.03343483689444987
1365,daily_wage_labourer,0,0.5154765460924716
1366,street_vendor,0,0.7138020457407556
1367,street_vendor,0,0.49501090036495665
1368,street_vendor,0,0.5608180788259989
1369,daily_wage_labourer,0,0.685491933012696
1370,street_vendor,0,0.4104581132623019
1371,domestic_worker,0,0.5528163696657495
1372,daily_wage_labourer,0,0.7325883480215872
1373,gig_delivery,0,0.6747677830282938
1374,domestic_worker,0,0.4152955896341071
1375,street_vendor,0,0.6518613214243484
1376,gig_delivery,0,0.687339908744214
1377,domestic_worker,0,0.2997753779708713
1378,gig_delivery,0,0.7827504168904708
1379,daily_wage_labourer,0,0.5698531747040677
1380,daily_wage_labourer,0,0.4622039483739015
1381,street_vendor,0,0.14817603972077442
1382,daily_wage_labourer,0,0.42257717981445786
1383,domestic_worker,0,0.3805205323763981
1384,domestic_worker,0,0.28304580332239787
1385,street_vendor,0,0.6353858247817024
1386,gig_delivery,0,0.44318652238151524
1387,daily_wage_labourer,0,0.4920508489987601
1388,domestic_worker,0,0.42100127009649213
1389,street_vendor,0,0.6973677012356682
1390,domestic_worker,0,0.3786648032400281
1391,gig_delivery,0,0.614605486595343
1392,street_vendor,0,0.49299747118693743
1393,street_vendor,1,0.6465776262637097
1394,gig_delivery,0,0.5804533248808048
1395,street_vendor,0,0.5434469541752153
1396,daily_wage_labourer,0,0.2333601916638481
1397,domestic_worker,0,0.337310210794692
1398,daily_wage_labourer,0,0.2437015919949671
1399,daily_wage_labourer,0,0.4189117742405088
1400,daily_wage_labourer,0,0.48703404252988797
1401,street_vendor,0,0.609882089836103
1402,domestic_worker,0,0.4689771700620385
1403,daily_wage_labourer,0,0.2513086378706927
1404,street_vendor,0,0.5636345455244807
1405,street_vendor,0,0.8074990375317342
1406,domestic_worker,0,0.3816115626510153
1407,street_vendor,0,0.1544870301211143
1408,domestic_worker,0,0.3951439913177995
1409,gig_delivery,0,0.9118173519834155
1410,gig_delivery,0,0.5155662658895155
1411,domestic_worker,0,0.556650944414816
1412,gig_delivery,1,0.8199217668375378
1413,domestic_worker,0,0.2668409073515886
1414,street_vendor,0,0.529521464375971
1415,gig_delivery,0,0.49976992996067815
1416,daily_wage_labourer,0,0.4307352167437188
1417,daily_wage_labourer,0,0.45489772675293905
1418,domestic_worker,0,0.2514628167412263
1419,domestic_worker,0,0.31299007433755055
1420,gig_delivery,0,0.4226835656378098
1421,daily_wage_labourer,0,0.6909090612789488
1422,daily_wage_labourer,0,0.4626142047419381
1423,daily_wage_labourer,0,0.5848247534977781
1424,daily_wage_labourer,0,0.604171568616541
1425,daily_wage_labourer,0,0.44330361349031916
1426,street_vendor,0,0.6163933758423111
1427,street_vendor,0,0.7033003154582288
1428,gig_delivery,0,0.6031677262235828
1429,daily_wage_labourer,0,0.4162976910049743
1430,domestic_worker,0,0.22963125519753996
1431,gig_delivery,0,0.7436703045417795
1432,street_vendor,0,0.609212655627989
1433,street_vendor,1,0.4893438095317548
1434,street_vendor,0,0.49906832830164427
1435,domestic_worker,0,0.4504537621622256
1436,street_vendor,1,0.536299659761046
1437,daily_wage_labourer,0,0.37425151491882247
1438,domestic_worker,0,0.5393847672095198
1439,domestic_worker,0,0.5298019068413051
1440,street_vendor,0,0.5469009678523415
1441,street_vendor,0,0.6444713350131165
1442,street_vendor,0,0.4936151467120729
1443,street_vendor,0,0.35340216619327225
1444,street_vendor,0,0.4528202822718491
1445,daily_wage_labourer,0,0.40279903320086824
1446,domestic_worker,0,0.5548976830545047
1447,daily_wage_labourer,0,0.43198919998766755
1448,gig_delivery,0,0.7327377951316524
1449,street_vendor,0,0.4204087203057968
1450,gig_delivery,0,0.6032686854759368
1451,gig_delivery,0,0.598447689197793
1452,domestic_worker,0,0.5462614787727631
1453,domestic_worker,0,0.38193720102598055
1454,daily_wage_labourer,1,0.6670551619092523
1455,street_vendor,0,0.7798951507786066
1456,street_vendor,0,0.7207365142539172
1457,daily_wage_labourer,0,0.6018318330245903
1458,domestic_worker,0,0.5904561829597166
1459,daily_wage_labourer,0,0.4573332881330232
1460,gig_delivery,1,0.5505366793426344
1461,daily_wage_labourer,0,0.4367794783637951
1462,street_vendor,0,0.5491793844696242
1463,daily_wage_labourer,0,0.4303336060408331
1464,gig_delivery,0,0.6768824652917396
1465,gig_delivery,0,0.7309568476726781
1466,daily_wage_labourer,0,0.45477672965685806
1467,street_vendor,0,0.7252254616599533
1468,gig_delivery,0,0.5498084946012802
1469,street_vendor,0,0.15250149778057165
1470,domestic_worker,0,0.38750042152194664
1471,street_vendor,0,0.6248693578724058
1472,street_vendor,0,0.6451899707837587
1473,daily_wage_labourer,1,0.5334440522242775
1474,daily_wage_labourer,0,0.42488698423952287
1475,daily_wage_labourer,0,0.5558350427904526
1476,daily_wage_labourer,0,0.3670940314731474
1477,domestic_worker,1,0.3767952211825185
1478,daily_wage_labourer,0,0.4589732656818201
1479,daily_wage_labourer,0,0.5795405966692059
1480,daily_wage_labourer,0,0.3572986255533838
1481,street_vendor,0,0.6737515456124826
1482,daily_wage_labourer,0,0.1918524307067494
1483,street_vendor,0,0.6783325424994027
1484,gig_delivery,0,0.3965093656701564
1485,street_vendor,0,0.7484663386542402
1486,domestic_worker,0,0.673706483345184
1487,daily_wage_labourer,0,0.24515901052697509
1488,domestic_worker,0,0.5035092230640974
1489,daily_wage_labourer,0,0.5767500487600469
1490,street_vendor,0,0.5998019992464246
1491,gig_delivery,0,0.771472991446632
1492,gig_delivery,0,0.27658909016282796
1493,gig_delivery,0,0.6593683538628978
1494,daily_wage_labourer,0,0.2967281142481768
1495,gig_delivery,0,0.30055826839474237
1496,domestic_worker,0,0.3477279330502003
1497,gig_delivery,1,0.9499616979924154
1498,daily_wage_labourer,0,0.36203468563270536
1499,gig_delivery,0,0.839031197358758
1500,gig_delivery,0,0.8031157880284858
1501,domestic_worker,0,0.6184810191723169
1502,daily_wage_labourer,0,0.5275381019675106
1503,daily_wage_labourer,0,0.192611136127036
1504,gig_delivery,0,0.7014216650590973
1505,daily_wage_labourer,0,0.31162743690852573
1506,gig_delivery,0,0.7783930683853357
1507,daily_wage_labourer,1,0.393309309362201
1508,street_vendor,0,0.6250358056322026
1509,gig_delivery,0,0.43610419085236785
1510,street_vendor,0,0.36270821397562136
1511,street_vendor,0,0.4968185233883853
1512,gig_delivery,0,0.5861633868700499
1513,gig_delivery,0,0.34409033792719634
1514,domestic_worker,0,0.24650909446482985
1515,street_vendor,0,0.2414112702272579
1516,street_vendor,0,0.3590407949964907
1517,domestic_worker,0,0.4759280116042832
1518,street_vendor,0,0.6651923238954989
1519,street_vendor,0,0.40692561924836235
1520,street_vendor,0,0.6283727075760562
1521,daily_wage_labourer,0,0.6165589422304804
1522,domestic_worker,0,0.4957695316947011
1523,gig_delivery,0,0.9439215769178787
1524,gig_delivery,0,0.7694211786879437
1525,street_vendor,0,0.6577887937364276
1526,daily_wage_labourer,0,0.5706632480067364
1527,daily_wage_labourer,0,0.4096373415024836
1528,street_vendor,1,0.11551112127591612
1529,street_vendor,0,0.4750949246341616
1530,daily_wage_labourer,0,0.5105025595597904
1531,street_vendor,0,0.7417250140802647
1532,daily_wage_labourer,0,0.12566313374282545
1533,gig_delivery,0,0.693638136993611
1534,street_vendor,0,0.389950517151997
1535,daily_wage_labourer,0,0.43308605468111017
1536,gig_delivery,0,0.12436532464976702
1537,gig_delivery,1,0.5671369919418098
1538,gig_delivery,0,0.8395933273409871
1539,daily_wage_labourer,0,0.3878112291596728
1540,gig_delivery,0,0.6864124324204237
1541,street_vendor,0,0.44234413830364616
1542,daily_wage_labourer,0,0.5846163693169744
1543,street_vendor,0,0.8413823532112409
1544,daily_wage_labourer,0,0.5346020609442692
1545,daily_wage_labourer,0,0.44446162036743864
1546,street_vendor,1,0.4431144839002006
1547,gig_delivery,0,0.6547522891260058
1548,daily_wage_labourer,0,0.34766386554507867
1549,street_vendor,0,0.5834489628167411
1550,street_vendor,0,0.6275775885228729
1551,daily_wage_labourer,0,0.4670388720335366
1552,daily_wage_labourer,0,0.2534016124929432
1553,daily_wage_labourer,0,0.5101527003237715
1554,street_vendor,0,0.16004044810474038
1555,gig_delivery,0,0.8283089558128608
1556,domestic_worker,0,0.41610412027630606
1557,daily_wage_labourer,0,0.47253073625694414
1558,gig_delivery,0,0.6606303422159211
1559,domestic_worker,0,0.0873432375687177
1560,domestic_worker,0,0.39954762986797165
1561,gig_delivery,0,0.7544153646053816
1562,domestic_worker,0,0.5113862794770561
1563,domestic_worker,0,0.44392941302505545
1564,gig_delivery,0,0.5108689717205575
1565,daily_wage_labourer,0,0.4579886310473842
1566,street_vendor,0,0.5753772731114845
1567,street_vendor,0,0.5180298674672228
1568,daily_wage_labourer,0,0.5417576449657624
1569,daily_wage_labourer,0,0.6390176875018012
1570,daily_wage_labourer,0,0.2735628604756138
1571,daily_wage_labourer,0,0.41126295479815517
1572,daily_wage_labourer,0,0.41987540229279036
1573,gig_delivery,0,0.5663077070721838
1574,street_vendor,0,0.5427664353686052
1575,street_vendor,0,0.6015076277374479
1576,gig_delivery,0,0.7293019731385789
1577,gig_delivery,0,0.46714114830268627
1578,domestic_worker,0,0.4210525852214558
1579,domestic_worker,0,0.5244006904319363
1580,domestic_worker,1,0.5326284047349703
1581,daily_wage_labourer,0,0.48278401969825674
1582,daily_wage_labourer,1,0.3287233290124128
1583,street_vendor,0,0.6862913304210873
1584,gig_delivery,0,0.8510150248637377
1585,domestic_worker,0,0.39228363124095156
1586,daily_wage_labourer,0,0.5778098239503868
1587,daily_wage_labourer,0,0.25614026167795634
1588,street_vendor,0,0.6309136533050748
1589,street_vendor,0,0.31032524583383536
1590,street_vendor,0,0.44223476937771405
1591,street_vendor,0,0.6543668541843073
1592,domestic_worker,0,0.38596259107889697
1593,daily_wage_labourer,0,0.5020870375761403
1594,gig_delivery,0,0.6914987627394683
1595,gig_delivery,0,0.5309276180849535
1596,street_vendor,0,0.7716289327211713
1597,street_vendor,0,0.01
1598,gig_delivery,0,0.3916682956251266
1599,street_vendor,0,0.4685305192036501
1600,domestic_worker,0,0.3063374730021283
1601,street_vendor,0,0.5013721493793024
1602,gig_delivery,0,0.5008702222049989
1603,gig_delivery,0,0.5624479768478099
1604,street_vendor,0,0.7415136862251022
1605,street_vendor,0,0.48186507547759805
1606,domestic_worker,0,0.3486594756166621
1607,street_vendor,0,0.6103094845772707
1608,daily_wage_labourer,0,0.3394345259906432
1609,daily_wage_labourer,0,0.24203502296963025
1610,street_vendor,0,0.39846372107882083
1611,gig_delivery,0,0.49322762957959077
1612,gig_delivery,0,0.36461746215828916
1613,daily_wage_labourer,0,0.6647119702532405
1614,gig_delivery,1,0.7883993300378388
1615,street_vendor,0,0.2968246658552787
1616,street_vendor,0,0.8121725940615397
1617,daily_wage_labourer,0,0.36909248316594045
1618,domestic_worker,0,0.6158178070984994
1619,street_vendor,0,0.6399825796895404
1620,street_vendor,0,0.28912498582880336
1621,daily_wage_labourer,0,0.4204373154753547
1622,gig_delivery,0,0.6810600173516383
1623,street_vendor,0,0.444679784527537
1624,daily_wage_labourer,0,0.6343342273335978
1625,gig_delivery,0,0.6753135881105576
1626,daily_wage_labourer,0,0.5254693479611698
1627,street_vendor,0,0.4730609465014465
1628,street_vendor,0,0.6603278070791968
1629,daily_wage_labourer,0,0.5763248170194363
1630,daily_wage_labourer,0,0.45579254321409257
1631,domestic_worker,0,0.6865591317789359
1632,gig_delivery,0,0.4799226362523239
1633,gig_delivery,0,0.7567383033381517
1634,domestic_worker,0,0.49962880636241885
1635,daily_wage_labourer,0,0.3695672743102288
1636,daily_wage_labourer,0,0.11829782033977426
1637,domestic_worker,0,0.46709745111605033
1638,street_vendor,0,0.7117723966079158
1639,gig_delivery,0,0.7837624137735151
1640,gig_delivery,0,0.5799175767008374
1641,street_vendor,0,0.6347199756235669
1642,daily_wage_labourer,0,0.2445700546762578
1643,street_vendor,1,0.5151844999593835
1644,street_vendor,0,0.6141665628544668
1645,daily_wage_labourer,0,0.5039268608940303
1646,street_vendor,0,0.5189226634957967
1647,gig_delivery,0,0.676997928531986
1648,domestic_worker,0,0.38125962077606684
1649,gig_delivery,0,0.6977455153102814
1650,street_vendor,1,0.4631661065732423
1651,street_vendor,0,0.3042640305905905
1652,street_vendor,0,0.38800785424713086
1653,street_vendor,0,0.3436339733545407
1654,domestic_worker,0,0.20853216813003156
1655,daily_wage_labourer,0,0.4413465135666613
1656,street_vendor,0,0.6217571727757338
1657,gig_delivery,0,0.6458589476687853
1658,daily_wage_labourer,0,0.674726832186721
1659,street_vendor,0,0.8690020078713837
1660,street_vendor,0,0.6751478721172504
1661,gig_delivery,0,0.7295719069951404
1662,gig_delivery,0,0.5346725066584598
1663,street_vendor,0,0.6251342085795646
1664,domestic_worker,0,0.32576372216849175
1665,domestic_worker,0,0.09072599524091585
1666,gig_delivery,0,0.8171050011687245
1667,street_vendor,0,0.420140587326319
1668,street_vendor,0,0.32892427831619975
1669,domestic_worker,0,0.24053270988721803
1670,daily_wage_labourer,0,0.19545878873339645
1671,gig_delivery,0,0.47650930661522906
1672,gig_delivery,0,0.7994578914275247
1673,street_vendor,0,0.4960435010387238
1674,gig_delivery,0,0.6195386651853334
1675,domestic_worker,0,0.40292593107070596
1676,gig_delivery,0,0.36862152674574183
1677,daily_wage_labourer,0,0.4876168385341977
1678,domestic_worker,0,0.49620724569221736
1679,daily_wage_labourer,0,0.6119840702406929
1680,gig_delivery,0,0.6697949452510263
1681,gig_delivery,0,0.5566934280051783
1682,gig_delivery,0,0.8273013395291443
1683,street_vendor,0,0.41420531853433223
1684,street_vendor,0,0.45702768913345104
1685,street_vendor,0,0.5852895411743386
1686,daily_wage_labourer,0,0.4222439789165348
1687,daily_wage_labourer,0,0.36469730054847244
1688,daily_wage_labourer,0,0.5975438031267885
1689,daily_wage_labourer,0,0.5105912508516961
1690,gig_delivery,0,0.49798162873741103
1691,domestic_worker,0,0.3083734957013881
1692,street_vendor,0,0.7083053639806508
1693,gig_delivery,0,0.5359461517790876
1694,gig_delivery,0,0.632113470501175
1695,daily_wage_labourer,0,0.4996634749349364
1696,street_vendor,0,0.40708260359447423
1697,gig_delivery,0,0.5757927808266498
1698,domestic_worker,0,0.6181640003667064
1699,gig_delivery,0,0.5533045699085495
1700,domestic_worker,0,0.07649444672252462
1701,domestic_worker,0,0.29593758272832793
1702,daily_wage_labourer,1,0.01
1703,gig_delivery,0,0.4097336065561278
1704,daily_wage_labourer,0,0.5227382484510171
1705,domestic_worker,0,0.24540021193969636
1706,street_vendor,0,0.5849994244999264
1707,daily_wage_labourer,1,0.688658306716424
1708,domestic_worker,0,0.33834633074377035
1709,street_vendor,0,0.5793820645423925
1710,gig_delivery,0,0.5266306836847876
1711,daily_wage_labourer,0,0.5077384269893991
1712,domestic_worker,0,0.5453207299532383
1713,domestic_worker,0,0.3757242259234203
1714,daily_wage_labourer,0,0.4741677665611848
1715,gig_delivery,0,0.7266786055097659
1716,daily_wage_labourer,0,0.4564635890473134
1717,gig_delivery,0,0.5863995292874462
1718,gig_delivery,0,0.7124380489043362
1719,gig_delivery,0,0.720187804845204
1720,street_vendor,0,0.5493518993149599
1721,street_vendor,0,0.4164977492643249
1722,gig_delivery,0,0.4746800370419395
1723,daily_wage_labourer,0,0.3448957872641544
1724,daily_wage_labourer,0,0.4791912347783149
1725,street_vendor,0,0.5583464966755424
1726,daily_wage_labourer,0,0.0363776302281239
1727,domestic_worker,0,0.6316541712989194
1728,street_vendor,0,0.12006553331749997
1729,daily_wage_labourer,0,0.4301835845273811
1730,domestic_worker,0,0.4287099649344094
1731,street_vendor,0,0.3782809443951156
1732,gig_delivery,0,0.6825386559050944
1733,street_vendor,0,0.5099151416522538
1734,domestic_worker,0,0.6437301188735693
1735,gig_delivery,0,0.7183377307670851
1736,domestic_worker,0,0.2809284951059334
1737,street_vendor,0,0.746487995230123
1738,daily_wage_labourer,0,0.0863070960618508
1739,gig_delivery,0,0.8255202123734265
1740,street_vendor,0,0.31151306632480846
1741,street_vendor,0,0.6219932981235834
1742,street_vendor,0,0.4139395909351377
1743,domestic_worker,0,0.39413852834225177
1744,gig_delivery,0,0.7664989842870265
1745,gig_delivery,0,0.5005288338286747
1746,gig_delivery,0,0.6053904832282412
1747,daily_wage_labourer,0,0.3761479675566504
1748,daily_wage_labourer,0,0.33966674020791443
1749,daily_wage_labourer,0,0.6645715289175648
1750,gig_delivery,0,0.5017471061095249
1751,street_vendor,0,0.44402124206475335
1752,domestic_worker,0,0.23139029902603536
1753,gig_delivery,0,0.8675377063668416
1754,daily_wage_labourer,0,0.0438083641896026
1755,daily_wage_labourer,0,0.6126899218694832
1756,street_vendor,1,0.39930668451493223
1757,domestic_worker,0,0.3298754993729393
1758,domestic_worker,1,0.3799506626168905
1759,domestic_worker,0,0.4758945201196319
1760,daily_wage_labourer,0,0.44763394992540134
1761,street_vendor,0,0.3648770447738246
1762,street_vendor,0,0.5599668150326395
1763,street_vendor,0,0.6743580987815158
1764,street_vendor,0,0.14436233081520178
1765,street_vendor,0,0.38464660738012457
1766,domestic_worker,0,0.2889521062215862
1767,street_vendor,0,0.6755937580344311
1768,street_vendor,0,0.6156305283273265
1769,gig_delivery,0,0.6835384197833113
1770,daily_wage_labourer,0,0.4402567508308205
1771,gig_delivery,0,0.8513923670435589
1772,gig_delivery,0,0.3064030056458601
1773,domestic_worker,0,0.5007368276477284
1774,gig_delivery,0,0.7217108353055297
1775,daily_wage_labourer,0,0.4002416618154641
1776,gig_delivery,0,0.7390252340723815
1777,daily_wage_labourer,0,0.580338769728464
1778,daily_wage_labourer,0,0.5163435888082331
1779,daily_wage_labourer,0,0.5575559282977205
1780,street_vendor,0,0.7962877654522553
1781,gig_delivery,0,0.20356388210323273
1782,street_vendor,0,0.4848441561147826
1783,street_vendor,0,0.4168308681589791
1784,street_vendor,0,0.38086184725924926
1785,gig_delivery,0,0.7501638832715752
1786,daily_wage_labourer,0,0.41483910727014056
1787,gig_delivery,0,0.699623915770108
1788,domestic_worker,0,0.5308129070748577
1789,street_vendor,0,0.5719463110807728
1790,gig_delivery,0,0.588505846922603
1791,daily_wage_labourer,0,0.34912179556440803
1792,street_vendor,0,0.16573728562633627
1793,gig_delivery,1,0.8466347959131104
1794,domestic_worker,0,0.4204691212391062
1795,street_vendor,1,0.7901564340375367
1796,daily_wage_labourer,1,0.5727016569620988
1797,street_vendor,0,0.28673263045314357
1798,daily_wage_labourer,0,0.3861025317962941
1799,gig_delivery,0,0.750758188814994
1800,gig_delivery,0,0.6847380378667726
1801,gig_delivery,0,0.5099216553060603
1802,street_vendor,0,0.5583477497940864
1803,gig_delivery,0,0.5542510283370702
1804,gig_delivery,0,0.4966525448834961
1805,gig_delivery,0,0.6681164180560166
1806,street_vendor,0,0.7605681933204967
1807,daily_wage_labourer,0,0.47942504326401075
1808,daily_wage_labourer,0,0.38297410447005764
1809,street_vendor,0,0.6663334390498403
1810,street_vendor,0,0.7531460426197903
1811,daily_wage_labourer,0,0.5482963962101016
1812,gig_delivery,0,0.7302839572550236
1813,street_vendor,0,0.6737809179681292
1814,gig_delivery,1,0.5122479822827454
1815,daily_wage_labourer,0,0.6144034174602542
1816,gig_delivery,0,0.7279128483058446
1817,daily_wage_labourer,0,0.4148114999755987
1818,daily_wage_labourer,0,0.43854143706100873
1819,gig_delivery,0,0.6786621195316748
1820,domestic_worker,0,0.359236145464821
1821,daily_wage_labourer,0,0.6327134273082862
1822,daily_wage_labourer,0,0.5134354040738012
1823,gig_delivery,0,0.7029850786526742
1824,gig_delivery,0,0.48827550265148634
1825,street_vendor,0,0.5645093006985682
1826,daily_wage_labourer,0,0.2666069635365959
1827,daily_wage_labourer,0,0.5291905201295246
1828,domestic_worker,0,0.42404305019246485
1829,daily_wage_labourer,0,0.4673559107940049
1830,daily_wage_labourer,0,0.5067454867069928
1831,domestic_worker,0,0.3374202902355232
1832,daily_wage_labourer,0,0.5356923192451716
1833,street_vendor,0,0.715745509144131
1834,street_vendor,0,0.7151802279002514
1835,street_vendor,0,0.52298405282021
1836,street_vendor,0,0.5972043135818811
1837,daily_wage_labourer,0,0.25592571583674656
1838,gig_delivery,0,0.344141884588737
1839,gig_delivery,0,0.9449570538782665
1840,street_vendor,0,0.5632874592950554
1841,daily_wage_labourer,0,0.6141667027134297
1842,street_vendor,0,0.6350715724650033
1843,domestic_worker,1,0.4915965485767262
1844,street_vendor,0,0.6648095018941549
1845,gig_delivery,0,0.614870355953889
1846,daily_wage_labourer,0,0.39464926427758673
1847,gig_delivery,0,0.5822923002774137
1848,daily_wage_labourer,0,0.6977622589562325
1849,gig_delivery,0,0.5549573645989283
1850,street_vendor,0,0.6214360701301382
1851,domestic_worker,0,0.1535509134099846
1852,daily_wage_labourer,0,0.2391170151419535
1853,gig_delivery,0,0.8995594280828018
1854,gig_delivery,0,0.6982775652832882
1855,domestic_worker,0,0.36297898806307016
1856,street_vendor,0,0.32107916976949125
1857,street_vendor,0,0.5621923960031736
1858,street_vendor,0,0.5454567926379308
1859,street_vendor,0,0.5084557551738547
1860,daily_wage_labourer,1,0.4231745172688646
1861,domestic_worker,0,0.4597512555058053
1862,domestic_worker,0,0.5479585957340416
1863,daily_wage_labourer,0,0.524868236946463
1864,gig_delivery,0,0.6492674193041859
1865,domestic_worker,0,0.40039400396627906
1866,domestic_worker,0,0.19502425403143114
1867,street_vendor,0,0.47381833991239397
1868,daily_wage_labourer,0,0.3670241751812718
1869,gig_delivery,0,0.1942044921005569
1870,daily_wage_labourer,0,0.2911211840806725
1871,daily_wage_labourer,0,0.5705583809629002
1872,domestic_worker,0,0.46049277454585746
1873,domestic_worker,0,0.42848043590714247
1874,domestic_worker,0,0.36877904449066073
1875,gig_delivery,0,0.5359567603625719
1876,street_vendor,0,0.4213889354782255
1877,daily_wage_labourer,0,0.5990524649694188
1878,daily_wage_labourer,0,0.3890597690944022
1879,daily_wage_labourer,0,0.36194524486901763
1880,daily_wage_labourer,0,0.6016751540208942
1881,gig_delivery,0,0.8251509379106864
1882,daily_wage_labourer,0,0.06689531307369434
1883,gig_delivery,0,0.43589480765970345
1884,daily_wage_labourer,0,0.13902031596817985
1885,daily_wage_labourer,0,0.2384748182573967
1886,street_vendor,0,0.23437425905665749
1887,street_vendor,0,0.5221676839025434
1888,domestic_worker,0,0.5981420114345646
1889,daily_wage_labourer,0,0.6213310090048488
1890,street_vendor,0,0.5761844186817792
1891,gig_delivery,0,0.48809657248842175
1892,daily_wage_labourer,0,0.685523228385837
1893,street_vendor,0,0.6758650442371466
1894,daily_wage_labourer,0,0.5410608725134639
1895,street_vendor,0,0.24114923259060506
1896,gig_delivery,0,0.5487001771393935
1897,street_vendor,0,0.6860888495238445
1898,street_vendor,1,0.4708147996177478
1899,street_vendor,0,0.30131067665063693
1900,daily_wage_labourer,0,0.6925487064192574
1901,street_vendor,1,0.5139531287556016
1902,gig_delivery,0,0.9121560372469214
1903,street_vendor,0,0.3938911856974743
1904,gig_delivery,0,0.5994035443002766
1905,daily_wage_labourer,0,0.5613640020436922
1906,daily_wage_labourer,0,0.5695563808489119
1907,street_vendor,0,0.5224046765458157
1908,gig_delivery,0,0.8207963020541098
1909,domestic_worker,0,0.42438300582216576
1910,street_vendor,0,0.4538171410308073
1911,street_vendor,0,0.5258951904904328
1912,domestic_worker,0,0.46101279924845456
1913,daily_wage_labourer,0,0.6951539545450659
1914,street_vendor,0,0.5595926515229971
1915,street_vendor,0,0.5675366702878556
1916,gig_delivery,1,0.30477961060281245
1917,gig_delivery,0,0.3639985030983358
1918,daily_wage_labourer,0,0.46429057538378393
1919,domestic_worker,0,0.252196813711461
1920,daily_wage_labourer,0,0.46941513421952236
1921,daily_wage_labourer,0,0.5032128634389528
1922,daily_wage_labourer,0,0.3960765708289504
1923,daily_wage_labourer,0,0.5732843457807442
1924,street_vendor,0,0.5344693279749115
1925,street_vendor,0,0.460395551106177
1926,daily_wage_labourer,0,0.634288890870088
1927,gig_delivery,0,0.9225004481975742
1928,street_vendor,0,0.6806337489502613
1929,daily_wage_labourer,0,0.420541934272102
1930,gig_delivery,0,0.7680102076594697
1931,gig_delivery,0,0.7238938120283519
1932,gig_delivery,1,0.6600014452990417
1933,gig_delivery,0,0.110344237432346
1934,gig_delivery,0,0.4756759115062291
1935,street_vendor,0,0.5464755430093367
1936,daily_wage_labourer,0,0.35757599167803056
1937,gig_delivery,0,0.5755168807632308
1938,street_vendor,0,0.35393621863823005
1939,street_vendor,0,0.6346781988504174
1940,street_vendor,0,0.7287033980984807
1941,daily_wage_labourer,0,0.43746199508074607
1942,daily_wage_labourer,0,0.3944271917724644
1943,street_vendor,0,0.03898899236047043
1944,gig_delivery,0,0.6686550362845944
1945,domestic_worker,0,0.5118976977797525
1946,street_vendor,0,0.6580664571410976
1947,domestic_worker,0,0.3164815258459266
1948,street_vendor,0,0.39614268290537097
1949,domestic_worker,0,0.654658354873842
1950,domestic_worker,0,0.23000514859999205
1951,street_vendor,0,0.2942993214320525
1952,gig_delivery,0,0.523865665650729
1953,domestic_worker,0,0.08155952642705969
1954,domestic_worker,0,0.3508062949288779
1955,domestic_worker,0,0.2957788865682533
1956,daily_wage_labourer,0,0.2897082171966428
1957,street_vendor,0,0.7847054175862852
1958,gig_delivery,0,0.6124646647689865
1959,gig_delivery,0,0.47731865129960105
1960,gig_delivery,1,0.65794015898874
1961,daily_wage_labourer,0,0.4541280951872034
1962,daily_wage_labourer,0,0.48720708417219233
1963,street_vendor,0,0.5496964251925684
1964,gig_delivery,1,0.8538551676245284
1965,street_vendor,0,0.2708877189491777
1966,gig_delivery,0,0.7228214766708555
1967,gig_delivery,0,0.734069004668982
1968,daily_wage_labourer,0,0.40368196150797386
1969,daily_wage_labourer,0,0.7770528826002447
1970,daily_wage_labourer,0,0.40182471389895724
1971,domestic_worker,0,0.673258232828277
1972,gig_delivery,0,0.4760652182163828
1973,daily_wage_labourer,0,0.6687323293080237
1974,street_vendor,0,0.40567800068622056
1975,street_vendor,0,0.47800007746122253
1976,daily_wage_labourer,0,0.09750859912443138
1977,domestic_worker,0,0.4217548586543276
1978,gig_delivery,0,0.7494725993557322
1979,street_vendor,0,0.6074023184247364
1980,domestic_worker,0,0.3477896091212222
1981,daily_wage_labourer,0,0.21265504024637483
1982,domestic_worker,0,0.17759971912580652
1983,street_vendor,0,0.6387054424079931
1984,gig_delivery,0,0.7543041994192089
1985,domestic_worker,0,0.5900389677784692
1986,street_vendor,0,0.602705426901105
1987,gig_delivery,0,0.6484936312995911
1988,domestic_worker,0,0.5377010386879482
1989,street_vendor,0,0.5302579618790622
1990,street_vendor,0,0.7751639552136682
1991,gig_delivery,0,0.5090331421204768
1992,daily_wage_labourer,0,0.4299178123386231
1993,street_vendor,0,0.6664730710104413
1994,daily_wage_labourer,0,0.4161605934365105
1995,gig_delivery,0,0.8972577052940186
1996,street_vendor,0,0.5317253199026045
1997,daily_wage_labourer,0,0.49308459071333366
1998,gig_delivery,0,0.2936629427061549
1999,daily_wage_labourer,0,0.5483519542171316
2000,gig_delivery,0,0.7750107305985854
2001,daily_wage_labourer,0,0.5035209845656687
2002,domestic_worker,1,0.272641257730487
2003,gig_delivery,0,0.47119177486426445
2004,street_vendor,0,0.4518588257817804
2005,domestic_worker,0,0.6657463067918932
2006,daily_wage_labourer,0,0.6758746161947434
2007,street_vendor,0,0.6526190797298005
2008,street_vendor,1,0.63538489161891
2009,gig_delivery,0,0.501052159643049
2010,street_vendor,0,0.5877589003152444
2011,street_vendor,1,0.5613155268599945
2012,street_vendor,0,0.5725603823276875
2013,daily_wage_labourer,0,0.5442912255673181
2014,daily_wage_labourer,0,0.2343061058303368
2015,daily_wage_labourer,0,0.3786503326930624
2016,street_vendor,0,0.6946638735228013
2017,street_vendor,1,0.620045825540951
2018,gig_delivery,0,0.7117967439845465
2019,daily_wage_labourer,0,0.5501140329412466
2020,gig_delivery,0,0.8614830283229781
2021,street_vendor,0,0.5329564513808472
2022,street_vendor,0,0.7220153325313518
2023,street_vendor,0,0.6453347519754236
2024,daily_wage_labourer,0,0.3755488613252221
2025,daily_wage_labourer,0,0.3068290587491171
2026,gig_delivery,0,0.5450520119746903
2027,daily_wage_labourer,0,0.4543527406223911
2028,daily_wage_labourer,0,0.42736781291118686
2029,daily_wage_labourer,0,0.4721588192647138
2030,street_vendor,0,0.46150941163314535
2031,daily_wage_labourer,0,0.5827157464153581
2032,daily_wage_labourer,0,0.3506847148371293
2033,daily_wage_labourer,0,0.4965648123075167
2034,street_vendor,0,0.4941177090908754
2035,gig_delivery,0,0.7313054992532702
2036,domestic_worker,0,0.4887605661257561
2037,street_vendor,0,0.7108853516243079
2038,gig_delivery,0,0.744249827867819
2039,gig_delivery,1,0.6763030274888039
2040,street_vendor,0,0.4434802497903342
2041,gig_delivery,0,0.5736016107489464
2042,gig_delivery,1,0.9005888584474145
2043,domestic_worker,0,0.5695095539237884
2044,domestic_worker,0,0.2502636316708671
2045,street_vendor,0,0.7970141944042868
2046,daily_wage_labourer,0,0.5668011791455284
2047,daily_wage_labourer,0,0.38361362798240684
2048,street_vendor,0,0.7810164057046663
2049,daily_wage_labourer,0,0.27703989403931567
2050,domestic_worker,0,0.5348513724038122
2051,street_vendor,0,0.8710843761187285
2052,daily_wage_labourer,0,0.5142520278518371
2053,gig_delivery,0,0.8061833874774557
2054,daily_wage_labourer,1,0.6439870996287376
2055,daily_wage_labourer,0,0.615536475653034
2056,domestic_worker,0,0.5245666769741806
2057,daily_wage_labourer,0,0.3969236308310514
2058,street_vendor,0,0.709729084584362
2059,street_vendor,0,0.4867850334543451
2060,domestic_worker,0,0.511948473348741
2061,street_vendor,0,0.7879602264928167
2062,daily_wage_labourer,0,0.26372542993637266
2063,street_vendor,0,0.5141417611713712
2064,daily_wage_labourer,0,0.19252767526076847
2065,domestic_worker,0,0.5379361606480244
2066,daily_wage_labourer,0,0.3876500084882807
2067,domestic_worker,0,0.5283231906590986
2068,street_vendor,1,0.45416019369978144
2069,daily_wage_labourer,0,0.5549473831583008
2070,domestic_worker,0,0.02250224897849043
2071,daily_wage_labourer,0,0.3272894739761421
2072,street_vendor,0,0.46473684455017883
2073,domestic_worker,0,0.4868965369290447
2074,daily_wage_labourer,0,0.4114117315542149
2075,daily_wage_labourer,0,0.3818044746949395
2076,domestic_worker,0,0.4858974037230275
2077,street_vendor,0,0.5260396882546512
2078,daily_wage_labourer,0,0.5818067071524735
2079,street_vendor,0,0.35504509978253396
2080,daily_wage_labourer,0,0.2733750122820519
2081,street_vendor,0,0.30885654637378673
2082,gig_delivery,0,0.7521485732346188
2083,street_vendor,0,0.46777339306769916
2084,gig_delivery,0,0.49046710640026725
2085,street_vendor,0,0.5136963180996841
2086,daily_wage_labourer,0,0.21546420459822066
2087,daily_wage_labourer,0,0.3428119726601864
2088,gig_delivery,0,0.49894508784373637
2089,daily_wage_labourer,0,0.5601593729052431
2090,daily_wage_labourer,0,0.5701671446295291
2091,domestic_worker,0,0.3535138314516847
2092,daily_wage_labourer,0,0.4213587229442885
2093,street_vendor,0,0.49545971412468903
2094,domestic_worker,0,0.5783626398024453
2095,daily_wage_labourer,0,0.6301243475165064
2096,street_vendor,0,0.7189044444026135
2097,daily_wage_labourer,0,0.2985492136445906
2098,street_vendor,0,0.27403264570446173
2099,street_vendor,0,0.5218109479013352
2100,gig_delivery,0,0.706144286899971
2101,street_vendor,0,0.559073796954284
2102,gig_delivery,0,0.9103098425750175
2103,domestic_worker,0,0.485562919400273
2104,gig_delivery,0,0.6846050116586888
2105,gig_delivery,0,0.7108120363730948
2106,gig_delivery,0,0.5844710735445269
2107,domestic_worker,0,0.10101744764935872
2108,daily_wage_labourer,0,0.11839336521757049
2109,street_vendor,0,0.5907783462711725
2110,daily_wage_labourer,0,0.5256157013144928
2111,daily_wage_labourer,0,0.31011929604088545
2112,street_vendor,0,0.6353005693066879
2113,gig_delivery,0,0.8015450603424831
2114,street_vendor,0,0.8599775028048103
2115,domestic_worker,0,0.5425956068861808
2116,street_vendor,0,0.6292865337199748
2117,street_vendor,1,0.6543931378723208
2118,street_vendor,0,0.3915057917418184
2119,street_vendor,0,0.39802950251979125
2120,street_vendor,0,0.05863481028173384
2121,street_vendor,0,0.5309151572079468
2122,street_vendor,0,0.6930780827093235
2123,street_vendor,0,0.5169442610725756
2124,daily_wage_labourer,0,0.4119693365623049
2125,daily_wage_labourer,0,0.3344963209166093
2126,daily_wage_labourer,0,0.4351866051987659
2127,daily_wage_labourer,0,0.40763609884126206
2128,street_vendor,0,0.061674724255418534
2129,street_vendor,0,0.716137565517507
2130,street_vendor,0,0.43992622028411665
2131,gig_delivery,0,0.6781516740657167
2132,domestic_worker,0,0.2820766273286028
2133,domestic_worker,1,0.34275879959425953
2134,daily_wage_labourer,0,0.6668326749785751
2135,daily_wage_labourer,0,0.46646676907711043
2136,daily_wage_labourer,0,0.01941611154835926
2137,gig_delivery,0,0.7486604857934468
2138,gig_delivery,0,0.8700958798484532
2139,gig_delivery,0,0.6415529576559785
2140,domestic_worker,0,0.23888230554380735
2141,daily_wage_labourer,0,0.26875171524483454
2142,gig_delivery,0,0.7107874112841394
2143,gig_delivery,0,0.46777639006452965
2144,daily_wage_labourer,0,0.26881496243445097
2145,domestic_worker,0,0.07021680401926289
2146,street_vendor,0,0.6161059246852217
2147,domestic_worker,0,0.2502883703368589
2148,gig_delivery,0,0.5069494162427786
2149,street_vendor,0,0.28407347992874826
2150,gig_delivery,0,0.6001445961268822
2151,street_vendor,0,0.1948598793143855
2152,gig_delivery,0,0.6048567194284546
2153,gig_delivery,0,0.5626321288303622
2154,gig_delivery,0,0.583470975466491
2155,domestic_worker,0,0.2762843848614501
2156,street_vendor,0,0.4098011891687453
2157,street_vendor,0,0.4775957997417016
2158,daily_wage_labourer,0,0.29099930486420134
2159,street_vendor,1,0.621750997417607
2160,daily_wage_labourer,1,0.506945648621635
2161,street_vendor,0,0.41509018613159315
2162,daily_wage_labourer,0,0.3652117841630301
2163,daily_wage_labourer,0,0.39856589910845436
2164,domestic_worker,0,0.29903882362425016
2165,street_vendor,0,0.7304197285175188
2166,domestic_worker,0,0.1608047009186111
2167,daily_wage_labourer,0,0.662781024794282
2168,daily_wage_labourer,0,0.6034707279752454
2169,daily_wage_labourer,1,0.5103092784979693
2170,daily_wage_labourer,0,0.20725082721134885
2171,street_vendor,0,0.42280128413326207
2172,daily_wage_labourer,0,0.16381199407431452
2173,street_vendor,0,0.4926177266213996
2174,daily_wage_labourer,0,0.6736520765857235
2175,daily_wage_labourer,0,0.2975430775768905
2176,daily_wage_labourer,0,0.5157803053774267
2177,gig_delivery,0,0.7292088564490731
2178,street_vendor,0,0.43658152578614573
2179,domestic_worker,0,0.432251762619631
2180,gig_delivery,0,0.5736110521820993
2181,domestic_worker,1,0.3925570122584027
2182,gig_delivery,0,0.8645872397412455
2183,street_vendor,0,0.25067546434075016
2184,daily_wage_labourer,0,0.5071208423126349
2185,street_vendor,0,0.6182823054438125
2186,gig_delivery,0,0.5345292518839251
2187,daily_wage_labourer,0,0.34662923467362233
2188,street_vendor,0,0.5300145161378348
2189,domestic_worker,0,0.5547078432820823
2190,street_vendor,0,0.415143986900364
2191,daily_wage_labourer,0,0.22930687205759842
2192,gig_delivery,1,0.7959147515776529
2193,street_vendor,1,0.5317567984838625
2194,daily_wage_labourer,0,0.43016384765770843
2195,gig_delivery,0,0.4236458091701343
2196,street_vendor,0,0.5121253249386059
2197,daily_wage_labourer,0,0.30237178464129794
2198,street_vendor,0,0.33255457861719395
2199,gig_delivery,0,0.2965911786683618
2200,street_vendor,0,0.43316778769528347
2201,domestic_worker,0,0.46081357532153333
2202,domestic_worker,0,0.43108074776126365
2203,street_vendor,0,0.5869862642014827
2204,daily_wage_labourer,0,0.6085422951820055
2205,daily_wage_labourer,0,0.2869217013449213
2206,gig_delivery,0,0.6595428811342193
2207,daily_wage_labourer,0,0.31142992753219106
2208,street_vendor,0,0.7995399037015644
2209,street_vendor,1,0.49909897188315483
2210,domestic_worker,0,0.4543512939417796
2211,daily_wage_labourer,0,0.32796524203463706
2212,domestic_worker,0,0.3065459949639845
2213,daily_wage_labourer,0,0.4240707388250982
2214,domestic_worker,0,0.5038591022284681
2215,street_vendor,0,0.6227266778186943
2216,street_vendor,0,0.5509282370720585
2217,domestic_worker,0,0.5344437998381864
2218,domestic_worker,0,0.5202989237245268
2219,daily_wage_labourer,0,0.36356815786471386
2220,daily_wage_labourer,0,0.6858248267877781
2221,daily_wage_labourer,0,0.42826066195587903
2222,daily_wage_labourer,0,0.2799990926439664
2223,street_vendor,0,0.5909642336010393
2224,domestic_worker,0,0.6719183967829931
2225,street_vendor,0,0.37872884771764626
2226,gig_delivery,0,0.7851286889566862
2227,street_vendor,0,0.5725656754435982
2228,street_vendor,0,0.5482749503543037
2229,gig_delivery,0,0.9035442213195422
2230,daily_wage_labourer,0,0.453886585437906
2231,gig_delivery,0,0.713226002102347
2232,street_vendor,0,0.5508599932327363
2233,domestic_worker,0,0.22304035752804643
2234,gig_delivery,1,0.5922076184168145
2235,domestic_worker,0,0.5585027928638235
2236,street_vendor,0,0.5773410584789934
2237,daily_wage_labourer,1,0.4229693649437147
2238,daily_wage_labourer,0,0.3250921263557957
2239,daily_wage_labourer,0,0.46036502674063023
2240,street_vendor,0,0.30262774007858045
2241,street_vendor,0,0.42384426145567083
2242,daily_wage_labourer,0,0.6363834451926894
2243,street_vendor,0,0.5801338164474636
2244,daily_wage_labourer,1,0.4006294058945249
2245,street_vendor,0,0.5867176106546956
2246,street_vendor,0,0.49365948716050956
2247,gig_delivery,0,0.4334617195745053
2248,daily_wage_labourer,0,0.4738775603118738
2249,daily_wage_labourer,0,0.6294802535325151
2250,daily_wage_labourer,0,0.47817627741257995
2251,gig_delivery,0,0.7165384405655466
2252,daily_wage_labourer,0,0.34759639895535654
2253,daily_wage_labourer,0,0.3854161173894702
2254,domestic_worker,1,0.6073895238014457
2255,daily_wage_labourer,0,0.22140471601791556
2256,domestic_worker,0,0.3054376595509287
2257,gig_delivery,0,0.19735037705130598
2258,street_vendor,0,0.5759794493572584
2259,daily_wage_labourer,0,0.25528753459932385
2260,gig_delivery,0,0.5131374434624832
2261,domestic_worker,0,0.42335332101319334
2262,daily_wage_labourer,0,0.43668241277824354
2263,street_vendor,0,0.40037701020542527
2264,daily_wage_labourer,0,0.3919670517429022
2265,street_vendor,0,0.8073063408537269
2266,gig_delivery,0,0.7935890721088187
2267,daily_wage_labourer,0,0.38535214720284666
2268,gig_delivery,0,0.614028304499532
2269,domestic_worker,0,0.3553580358497184
2270,gig_delivery,0,0.7696484502220405
2271,gig_delivery,0,0.6778825451327889
2272,gig_delivery,0,0.4697680249042022
2273,gig_delivery,0,0.2931239955803504
2274,domestic_worker,0,0.11909271845411684
2275,street_vendor,0,0.25684044723124977
2276,daily_wage_labourer,0,0.35344996202120305
2277,street_vendor,0,0.6849840886895148
2278,domestic_worker,0,0.5740040276089557
2279,gig_delivery,0,0.7612423642702407
2280,daily_wage_labourer,0,0.5649262739488844
2281,street_vendor,0,0.40591120185397106
2282,daily_wage_labourer,0,0.600723555105385
2283,gig_delivery,0,0.6133034386374845
2284,street_vendor,0,0.36073542591420604
2285,street_vendor,0,0.5193467713229475
2286,domestic_worker,0,0.5469771565061652
2287,gig_delivery,0,0.6906270198726375
2288,street_vendor,0,0.4626462026118333
2289,street_vendor,0,0.6941290941735285
2290,domestic_worker,0,0.44497022409662884
2291,gig_delivery,0,0.45085527521799096
2292,gig_delivery,0,0.6218238126909122
2293,daily_wage_labourer,0,0.41792869549963546
2294,street_vendor,0,0.29116872409550676
2295,street_vendor,0,0.4696761535168064
2296,gig_delivery,0,0.6360098448157854
2297,street_vendor,1,0.45343659608593534
2298,street_vendor,0,0.7603762571005397
2299,gig_delivery,0,0.6722646789367709
2300,domestic_worker,0,0.6820068914137853
2301,gig_delivery,0,0.3158278535042838
2302,daily_wage_labourer,0,0.38117197878913084
2303,daily_wage_labourer,0,0.49873708313693604
2304,daily_wage_labourer,0,0.14428356352465072
2305,daily_wage_labourer,0,0.19705081192514085
2306,daily_wage_labourer,0,0.2819023154759665
2307,daily_wage_labourer,0,0.01
2308,daily_wage_labourer,0,0.6945676066147881
2309,domestic_worker,1,0.37557969561418164
2310,domestic_worker,0,0.7112626701188933
2311,street_vendor,0,0.5397223363470821
2312,daily_wage_labourer,0,0.40466367812588494
2313,street_vendor,0,0.1283826945640128
2314,daily_wage_labourer,0,0.5175043386707394
2315,street_vendor,0,0.6859320994866264
2316,street_vendor,0,0.42679268108921287
2317,gig_delivery,0,0.5013512387956083
2318,daily_wage_labourer,0,0.48778531253847707
2319,domestic_worker,0,0.49761859736510033
2320,street_vendor,0,0.11939717141711809
2321,street_vendor,0,0.5191785835289915
2322,daily_wage_labourer,0,0.6676800043862258
2323,street_vendor,0,0.6645709963626666
2324,street_vendor,0,0.6848213053425822
2325,domestic_worker,0,0.4162900971810678
2326,street_vendor,0,0.4639374129567019
2327,street_vendor,0,0.788173720419008
2328,daily_wage_labourer,0,0.38101395866685434
2329,daily_wage_labourer,0,0.6549184637388136
2330,daily_wage_labourer,0,0.13897121956524006
2331,daily_wage_labourer,0,0.5743180116374025
2332,gig_delivery,0,0.6171488949844491
2333,street_vendor,0,0.40554377822273685
2334,daily_wage_labourer,0,0.4736008383495584
2335,gig_delivery,0,0.6461210677972952
2336,domestic_worker,0,0.5243811520087902
2337,daily_wage_labourer,0,0.5749599143281745
2338,daily_wage_labourer,0,0.4723741157260072
2339,street_vendor,0,0.5690777966561039
2340,street_vendor,1,0.7628987628271727
2341,street_vendor,0,0.5479093141352896
2342,gig_delivery,0,0.5870900005232127
2343,street_vendor,0,0.4788418395840427
2344,gig_delivery,0,0.5443349738434667
2345,street_vendor,0,0.5902161342532759
2346,domestic_worker,0,0.6056088826428718
2347,gig_delivery,0,0.5028835310222767
2348,street_vendor,0,0.734721569703576
2349,street_vendor,1,0.499099843104426
2350,street_vendor,0,0.4939897910202295
2351,domestic_worker,0,0.30448978387360387
2352,street_vendor,0,0.7021621950168374
2353,daily_wage_labourer,0,0.3031263046633923
2354,daily_wage_labourer,0,0.7427594885544956
2355,gig_delivery,0,0.7432147383096304
2356,daily_wage_labourer,0,0.40496835645127394
2357,daily_wage_labourer,0,0.5345893186745039
2358,domestic_worker,0,0.30665843639106777
2359,street_vendor,0,0.5702737824271473
2360,gig_delivery,0,0.6239408061596101
2361,street_vendor,0,0.8278498008410454
2362,daily_wage_labourer,0,0.33883912043831454
2363,domestic_worker,0,0.2608578017126715
2364,gig_delivery,0,0.5039688944303309
2365,gig_delivery,0,0.504218431491039
2366,street_vendor,0,0.19688611656410804
2367,daily_wage_labourer,0,0.3876606882371842
2368,daily_wage_labourer,1,0.6225457175776811
2369,daily_wage_labourer,0,0.5310337511380375
2370,daily_wage_labourer,0,0.6376127010775585
2371,daily_wage_labourer,0,0.5479970474317838
2372,daily_wage_labourer,0,0.5559607117243318
2373,street_vendor,0,0.14574154555700425
2374,daily_wage_labourer,0,0.6600727444304458
2375,street_vendor,0,0.6398385748965122
2376,domestic_worker,0,0.548620415443541
2377,gig_delivery,0,0.7680529404899689
2378,street_vendor,0,0.5857201298792646
2379,gig_delivery,0,0.8500795578914963
2380,gig_delivery,0,0.8433321014527783
2381,street_vendor,0,0.6568017909574673
2382,street_vendor,0,0.3701497375555679
2383,street_vendor,1,0.06190333579822149
2384,street_vendor,0,0.4129455575544929
2385,gig_delivery,0,0.6787872123854438
2386,domestic_worker,0,0.4198945001151967
2387,street_vendor,0,0.40453764944133574
2388,gig_delivery,0,0.7055793026457652
2389,street_vendor,0,0.6495823148908098
2390,daily_wage_labourer,0,0.5575138525109575
2391,gig_delivery,0,0.6394164719952918
2392,daily_wage_labourer,0,0.41147545843623284
2393,street_vendor,1,0.5663580140670703
2394,daily_wage_labourer,0,0.26852569985390046
2395,domestic_worker,0,0.45971619340524467
2396,street_vendor,0,0.5332046599150861
2397,street_vendor,0,0.7592988760677924
2398,street_vendor,1,0.5814132512459381
2399,daily_wage_labourer,0,0.5036776067566793
2400,daily_wage_labourer,0,0.16556478139974412
2401,gig_delivery,0,0.596026416550068
2402,gig_delivery,0,0.786936717868758
2403,domestic_worker,0,0.48903991531564667
2404,gig_delivery,1,0.7839221410571334
2405,street_vendor,0,0.37272663509390896
2406,daily_wage_labourer,0,0.24832786558879438
2407,street_vendor,0,0.49749710226275845
2408,daily_wage_labourer,0,0.2630328429632971
2409,domestic_worker,0,0.41507860294028687
2410,gig_delivery,0,0.6885988152440908
2411,domestic_worker,0,0.3147421579282604
2412,daily_wage_labourer,0,0.4348756233596655
2413,daily_wage_labourer,0,0.6508390045041722
2414,daily_wage_labourer,0,0.6292613807792807
2415,street_vendor,0,0.5733308177127074
2416,street_vendor,0,0.528865369939608
2417,daily_wage_labourer,0,0.06344043727455029
2418,street_vendor,1,0.3638145332937402
2419,domestic_worker,0,0.4841226626574148
2420,street_vendor,0,0.593238418361906
2421,street_vendor,0,0.7104776869443089
2422,gig_delivery,0,0.6152184071486783
2423,street_vendor,0,0.7449502102181064
2424,domestic_worker,0,0.41673452523019344
2425,gig_delivery,0,0.6040933731194978
2426,street_vendor,0,0.5276307337976411
2427,gig_delivery,0,0.5126078103982933
2428,gig_delivery,0,0.6374541184474326
2429,gig_delivery,0,0.7885358935874355
2430,gig_delivery,0,0.7876075897159209
2431,gig_delivery,0,0.8938413894131775
2432,daily_wage_labourer,0,0.546415725292362
2433,daily_wage_labourer,1,0.6076267948290163
2434,gig_delivery,0,0.6065311416044233
2435,domestic_worker,0,0.3547330177184745
2436,daily_wage_labourer,0,0.6507341786373637
2437,gig_delivery,0,0.6694291555049687
2438,daily_wage_labourer,0,0.43060150301619904
2439,gig_delivery,0,0.5382913842694642
2440,domestic_worker,1,0.20237388085867664
2441,street_vendor,0,0.3610648761592391
2442,street_vendor,0,0.7030192440586235
2443,daily_wage_labourer,0,0.4746961608366065
2444,daily_wage_labourer,0,0.10095149666914577
2445,daily_wage_labourer,0,0.11311207958773623
2446,street_vendor,0,0.6592978631686767
2447,daily_wage_labourer,0,0.596378374086919
2448,daily_wage_labourer,0,0.5134495311158874
2449,daily_wage_labourer,0,0.3479964525998842
2450,gig_delivery,0,0.773109055215399
2451,gig_delivery,0,0.748261373933541
2452,gig_delivery,0,0.5659549686886919
2453,gig_delivery,0,0.6005075470105704
2454,gig_delivery,0,0.6543829503309283
2455,daily_wage_labourer,0,0.31814425272536
2456,gig_delivery,0,0.5754410002805511
2457,street_vendor,0,0.3818301141435716
2458,street_vendor,0,0.4952083320602049
2459,daily_wage_labourer,0,0.6174539473807464
2460,domestic_worker,0,0.4952465567841295
2461,gig_delivery,0,0.3999426982738443
2462,street_vendor,0,0.1518320060538242
2463,daily_wage_labourer,0,0.3640964838726971
2464,street_vendor,0,0.4798540031402281
2465,gig_delivery,0,0.4528201352971537
2466,gig_delivery,0,0.6184070587789339
2467,daily_wage_labourer,0,0.47387320797743626
2468,daily_wage_labourer,0,0.440647836858701
2469,daily_wage_labourer,1,0.3957946680195366
2470,daily_wage_labourer,0,0.5413035615610277
2471,domestic_worker,1,0.5551139373376022
2472,gig_delivery,0,0.9390832019896785
2473,daily_wage_labourer,0,0.30410213522105234
2474,daily_wage_labourer,0,0.42761419923470795
2475,street_vendor,0,0.6098092801033704
2476,street_vendor,0,0.37989444287629015
2477,street_vendor,0,0.6383844752905431
2478,daily_wage_labourer,0,0.31376398335310585
2479,domestic_worker,0,0.43350603524522374
2480,daily_wage_labourer,0,0.3050187103168146
2481,street_vendor,0,0.36377693545359974
2482,street_vendor,0,0.5298420770562189
2483,daily_wage_labourer,0,0.38056466775470754
2484,gig_delivery,0,0.3603423907164869
2485,daily_wage_labourer,0,0.4149347027208669
2486,gig_delivery,0,0.71704341764024
2487,gig_delivery,0,0.5604705627564764
2488,street_vendor,0,0.7344473268977574
2489,gig_delivery,0,0.6750376728935692
2490,domestic_worker,0,0.4760742205159428
2491,daily_wage_labourer,1,0.5623067746390243
2492,street_vendor,0,0.6091318419988054
2493,domestic_worker,0,0.6399050012527046
2494,domestic_worker,0,0.1492787350264016
2495,daily_wage_labourer,0,0.4179617445217088
2496,daily_wage_labourer,0,0.5659008708813787
2497,street_vendor,0,0.5339784505811399
2498,gig_delivery,0,0.6825709316216477
2499,daily_wage_labourer,0,0.2563912986788894
2500,street_vendor,0,0.7599297551784462
2501,gig_delivery,0,0.6077550069878132
2502,domestic_worker,0,0.4976144733851534
2503,gig_delivery,0,0.8920074537818473
2504,street_vendor,0,0.7744496161167985
2505,street_vendor,0,0.44674942677047796
2506,domestic_worker,0,0.4462681949878779
2507,domestic_worker,0,0.5111143725957948
2508,daily_wage_labourer,0,0.49626197751185364
2509,gig_delivery,0,0.8114746028063835
2510,daily_wage_labourer,1,0.42861876172374197
2511,daily_wage_labourer,0,0.613300215406672
2512,street_vendor,0,0.5652568270614715
2513,street_vendor,0,0.5800992388765883
2514,street_vendor,0,0.5276189507687552
2515,gig_delivery,0,0.517023815825668
2516,street_vendor,1,0.6529029923149295
2517,street_vendor,0,0.6905435385215121
2518,daily_wage_labourer,0,0.11314968725415148
2519,street_vendor,0,0.3379710266580145
2520,street_vendor,0,0.6354812215843461
2521,daily_wage_labourer,0,0.49439273110633236
2522,daily_wage_labourer,0,0.4142437736032288
2523,gig_delivery,0,0.8437581512747337
2524,domestic_worker,0,0.2742510127965912
2525,street_vendor,1,0.6430406489737686
2526,domestic_worker,0,0.3192166715096065
2527,domestic_worker,0,0.2523731015925933
2528,gig_delivery,0,0.47157392401623544
2529,gig_delivery,0,0.37067722627503547
2530,gig_delivery,1,0.7092106192513759
2531,gig_delivery,0,0.3328404986805461
2532,gig_delivery,0,0.8528298941434183
2533,street_vendor,0,0.6597284290878819
2534,domestic_worker,0,0.33907805532847374
2535,daily_wage_labourer,0,0.4059438941512796
2536,gig_delivery,0,0.5650949202036508
2537,daily_wage_labourer,0,0.49540743879420346
2538,street_vendor,0,0.3825280020880983
2539,daily_wage_labourer,0,0.4856045161777694
2540,daily_wage_labourer,0,0.4088911418576734
2541,daily_wage_labourer,0,0.6802611735315517
2542,daily_wage_labourer,0,0.3241151601100253
2543,street_vendor,0,0.6788686794571428
2544,daily_wage_labourer,0,0.40687999363099164
2545,daily_wage_labourer,0,0.5937827025061992
2546,domestic_worker,0,0.38905131021970424
2547,street_vendor,0,0.337196073235016
2548,daily_wage_labourer,0,0.5656621968413361
2549,street_vendor,0,0.19203084240747167
2550,daily_wage_labourer,0,0.6994991932593619
2551,daily_wage_labourer,0,0.30694027778561195
2552,gig_delivery,0,0.7387125615070967
2553,domestic_worker,0,0.3892420025881221
2554,street_vendor,0,0.6126419179105642
2555,gig_delivery,0,0.5192487742262699
2556,street_vendor,0,0.6594787623882393
2557,street_vendor,0,0.22375924853792728
2558,daily_wage_labourer,1,0.28588212178230193
2559,street_vendor,0,0.5804186627154945
2560,gig_delivery,0,0.7194819766906476
2561,gig_delivery,0,0.8079885589829142
2562,gig_delivery,0,0.834084499377512
2563,daily_wage_labourer,0,0.01
2564,gig_delivery,1,0.8172192960000186
2565,daily_wage_labourer,0,0.3550362278668411
2566,street_vendor,0,0.22836066032561464
2567,street_vendor,1,0.49939267731458836
2568,gig_delivery,0,0.7244293879341401
2569,domestic_worker,0,0.3767751522012357
2570,street_vendor,0,0.23166189226666334
2571,daily_wage_labourer,0,0.4408046132978955
2572,gig_delivery,0,0.6912336434336225
2573,gig_delivery,1,0.450202466879725
2574,daily_wage_labourer,0,0.4105807391367553
2575,gig_delivery,0,0.6775670877980562
2576,gig_delivery,0,0.6423233418220771
2577,domestic_worker,0,0.5360382888285182
2578,street_vendor,0,0.6006219800312781
2579,domestic_worker,0,0.5580627449182312
2580,street_vendor,0,0.5611050025417421
2581,gig_delivery,0,0.7371553546358199
2582,street_vendor,0,0.4327225051413331
2583,street_vendor,0,0.5029900214811573
2584,street_vendor,0,0.762548473792886
2585,daily_wage_labourer,0,0.4809833349260334
2586,daily_wage_labourer,0,0.6071910509506951
2587,street_vendor,0,0.41673205241246947
2588,daily_wage_labourer,0,0.5946074049998161
2589,daily_wage_labourer,0,0.4779605996754421
2590,gig_delivery,0,0.48309139511512755
2591,domestic_worker,0,0.27985047451551925
2592,gig_delivery,0,0.6215655611054681
2593,street_vendor,0,0.6306921074326041
2594,street_vendor,0,0.3856188239034297
2595,domestic_worker,0,0.407914304185525
2596,street_vendor,0,0.30549358041967795
2597,daily_wage_labourer,1,0.3989592806072732
2598,domestic_worker,1,0.48605966242082504
2599,domestic_worker,0,0.2506104984595624
2600,daily_wage_labourer,1,0.10778256620794568
2601,gig_delivery,0,0.7672680896239854
2602,daily_wage_labourer,0,0.45933217105856455
2603,gig_delivery,0,0.5981877799304468
2604,street_vendor,0,0.4891757950059811
2605,street_vendor,0,0.2628162275553656
2606,gig_delivery,0,0.6076870109257186
2607,street_vendor,0,0.6484232400812138
2608,gig_delivery,0,0.54190846318361
2609,daily_wage_labourer,0,0.6590758235378952
2610,domestic_worker,0,0.3620842841927862
2611,gig_delivery,0,0.5831022172621998
2612,daily_wage_labourer,0,0.32392536211008516
2613,gig_delivery,0,0.7004963607478456
2614,street_vendor,0,0.77233793013289
2615,daily_wage_labourer,0,0.16324886755130896
2616,street_vendor,0,0.6639378830242473
2617,domestic_worker,0,0.5289526263426196
2618,gig_delivery,0,0.7256760519022903
2619,domestic_worker,0,0.4363161261852615
2620,domestic_worker,0,0.5353555835658386
2621,domestic_worker,0,0.5983927456636406
2622,street_vendor,0,0.4463965340010751
2623,domestic_worker,1,0.5296147905300772
2624,daily_wage_labourer,0,0.5749710364565862
2625,daily_wage_labourer,0,0.4977576402620548
2626,daily_wage_labourer,0,0.4932967710785016
2627,daily_wage_labourer,0,0.5589920288207939
2628,street_vendor,0,0.3930200606746644
2629,street_vendor,0,0.4400485863457225
2630,street_vendor,0,0.5361374674256325
2631,daily_wage_labourer,0,0.42888104798742327
2632,domestic_worker,0,0.537343519934258
2633,gig_delivery,0,0.749385641062771
2634,daily_wage_labourer,0,0.4503118911023105
2635,daily_wage_labourer,0,0.6909838928204297
2636,daily_wage_labourer,0,0.17455597367285292
2637,street_vendor,0,0.4501072036797474
2638,gig_delivery,0,0.7862744677667831
2639,street_vendor,0,0.04266543891761487
2640,gig_delivery,0,0.8395744117650022
2641,gig_delivery,0,0.5024715679419562
2642,daily_wage_labourer,0,0.26108906717653924
2643,domestic_worker,0,0.3002069364195202
2644,street_vendor,0,0.5934188836421427
2645,domestic_worker,0,0.27626862327526513
2646,gig_delivery,0,0.7901556088173199
2647,gig_delivery,0,0.800056521247356
2648,gig_delivery,0,0.7343795074383724
2649,gig_delivery,0,0.8355432694718546
2650,domestic_worker,0,0.515692014530077
2651,daily_wage_labourer,0,0.5769308035462087
2652,gig_delivery,0,0.6989668043278788
2653,gig_delivery,0,0.5464193644189562
2654,daily_wage_labourer,0,0.5424265006571363
2655,domestic_worker,0,0.46802225787098356
2656,daily_wage_labourer,0,0.3721643563575992
2657,daily_wage_labourer,0,0.6464264388169001
2658,street_vendor,0,0.6390433894309813
2659,street_vendor,0,0.7007778942254762
2660,gig_delivery,0,0.40424621603400324
2661,daily_wage_labourer,0,0.6182142951781411
2662,daily_wage_labourer,0,0.5759839993663505
2663,street_vendor,0,0.5601925358892976
2664,daily_wage_labourer,0,0.44489532060596393
2665,gig_delivery,0,0.8430685283750243
2666,domestic_worker,0,0.5247958859544382
2667,street_vendor,0,0.5909556828587342
2668,daily_wage_labourer,0,0.5206400985704659
2669,daily_wage_labourer,0,0.3367436808816266
2670,gig_delivery,0,0.6424880973171999
2671,daily_wage_labourer,0,0.7131048227988673
2672,daily_wage_labourer,0,0.4550086944109328
2673,daily_wage_labourer,0,0.14719634137637133
2674,daily_wage_labourer,0,0.30352773278547396
2675,daily_wage_labourer,0,0.5397808272920065
2676,daily_wage_labourer,0,0.3008124583545617
2677,gig_delivery,0,0.8955492518140497
2678,gig_delivery,0,0.6312274805210941
2679,daily_wage_labourer,0,0.47785288919939933
2680,gig_delivery,0,0.7860861221867596
2681,domestic_worker,0,0.6043555579132169
2682,street_vendor,0,0.5955260065070037
2683,daily_wage_labourer,1,0.5191818800541499
2684,street_vendor,0,0.7588914779619658
2685,gig_delivery,0,0.5898180041751102
2686,street_vendor,0,0.5401206243425649
2687,gig_delivery,0,0.628564287453879
2688,street_vendor,0,0.6114148738891618
2689,daily_wage_labourer,0,0.5612640813179753
2690,domestic_worker,0,0.4019403933317321
2691,daily_wage_labourer,0,0.40231349875860417
2692,domestic_worker,0,0.35628283932624377
2693,domestic_worker,0,0.5542632706094438
2694,domestic_worker,0,0.6679900588027656
2695,street_vendor,0,0.33822695284529036
2696,gig_delivery,0,0.5547057632028614
2697,street_vendor,0,0.8056933915850246
2698,daily_wage_labourer,0,0.4879731008318721
2699,domestic_worker,0,0.01
2700,gig_delivery,1,0.607653734309916
2701,daily_wage_labourer,0,0.5285150136059478
2702,daily_wage_labourer,0,0.2734867178028382
2703,gig_delivery,0,0.8622373087866545
2704,gig_delivery,0,0.6883683599609484
2705,daily_wage_labourer,0,0.4663491197721746
2706,domestic_worker,0,0.37824495351190274
2707,street_vendor,1,0.42940986778145773
2708,street_vendor,0,0.21960734250546005
2709,gig_delivery,0,0.835938182481515
2710,domestic_worker,0,0.30688086373128554
2711,street_vendor,0,0.654416908295896
2712,street_vendor,0,0.6439606526221553
2713,street_vendor,0,0.17914888037944787
2714,domestic_worker,0,0.26995583119623784
2715,street_vendor,0,0.509078960883484
2716,daily_wage_labourer,0,0.46432466278657797
2717,domestic_worker,0,0.07587665183808306
2718,street_vendor,0,0.6555345068573631
2719,daily_wage_labourer,0,0.29460791043185514
2720,daily_wage_labourer,0,0.6167506810629267
2721,gig_delivery,0,0.5550062750671365
2722,daily_wage_labourer,0,0.5592355212418181
2723,daily_wage_labourer,1,0.4158750315451194
2724,street_vendor,0,0.801365920014718
2725,gig_delivery,0,0.6248276421208157
2726,gig_delivery,0,0.6543737612645786
2727,street_vendor,0,0.5244317871472873
2728,daily_wage_labourer,0,0.4889293681215519
2729,domestic_worker,0,0.39102289412444796
2730,street_vendor,0,0.42926572020442155
2731,street_vendor,0,0.538606286158443
2732,daily_wage_labourer,0,0.3291823279865981
2733,daily_wage_labourer,0,0.6581563823189003
2734,street_vendor,0,0.4919912030375606
2735,daily_wage_labourer,0,0.4002838114154505
2736,street_vendor,0,0.7258021270365717
2737,daily_wage_labourer,0,0.6147129729106074
2738,gig_delivery,0,0.5970399673940194
2739,daily_wage_labourer,0,0.24483615746842713
2740,street_vendor,0,0.6563003784465702
2741,gig_delivery,0,0.5576605108486218
2742,street_vendor,0,0.5846816427904095
2743,gig_delivery,0,0.7977696755767754
2744,daily_wage_labourer,0,0.3908182954195331
2745,gig_delivery,0,0.8823447182533616
2746,street_vendor,0,0.5417964868208672
2747,street_vendor,0,0.5038753118842716
2748,daily_wage_labourer,1,0.5933818746863057
2749,street_vendor,0,0.60457288743842
2750,street_vendor,0,0.635652696299555
2751,gig_delivery,0,0.6410334990750864
2752,gig_delivery,1,0.3619844494002134
2753,street_vendor,0,0.7158103876642384
2754,domestic_worker,0,0.5330768139282966
2755,gig_delivery,0,0.7246751938126225
2756,domestic_worker,0,0.4942038108994879
2757,gig_delivery,0,0.6791405211163113
2758,gig_delivery,0,0.5511198932103353
2759,daily_wage_labourer,0,0.49269485615595293
2760,gig_delivery,0,0.5506461649609796
2761,domestic_worker,0,0.2556616256607267
2762,street_vendor,0,0.49049036241639044
2763,daily_wage_labourer,0,0.6672953796301969
2764,street_vendor,0,0.2813474515979907
2765,domestic_worker,0,0.42440509492820894
2766,daily_wage_labourer,0,0.25071721448559636
2767,gig_delivery,0,0.5275472119513644
2768,gig_delivery,0,0.7699007874579432
2769,domestic_worker,0,0.4840698805240697
2770,street_vendor,0,0.7335492350856998
2771,gig_delivery,0,0.48825789970238564
2772,domestic_worker,0,0.243736776112586
2773,street_vendor,0,0.01
2774,gig_delivery,0,0.5598030791494192
2775,daily_wage_labourer,0,0.4810913835577569
2776,gig_delivery,0,0.5410262141317119
2777,daily_wage_labourer,0,0.2606135909558602
2778,street_vendor,0,0.6413610928171168
2779,street_vendor,0,0.7891135448867567
2780,street_vendor,0,0.4656970813439043
2781,street_vendor,0,0.64636792047711
2782,gig_delivery,1,0.696977651985453
2783,daily_wage_labourer,0,0.37257216846713953
2784,street_vendor,0,0.4331940944550565
2785,gig_delivery,0,0.4125349560593027
2786,gig_delivery,0,0.29115125587513424
2787,daily_wage_labourer,0,0.41747744340460585
2788,domestic_worker,0,0.3688367609544793
2789,daily_wage_labourer,0,0.5196093892277115
2790,gig_delivery,0,0.7574850365057425
2791,street_vendor,1,0.3032163175547381
2792,gig_delivery,0,0.6329526106862995
2793,domestic_worker,0,0.5400709390596303
2794,gig_delivery,0,0.5625907507349214
2795,daily_wage_labourer,0,0.04680557451671441
2796,gig_delivery,0,0.7515575980490622
2797,daily_wage_labourer,0,0.31067543140196646
2798,gig_delivery,0,0.6710535831843304
2799,gig_delivery,0,0.40720439023504473
2800,domestic_worker,0,0.36015424563921944
2801,daily_wage_labourer,0,0.3485094211538688
2802,street_vendor,0,0.6481415248109864
2803,daily_wage_labourer,1,0.5832522506634406
2804,street_vendor,0,0.6007520533183546
2805,street_vendor,0,0.5660224249222869
2806,daily_wage_labourer,0,0.34499994482758684
2807,gig_delivery,0,0.5023086515516786
2808,street_vendor,0,0.6151657247074379
2809,street_vendor,0,0.6409067734302009
2810,street_vendor,0,0.43619056064793554
2811,domestic_worker,0,0.33278105589763524
2812,gig_delivery,0,0.5338668138622675
2813,street_vendor,0,0.5841406989774461
2814,street_vendor,0,0.4431895994070269
2815,daily_wage_labourer,0,0.5125035730481049
2816,street_vendor,0,0.7029340467895765
2817,daily_wage_labourer,0,0.4620298332753318
2818,daily_wage_labourer,0,0.2834754164784924
2819,domestic_worker,0,0.17826747002637516
2820,street_vendor,0,0.35886326396815194
2821,gig_delivery,0,0.5182934386205756
2822,street_vendor,0,0.4223544612827367
2823,domestic_worker,0,0.3998842902460486
2824,domestic_worker,0,0.31477093603108275
2825,gig_delivery,0,0.7622678792799432
2826,daily_wage_labourer,1,0.4675170217057743
2827,street_vendor,1,0.24426163889106478
2828,gig_delivery,0,0.6637347700586501
2829,gig_delivery,0,0.7999718176505534
2830,street_vendor,0,0.4808856533221111
2831,daily_wage_labourer,0,0.5873901765877022
2832,daily_wage_labourer,0,0.5941826917418903
2833,gig_delivery,1,0.7235367990655742
2834,gig_delivery,0,0.6310164546918573
2835,gig_delivery,0,0.8295316626659963
2836,gig_delivery,0,0.5963462120747609
2837,street_vendor,0,0.2680279486215035
2838,daily_wage_labourer,0,0.45354829224850046
2839,street_vendor,0,0.5723966840951091
2840,gig_delivery,0,0.48950815545253645
2841,daily_wage_labourer,0,0.5550133913112553
2842,daily_wage_labourer,0,0.3773986392667837
2843,street_vendor,0,0.4101552712759321
2844,street_vendor,0,0.4138955228057371
2845,daily_wage_labourer,0,0.5125791126133818
2846,street_vendor,0,0.6471575568638445
2847,street_vendor,0,0.4371599979456765
2848,gig_delivery,0,0.4223425986928775
2849,daily_wage_labourer,0,0.2950006355381625
2850,daily_wage_labourer,0,0.4206637266315985
2851,daily_wage_labourer,0,0.7018211576184715
2852,gig_delivery,0,0.6127443430090161
2853,daily_wage_labourer,0,0.4321212010643775
2854,gig_delivery,0,0.5319237094436423
2855,domestic_worker,0,0.33241371722329655
2856,gig_delivery,0,0.8092558181812872
2857,daily_wage_labourer,0,0.5457014931460555
2858,gig_delivery,0,0.6995296748413778
2859,daily_wage_labourer,0,0.27446647989664336
2860,daily_wage_labourer,1,0.6129450664077195
2861,daily_wage_labourer,0,0.2569726104533288
2862,daily_wage_labourer,0,0.37457500385646475
2863,street_vendor,0,0.4997247574079267
2864,daily_wage_labourer,0,0.2600246585210899
2865,street_vendor,0,0.3593692133261181
2866,daily_wage_labourer,0,0.4151794660729267
2867,daily_wage_labourer,1,0.3818116183130897
2868,domestic_worker,0,0.40819055272547217
2869,street_vendor,0,0.6710252030338417
2870,gig_delivery,0,0.7589009379934117
2871,daily_wage_labourer,0,0.12262761023644556
2872,street_vendor,0,0.6375560824462839
2873,street_vendor,0,0.45203660846330873
2874,street_vendor,0,0.6417529729177044
2875,street_vendor,0,0.6838826191108771
2876,street_vendor,0,0.6912527935410022
2877,daily_wage_labourer,0,0.5971869476639683
2878,daily_wage_labourer,0,0.6145565644941694
2879,street_vendor,0,0.36193580244897405
2880,street_vendor,0,0.5282594432934921
2881,street_vendor,0,0.6837122794162255
2882,daily_wage_labourer,0,0.3037358689508499
2883,daily_wage_labourer,0,0.5459482919988281
2884,daily_wage_labourer,0,0.3290058388008974
2885,street_vendor,0,0.515849796253967
2886,street_vendor,0,0.7456829563403977
2887,domestic_worker,0,0.4063832560899986
2888,street_vendor,0,0.41110934318702885
2889,street_vendor,0,0.570489945838067
2890,street_vendor,0,0.6747844452571806
2891,domestic_worker,0,0.2770644868219555
2892,gig_delivery,0,0.5624682690686466
2893,gig_delivery,0,0.5984339834732062
2894,domestic_worker,0,0.47938753274129786
2895,street_vendor,0,0.5256131834627155
2896,domestic_worker,1,0.4445313748813172
2897,street_vendor,0,0.6665093528959495
2898,gig_delivery,0,0.7484064811466146
2899,daily_wage_labourer,0,0.3560564363178681
2900,daily_wage_labourer,0,0.35128406365682613
2901,domestic_worker,0,0.6445273355030456
2902,street_vendor,0,0.5067846539653392
2903,domestic_worker,0,0.4400154716435604
2904,daily_wage_labourer,0,0.5690567027274952
2905,gig_delivery,0,0.7374648187704996
2906,domestic_worker,0,0.08068728364668551
2907,street_vendor,0,0.8059563804550087
2908,domestic_worker,0,0.2561914849522777
2909,daily_wage_labourer,0,0.609308232783572
2910,gig_delivery,0,0.6534657165236603
2911,street_vendor,0,0.5004089520403725
2912,daily_wage_labourer,0,0.6753832375353961
2913,gig_delivery,0,0.7388536614329758
2914,daily_wage_labourer,0,0.5810549762555419
2915,street_vendor,0,0.6128408340731037
2916,street_vendor,0,0.68933846030867
2917,domestic_worker,0,0.38885948292551115
2918,street_vendor,0,0.5777208435943395
2919,gig_delivery,0,0.5421991520310941
2920,domestic_worker,0,0.20116333182894885
2921,street_vendor,0,0.34478990469916326
2922,street_vendor,0,0.521667580942262
2923,gig_delivery,0,0.8653995455643549
2924,street_vendor,0,0.4829768764938921
2925,daily_wage_labourer,0,0.7154250144509376
2926,gig_delivery,0,0.7191070024688715
2927,daily_wage_labourer,0,0.2829901816562463
2928,daily_wage_labourer,0,0.429329022940484
2929,gig_delivery,0,0.8784928440659737
2930,daily_wage_labourer,0,0.2788679625398922
2931,street_vendor,0,0.4975435102381477
2932,daily_wage_labourer,0,0.48778454547229216
2933,domestic_worker,1,0.25164880236567966
2934,gig_delivery,0,0.7448485128293171
2935,daily_wage_labourer,0,0.605730830316375
2936,daily_wage_labourer,0,0.43978489182006547
2937,street_vendor,0,0.6384464675931947
2938,street_vendor,1,0.4305955225480358
2939,street_vendor,0,0.8253690414721806
2940,domestic_worker,0,0.5667544238665134
2941,street_vendor,0,0.4536791500200787
2942,gig_delivery,0,0.4581305295274066
2943,street_vendor,0,0.684164240009893
2944,street_vendor,0,0.49895455447168235
2945,daily_wage_labourer,0,0.3509249235010682
2946,daily_wage_labourer,1,0.16423196853958194
2947,gig_delivery,0,0.8021709937890295
2948,domestic_worker,0,0.6465433569113876
2949,domestic_worker,0,0.594718713876552
2950,street_vendor,0,0.29122863153489786
2951,gig_delivery,0,0.413231686301491
2952,street_vendor,0,0.47452363767107725
2953,domestic_worker,0,0.2777062133973195
2954,daily_wage_labourer,0,0.40896728368927165
2955,daily_wage_labourer,0,0.5097194807885493
2956,street_vendor,0,0.499483778546918
2957,street_vendor,0,0.4631776225250641
2958,street_vendor,0,0.4653401028465448
2959,domestic_worker,0,0.01
2960,gig_delivery,0,0.40230761148062427
2961,domestic_worker,0,0.3730733588707323
2962,street_vendor,0,0.34669971676069067
2963,daily_wage_labourer,0,0.5858733667733385
2964,street_vendor,0,0.461701748701964
2965,daily_wage_labourer,0,0.3384820418549626
2966,daily_wage_labourer,0,0.4259504543914949
2967,street_vendor,0,0.5266595812517529
2968,daily_wage_labourer,0,0.6683422315315556
2969,street_vendor,0,0.6554704518987996
2970,daily_wage_labourer,0,0.5304059269159672
2971,gig_delivery,0,0.7494972230341415
2972,street_vendor,0,0.7014649376805617
2973,domestic_worker,0,0.5132622598759985
2974,daily_wage_labourer,0,0.4285391087239922
2975,gig_delivery,0,0.682910001943228
2976,gig_delivery,0,0.867314753888067
2977,gig_delivery,0,0.6284535984443073
2978,gig_delivery,0,0.6075579820596684
2979,domestic_worker,0,0.5026229804066034
2980,gig_delivery,0,0.5871979898795819
2981,street_vendor,0,0.7216658960995701
2982,street_vendor,0,0.546859127048486
2983,gig_delivery,0,0.42446563195438186
2984,street_vendor,0,0.6873842133047643
2985,street_vendor,0,0.4478215118359207
2986,street_vendor,0,0.6172887705565057
2987,daily_wage_labourer,0,0.4916965205785412
2988,street_vendor,0,0.516034518068845
2989,gig_delivery,0,0.7954354177734118
2990,gig_delivery,0,0.8814715836692807
2991,gig_delivery,1,0.7371822291091491
2992,daily_wage_labourer,0,0.6395168178184031
2993,daily_wage_labourer,0,0.6546366020129187
2994,daily_wage_labourer,0,0.736695937345572
2995,daily_wage_labourer,0,0.4223801337603849
2996,gig_delivery,0,0.65628245018772
2997,street_vendor,0,0.3510661493199565
2998,domestic_worker,0,0.29014257596611503
2999,street_vendor,0,0.4559066240364106
3000,gig_delivery,0,0.556079094582922
3001,daily_wage_labourer,0,0.4796956536300179
3002,street_vendor,0,0.7833938667288985
3003,gig_delivery,0,0.6849359083099281
3004,street_vendor,0,0.017265115395637576
3005,gig_delivery,0,0.5794127776828456
3006,daily_wage_labourer,0,0.576955279104303
3007,street_vendor,0,0.4247036946149101
3008,street_vendor,0,0.35752089632372763
3009,gig_delivery,0,0.8338677209347495
3010,street_vendor,0,0.7083943893951905
3011,domestic_worker,0,0.39381485361726537
3012,gig_delivery,0,0.5954533506367277
3013,gig_delivery,0,0.4240810686900621
3014,street_vendor,1,0.27991459070058866
3015,gig_delivery,0,0.5487099882881727
3016,domestic_worker,0,0.4355456296660271
3017,street_vendor,0,0.46338729203750356
3018,daily_wage_labourer,0,0.6284706443330896
3019,street_vendor,0,0.6894743889192969
3020,daily_wage_labourer,1,0.5029430438102465
3021,gig_delivery,0,0.782565651617206
3022,daily_wage_labourer,0,0.3519707604798947
3023,daily_wage_labourer,0,0.49767494561375797
3024,daily_wage_labourer,0,0.30915783252054696
3025,street_vendor,1,0.0724774543298598
3026,street_vendor,0,0.2705618766371345
3027,domestic_worker,0,0.4117178090169225
3028,gig_delivery,0,0.5666958945554977
3029,daily_wage_labourer,1,0.4737184393490595
3030,gig_delivery,0,0.8230494101056426
3031,street_vendor,0,0.650325215913142
3032,street_vendor,0,0.4797852055392919
3033,street_vendor,0,0.46914315924923244
3034,domestic_worker,0,0.310537093498146
3035,gig_delivery,0,0.4844822453683759
3036,gig_delivery,0,0.4255774407431355
3037,street_vendor,0,0.5343166980858434
3038,street_vendor,1,0.7440691956446145
3039,gig_delivery,0,0.5564771610927772
3040,daily_wage_labourer,0,0.2906853149586245
3041,domestic_worker,1,0.5160317082122639
3042,gig_delivery,0,0.6929993060317009
3043,daily_wage_labourer,0,0.328812882921926
3044,gig_delivery,0,0.47245601887888844
3045,domestic_worker,0,0.41935447921647745
3046,daily_wage_labourer,0,0.478582345416126
3047,gig_delivery,0,0.8120522736912393
3048,domestic_worker,0,0.36377027938432244
3049,street_vendor,0,0.18699530017719268
3050,domestic_worker,0,0.6316795462911682
3051,street_vendor,0,0.36995647971217294
3052,gig_delivery,1,0.5215262884727102
3053,gig_delivery,0,0.6261561317688105
3054,gig_delivery,0,0.5309090584142877
3055,daily_wage_labourer,0,0.2521239309694908
3056,gig_delivery,0,0.3433659611179696
3057,street_vendor,0,0.365197915200088
3058,street_vendor,0,0.42678738919568726
3059,street_vendor,0,0.3610796325120825
3060,daily_wage_labourer,0,0.46906541572470223
3061,daily_wage_labourer,0,0.3121038368323496
3062,street_vendor,0,0.5756357814782725
3063,domestic_worker,0,0.15228660729556817
3064,daily_wage_labourer,0,0.6329655052816142
3065,daily_wage_labourer,0,0.2771934507067214
3066,daily_wage_labourer,0,0.6605281286566125
3067,street_vendor,0,0.665209814741631
3068,gig_delivery,0,0.6963453862690291
3069,daily_wage_labourer,0,0.3077949161024609
3070,street_vendor,0,0.6055255145318555
3071,domestic_worker,0,0.543645385449957
3072,gig_delivery,0,0.5933054322099717
3073,gig_delivery,0,0.8563052289176739
3074,domestic_worker,0,0.39545494484848914
3075,domestic_worker,0,0.5535741330725142
3076,daily_wage_labourer,0,0.5890962150654039
3077,gig_delivery,0,0.20908691602434248
3078,gig_delivery,1,0.6597444553959924
3079,street_vendor,0,0.7285974772096676
3080,street_vendor,0,0.6215085822865627
3081,street_vendor,0,0.663708000352017
3082,gig_delivery,0,0.6992090623744653
3083,gig_delivery,0,0.5361892040383351
3084,gig_delivery,0,0.7281112095621343
3085,daily_wage_labourer,0,0.5203551126231594
3086,street_vendor,0,0.4418662401385267
3087,daily_wage_labourer,0,0.4454986929806677
3088,daily_wage_labourer,0,0.6035786653037755
3089,domestic_worker,0,0.3353353491651652
3090,domestic_worker,0,0.5152505847302834
3091,domestic_worker,0,0.33236808334016094
3092,domestic_worker,0,0.42254960843911255
3093,domestic_worker,1,0.11999873451420212
3094,daily_wage_labourer,0,0.4272612354063016
3095,street_vendor,0,0.5056579617761423
3096,street_vendor,0,0.6048809207573522
3097,daily_wage_labourer,0,0.5720481546878257
3098,street_vendor,0,0.5008560361521883
3099,street_vendor,0,0.5556549583033041
3100,domestic_worker,0,0.5150927846083824
3101,street_vendor,0,0.6882445050123395
3102,domestic_worker,0,0.43479651960686866
3103,gig_delivery,0,0.8333371314740774
3104,gig_delivery,0,0.5314564494401577
3105,gig_delivery,0,0.3381036830799426
3106,daily_wage_labourer,0,0.350081418711576
3107,gig_delivery,0,0.6203540195632409
3108,street_vendor,0,0.5134281930250921
3109,domestic_worker,0,0.6085556763976798
3110,daily_wage_labourer,0,0.5541858788673053
3111,street_vendor,0,0.35344151555195846
3112,gig_delivery,0,0.5861216983711042
3113,gig_delivery,0,0.874976772768565
3114,daily_wage_labourer,0,0.4318322534723364
3115,gig_delivery,0,0.6145922295215248
3116,street_vendor,0,0.5979682149186808
3117,gig_delivery,0,0.35769271909304806
3118,street_vendor,0,0.3635944432974213
3119,street_vendor,1,0.4716210682123958
3120,street_vendor,1,0.7840884181750817
3121,daily_wage_labourer,0,0.5265195503883396
3122,daily_wage_labourer,0,0.27794354013886485
3123,daily_wage_labourer,0,0.6983999513262791
3124,street_vendor,0,0.5522701581707735
3125,street_vendor,0,0.5120011158718228
3126,daily_wage_labourer,0,0.6698096679369191
3127,street_vendor,0,0.5793306398055184
3128,gig_delivery,0,0.5328625517849321
3129,domestic_worker,0,0.1262558044868064
3130,daily_wage_labourer,0,0.5247388609804245
3131,domestic_worker,0,0.40277166113838764
3132,street_vendor,0,0.5345625930722695
3133,street_vendor,0,0.28013420404530776
3134,gig_delivery,0,0.6907835491145067
3135,gig_delivery,0,0.4890569326270552
3136,gig_delivery,0,0.7808857703867073
3137,street_vendor,0,0.7491251142358226
3138,gig_delivery,0,0.516167577090291
3139,daily_wage_labourer,0,0.44678504805429203
3140,daily_wage_labourer,0,0.375650234308591
3141,street_vendor,0,0.4479541720617687
3142,domestic_worker,0,0.35927138954409693
3143,street_vendor,0,0.5057330211300006
3144,gig_delivery,0,0.5469006202089477
3145,gig_delivery,0,0.48663514498227345
3146,gig_delivery,0,0.310501887937354
3147,gig_delivery,0,0.7945502527210552
3148,domestic_worker,0,0.23227443035225898
3149,street_vendor,0,0.4300292210966693
3150,street_vendor,0,0.4615033843795075
3151,daily_wage_labourer,0,0.4535725564475554
3152,daily_wage_labourer,0,0.2657463001027751
3153,street_vendor,0,0.2566123467540986
3154,street_vendor,0,0.520093657264783
3155,daily_wage_labourer,0,0.3889703465662487
3156,street_vendor,0,0.5281737607035382
3157,street_vendor,0,0.6153292463278982
3158,domestic_worker,0,0.5268374529993027
3159,daily_wage_labourer,0,0.35448082508892603
3160,domestic_worker,0,0.55795333599989
3161,domestic_worker,0,0.4967880057567233
3162,street_vendor,0,0.4999375477293739
3163,gig_delivery,0,0.6498405543559292
3164,gig_delivery,0,0.7146286679083291
3165,gig_delivery,0,0.6899548969411814
3166,street_vendor,0,0.7034194058074356
3167,street_vendor,0,0.36329617256125024
3168,street_vendor,0,0.3467230826041062
3169,gig_delivery,0,0.5323544237273896
3170,domestic_worker,0,0.24284900183839672
3171,gig_delivery,0,0.7488556846115543
3172,gig_delivery,0,0.24400731537486817
3173,domestic_worker,0,0.34489514637206764
3174,gig_delivery,0,0.5717015861354476
3175,street_vendor,0,0.7756061080348963
3176,domestic_worker,0,0.4690824961737146
3177,daily_wage_labourer,0,0.49332286433901695
3178,street_vendor,0,0.5573086575547127
3179,daily_wage_labourer,0,0.6098386211789496
3180,domestic_worker,0,0.4705113942558344
3181,street_vendor,0,0.5193440350511198
3182,daily_wage_labourer,1,0.5845817762491644
3183,street_vendor,0,0.5100892484203079
3184,street_vendor,0,0.5194789506912375
3185,street_vendor,0,0.35683950084005145
3186,gig_delivery,0,0.7248755254880207
3187,domestic_worker,0,0.20792618377585792
3188,street_vendor,0,0.837529211884989
3189,street_vendor,0,0.75133577431011
3190,street_vendor,0,0.3133963347794815
3191,street_vendor,1,0.6414530332622143
3192,daily_wage_labourer,0,0.4667990797288233
3193,gig_delivery,0,0.8454437267548689
3194,gig_delivery,0,0.7568172095739215
3195,daily_wage_labourer,0,0.02571044067778
3196,daily_wage_labourer,0,0.6151500884466198
3197,street_vendor,0,0.673132367727395
3198,street_vendor,0,0.5649677671962327
3199,domestic_worker,0,0.5053347911985707
3200,gig_delivery,0,0.8447116774928728
3201,domestic_worker,0,0.5257322918973293
3202,domestic_worker,0,0.5814268252486035
3203,gig_delivery,0,0.6595425183862577
3204,domestic_worker,0,0.6329045898198
3205,daily_wage_labourer,0,0.21012880121637892
3206,street_vendor,0,0.5173899559850698
3207,street_vendor,0,0.43551347730579615
3208,street_vendor,0,0.20308019424225665
3209,street_vendor,0,0.7881127338120636
3210,daily_wage_labourer,0,0.25948040382420906
3211,gig_delivery,0,0.6375166118792664
3212,gig_delivery,0,0.5978112152096425
3213,daily_wage_labourer,0,0.45289475172166127
3214,street_vendor,0,0.6943070446714673
3215,gig_delivery,1,0.6675787674654787
3216,daily_wage_labourer,0,0.43624733822758016
3217,street_vendor,1,0.4434118755360933
3218,street_vendor,0,0.537430019816696
3219,daily_wage_labourer,0,0.5237602021665758
3220,street_vendor,0,0.5813402798803567
3221,gig_delivery,0,0.6381062822377368
3222,gig_delivery,0,0.7934962435433449
3223,gig_delivery,0,0.7851076436137457
3224,street_vendor,0,0.46249707511354005
3225,gig_delivery,0,0.6394473398295246
3226,gig_delivery,1,0.479890194387273
3227,street_vendor,0,0.5257311897286037
3228,gig_delivery,1,0.6632752016373321
3229,daily_wage_labourer,0,0.33925245756409156
3230,daily_wage_labourer,1,0.41727018528745213
3231,street_vendor,0,0.31614462245683067
3232,daily_wage_labourer,0,0.51130824112937
3233,street_vendor,0,0.4645467514035835
3234,street_vendor,0,0.7725073264836408
3235,street_vendor,0,0.373946618730424
3236,domestic_worker,0,0.2621603088222415
3237,street_vendor,0,0.6257980351929007
3238,daily_wage_labourer,0,0.49086425369811837
3239,daily_wage_labourer,0,0.5677854259352387
3240,domestic_worker,0,0.4356182125787564
3241,daily_wage_labourer,0,0.38520598351756036
3242,domestic_worker,0,0.5234588406546512
3243,street_vendor,0,0.777615729972706
3244,street_vendor,0,0.7657266823611312
3245,daily_wage_labourer,0,0.373726626793163
3246,daily_wage_labourer,0,0.31007201938772433
3247,gig_delivery,0,0.6704039670043807
3248,domestic_worker,0,0.47422612115820484
3249,daily_wage_labourer,0,0.4645999261220015
3250,domestic_worker,0,0.4176980508958018
3251,daily_wage_labourer,0,0.6907923413599042
3252,street_vendor,0,0.5341275673857404
3253,daily_wage_labourer,0,0.5960412269770944
3254,street_vendor,0,0.5548499394389255
3255,gig_delivery,0,0.47447156775374766
3256,street_vendor,0,0.860386739282862
3257,daily_wage_labourer,0,0.2848984778550463
3258,daily_wage_labourer,0,0.5187081891849626
3259,street_vendor,0,0.4764412758807043
3260,street_vendor,0,0.5108358222951335
3261,gig_delivery,0,0.25595594007539324
3262,street_vendor,0,0.5442647096606595
3263,daily_wage_labourer,0,0.2835395564509545
3264,daily_wage_labourer,0,0.3659471179279527
3265,street_vendor,0,0.7115691849452895
3266,street_vendor,1,0.7028885999197848
3267,gig_delivery,0,0.6639335790103467
3268,domestic_worker,0,0.34125648166681494
3269,street_vendor,0,0.5908969815218772
3270,domestic_worker,0,0.4712942856108839
3271,daily_wage_labourer,0,0.5693746814230117
3272,gig_delivery,0,0.7042814433817123
3273,gig_delivery,1,0.6795017116061456
3274,gig_delivery,0,0.8970212850549296
3275,gig_delivery,0,0.6144838601799503
3276,daily_wage_labourer,0,0.47095249906502806
3277,daily_wage_labourer,0,0.17839780367041108
3278,daily_wage_labourer,0,0.37091868314803556
3279,street_vendor,0,0.4822156598855092
3280,gig_delivery,0,0.8597520952630138
3281,street_vendor,0,0.6307881537854468
3282,street_vendor,0,0.7006185515127817
3283,street_vendor,0,0.6032101439243983
3284,street_vendor,0,0.5973914391080908
3285,gig_delivery,0,0.5636028085496855
3286,gig_delivery,0,0.5763835693547417
3287,daily_wage_labourer,0,0.47348911809076377
3288,street_vendor,0,0.6044687655977283
3289,daily_wage_labourer,1,0.3815286983864016
3290,daily_wage_labourer,0,0.45645583110431615
3291,gig_delivery,0,0.5535066818090082
3292,daily_wage_labourer,0,0.4178938618380321
3293,daily_wage_labourer,1,0.5185053943285307
3294,daily_wage_labourer,0,0.6178152132090652
3295,domestic_worker,0,0.6493304928484995
3296,gig_delivery,0,0.6093079842815274
3297,daily_wage_labourer,0,0.4292720450636606
3298,daily_wage_labourer,0,0.4061495540537625
3299,street_vendor,1,0.4837505163816643
3300,domestic_worker,0,0.3051336865582076
3301,daily_wage_labourer,1,0.42499253196703357
3302,street_vendor,0,0.5242370699102283
3303,domestic_worker,0,0.5459519960110356
3304,gig_delivery,0,0.6591381163706437
3305,street_vendor,0,0.532154237763248
3306,street_vendor,0,0.16582712027645552
3307,street_vendor,0,0.1208003861739867
3308,daily_wage_labourer,0,0.018956248572904066
3309,street_vendor,0,0.6563738430539281
3310,domestic_worker,0,0.4179852047964618
3311,domestic_worker,0,0.30025508674967377
3312,daily_wage_labourer,0,0.2821533495427581
3313,gig_delivery,0,0.805438362222555
3314,street_vendor,0,0.7323851416989791
3315,street_vendor,0,0.33590550282897086
3316,gig_delivery,0,0.5542781921458277
3317,street_vendor,0,0.42062553197560926
3318,street_vendor,0,0.4393207966418846
3319,daily_wage_labourer,1,0.5999668378939023
3320,street_vendor,0,0.5559220003360063
3321,daily_wage_labourer,0,0.5199170540137987
3322,gig_delivery,0,0.651211961229686
3323,gig_delivery,0,0.8527975104286427
3324,gig_delivery,0,0.7628695672203022
3325,gig_delivery,0,0.5772484440303194
3326,daily_wage_labourer,0,0.5733410301965138
3327,gig_delivery,0,0.7116002838864506
3328,daily_wage_labourer,1,0.3791914665097477
3329,street_vendor,0,0.44651142808613026
3330,domestic_worker,0,0.4442434766487852
3331,street_vendor,0,0.6585337101557802
3332,street_vendor,0,0.38612983198825857
3333,street_vendor,0,0.01
3334,daily_wage_labourer,0,0.5710983358857928
3335,daily_wage_labourer,0,0.44430827842995696
3336,daily_wage_labourer,0,0.4245181443959554
3337,domestic_worker,0,0.5200354685537543
3338,street_vendor,0,0.835343982276645
3339,daily_wage_labourer,0,0.37828246977815094
3340,daily_wage_labourer,0,0.5226565598852126
3341,gig_delivery,0,0.5610546164786465
3342,street_vendor,0,0.5734861490749085
3343,street_vendor,0,0.44905209927592565
3344,daily_wage_labourer,0,0.5225069629058812
3345,gig_delivery,0,0.4543664086765482
3346,gig_delivery,1,0.5425996591549467
3347,daily_wage_labourer,0,0.5660578154980114
3348,gig_delivery,0,0.6445234404785377
3349,daily_wage_labourer,0,0.3992339924791979
3350,street_vendor,0,0.3835147325609094
3351,street_vendor,0,0.4324815824960154
3352,street_vendor,0,0.31082476373015766
3353,daily_wage_labourer,0,0.474658434851246
3354,daily_wage_labourer,0,0.6429507249596063
3355,daily_wage_labourer,1,0.43958421295379635
3356,daily_wage_labourer,0,0.12689063397110883
3357,daily_wage_labourer,0,0.23693030061791753
3358,gig_delivery,0,0.6574673340245817
3359,gig_delivery,0,0.8923712707529833
3360,daily_wage_labourer,0,0.3514394820422682
3361,daily_wage_labourer,0,0.46751385031729736
3362,daily_wage_labourer,0,0.42992390895660176
3363,daily_wage_labourer,0,0.3036272828052381
3364,daily_wage_labourer,0,0.5625824508634849
3365,daily_wage_labourer,0,0.43587279965071946
3366,gig_delivery,0,0.2518921840767955
3367,gig_delivery,0,0.5289260478435877
3368,street_vendor,0,0.2162234359014904
3369,daily_wage_labourer,0,0.44877245987783015
3370,domestic_worker,0,0.6862355280013932
3371,street_vendor,0,0.4944383696789717
3372,domestic_worker,0,0.22421416004808054
3373,street_vendor,0,0.46948604056364956
3374,daily_wage_labourer,0,0.5825413248516926
3375,daily_wage_labourer,0,0.34063862613957946
3376,street_vendor,0,0.06193384898367993
3377,domestic_worker,0,0.3287560403258371
3378,daily_wage_labourer,0,0.30500356779749044
3379,domestic_worker,0,0.01
3380,street_vendor,0,0.6351808155967998
3381,domestic_worker,0,0.6109561136344692
3382,domestic_worker,1,0.13920650436496546
3383,daily_wage_labourer,0,0.6498740316670043
3384,street_vendor,0,0.2803784763557342
3385,gig_delivery,0,0.580621341749727
3386,daily_wage_labourer,0,0.3375975613846376
3387,domestic_worker,0,0.2614878318171228
3388,daily_wage_labourer,0,0.5578593105351796
3389,street_vendor,0,0.36208602741726814
3390,street_vendor,0,0.40385197838990083
3391,gig_delivery,0,0.40315230917861605
3392,domestic_worker,0,0.3367956839570301
3393,street_vendor,0,0.7258074057834497
3394,gig_delivery,0,0.44468793780249194
3395,domestic_worker,0,0.4841222965179741
3396,street_vendor,0,0.6047668148450049
3397,street_vendor,0,0.389336388576092
3398,gig_delivery,0,0.8769628449470875
3399,gig_delivery,0,0.5377440557000467
3400,street_vendor,0,0.8176187400806807
3401,gig_delivery,0,0.5434147200067327
3402,daily_wage_labourer,1,0.3198146955870003
3403,domestic_worker,0,0.38104467319189694
3404,domestic_worker,0,0.6908779058920984
3405,gig_delivery,0,0.6835858664514947
3406,daily_wage_labourer,0,0.5618943148317332
3407,street_vendor,0,0.5571955419573996
3408,daily_wage_labourer,0,0.5182729929780291
3409,street_vendor,0,0.646520613040049
3410,gig_delivery,0,0.6151957254239543
3411,street_vendor,0,0.4579950421908363
3412,daily_wage_labourer,0,0.49929151465901833
3413,street_vendor,0,0.32532808078200665
3414,street_vendor,0,0.5307036413408817
3415,street_vendor,0,0.6883989394921545
3416,gig_delivery,0,0.8343495814468699
3417,gig_delivery,0,0.7990508059516575
3418,street_vendor,0,0.6160425633030733
3419,domestic_worker,0,0.37391287097181375
3420,domestic_worker,0,0.7028928297463575
3421,daily_wage_labourer,0,0.6038334574726055
3422,gig_delivery,0,0.7236199716004202
3423,daily_wage_labourer,0,0.40766599322514324
3424,street_vendor,0,0.6667893861187583
3425,daily_wage_labourer,0,0.5337349578257937
3426,street_vendor,0,0.36647856955247204
3427,domestic_worker,0,0.4026899593995585
3428,domestic_worker,0,0.49690171050594234
3429,gig_delivery,0,0.8732574554985427
3430,daily_wage_labourer,0,0.3598121099222126
3431,daily_wage_labourer,0,0.19002987693915768
3432,domestic_worker,0,0.32269083281508204
3433,street_vendor,0,0.24776639424983415
3434,street_vendor,0,0.6630846088474086
3435,daily_wage_labourer,0,0.5340264369997286
3436,daily_wage_labourer,0,0.6606899268975756
3437,daily_wage_labourer,0,0.31807837356303387
3438,street_vendor,0,0.39681169642385955
3439,daily_wage_labourer,0,0.3621714426794487
3440,street_vendor,0,0.4605468832998792
3441,street_vendor,0,0.6635779237049529
3442,street_vendor,0,0.4444399004662814
3443,daily_wage_labourer,0,0.7068903824597794
3444,domestic_worker,0,0.4636745774820739
3445,daily_wage_labourer,0,0.43731179680854454
3446,gig_delivery,0,0.6221819406251596
3447,gig_delivery,0,0.5144257901835882
3448,daily_wage_labourer,0,0.3714673437148203
3449,gig_delivery,0,0.40200144976758884
3450,gig_delivery,0,0.7374436579393647
3451,daily_wage_labourer,0,0.6009598258195347
3452,street_vendor,0,0.3189625216856573
3453,street_vendor,0,0.5390037027381054
3454,domestic_worker,0,0.3373304512437455
3455,gig_delivery,1,0.5881182047827397
3456,domestic_worker,0,0.3791369884402983
3457,domestic_worker,0,0.2477417246000016
3458,street_vendor,0,0.7158065452315995
3459,gig_delivery,0,0.5079824001013179
3460,daily_wage_labourer,0,0.01
3461,gig_delivery,0,0.6810586184454549
3462,street_vendor,0,0.4208910659827411
3463,street_vendor,0,0.625711453804257
3464,gig_delivery,0,0.65732248908024
3465,gig_delivery,0,0.8356003164589698
3466,gig_delivery,0,0.6768077347258946
3467,daily_wage_labourer,0,0.6767979589756916
3468,daily_wage_labourer,0,0.4333442017925451
3469,domestic_worker,0,0.428225131158281
3470,daily_wage_labourer,0,0.49338018992681837
3471,daily_wage_labourer,0,0.3125020146848443
3472,daily_wage_labourer,0,0.4838671936269886
3473,daily_wage_labourer,0,0.3922202899343574
3474,daily_wage_labourer,0,0.5471121336736361
3475,daily_wage_labourer,1,0.5354984335339023
3476,gig_delivery,0,0.8398597206154516
3477,domestic_worker,1,0.4214052800374266
3478,domestic_worker,0,0.47851627026818366
3479,daily_wage_labourer,0,0.40777417602055827
3480,daily_wage_labourer,1,0.3795767949825571
3481,gig_delivery,0,0.9092798963918903
3482,gig_delivery,0,0.44312809302724065
3483,daily_wage_labourer,0,0.6261909769951518
3484,gig_delivery,0,0.5155822407411088
3485,gig_delivery,0,0.7616147824637184
3486,gig_delivery,0,0.5274232439644264
3487,gig_delivery,0,0.55575760940074
3488,street_vendor,0,0.41713163403790077
3489,daily_wage_labourer,0,0.6530786203483885
3490,daily_wage_labourer,0,0.4898731830002716
3491,street_vendor,1,0.5510648768892352
3492,domestic_worker,0,0.305366066051288
3493,gig_delivery,0,0.9646712441246811
3494,street_vendor,0,0.5752720994899844
3495,gig_delivery,0,0.6920400466381402
3496,gig_delivery,0,0.709061201826884
3497,gig_delivery,0,0.6153504720552172
3498,daily_wage_labourer,0,0.5018162688745923
3499,domestic_worker,0,0.23065073385822762
3500,daily_wage_labourer,0,0.3702194574379403
3501,daily_wage_labourer,0,0.4629530027778895
3502,street_vendor,0,0.5244757013795087
3503,gig_delivery,1,0.7317282936081942
3504,gig_delivery,0,0.6641918297746987
3505,daily_wage_labourer,0,0.551856908337804
3506,daily_wage_labourer,0,0.6672166234449257
3507,gig_delivery,0,0.561234052466254
3508,gig_delivery,0,0.3417492612263114
3509,street_vendor,0,0.5028548523388859
3510,domestic_worker,0,0.41873140053155705
3511,gig_delivery,0,0.7481160933216214
3512,domestic_worker,0,0.16132171544809476
3513,domestic_worker,0,0.4654999617891176
3514,domestic_worker,0,0.4211247666989149
3515,gig_delivery,0,0.6158336233800844
3516,gig_delivery,1,0.5704877814599879
3517,street_vendor,0,0.7598345981699665
3518,daily_wage_labourer,0,0.28927821660637953
3519,gig_delivery,0,0.8462612478897676
3520,daily_wage_labourer,0,0.41825632432133286
3521,domestic_worker,0,0.5608159868329526
3522,street_vendor,0,0.5551179585025292
3523,daily_wage_labourer,1,0.28613358637582753
3524,daily_wage_labourer,0,0.43378686052879195
3525,daily_wage_labourer,0,0.5484880135090124
3526,street_vendor,0,0.6307025886311692
3527,street_vendor,0,0.6724783940569269
3528,gig_delivery,0,0.24961584717617524
3529,daily_wage_labourer,1,0.12231498568768129
3530,street_vendor,0,0.5677938168903689
3531,street_vendor,0,0.6179763114731133
3532,daily_wage_labourer,0,0.21974331966979177
3533,street_vendor,0,0.6709787657607974
3534,gig_delivery,0,0.8161574603300056
3535,gig_delivery,0,0.5445928578916902
3536,street_vendor,0,0.7090617720407751
3537,daily_wage_labourer,0,0.0582950855721312
3538,street_vendor,0,0.5122901283819359
3539,daily_wage_labourer,0,0.6083943098538552
3540,domestic_worker,0,0.39651855511633566
3541,daily_wage_labourer,0,0.36624603248191145
3542,domestic_worker,0,0.4647206816698822
3543,street_vendor,0,0.3717631174369037
3544,daily_wage_labourer,0,0.47351984925219553
3545,daily_wage_labourer,0,0.4265276982778415
3546,daily_wage_labourer,0,0.4863278082801721
3547,domestic_worker,0,0.5564565690546766
3548,street_vendor,0,0.38763321051874194
3549,domestic_worker,0,0.20607487198106023
3550,domestic_worker,0,0.4224304928078011
3551,daily_wage_labourer,0,0.6309851770649924
3552,daily_wage_labourer,0,0.40041946593910865
3553,daily_wage_labourer,0,0.06743583941020492
3554,street_vendor,0,0.606107094816605
3555,gig_delivery,0,0.5036218894600349
3556,daily_wage_labourer,0,0.33014400465444865
3557,domestic_worker,0,0.44459870904732035
3558,gig_delivery,0,0.616042019936809
3559,daily_wage_labourer,0,0.6307671145927272
3560,gig_delivery,0,0.6506747709295734
3561,daily_wage_labourer,0,0.3847092364340444
3562,domestic_worker,0,0.5391294895456081
3563,street_vendor,0,0.5931271131224627
3564,domestic_worker,0,0.5206191576847913
3565,gig_delivery,0,0.637897867170789
3566,domestic_worker,0,0.25710006386404316
3567,daily_wage_labourer,0,0.37160213520297725
3568,gig_delivery,0,0.4340199198514282
3569,daily_wage_labourer,0,0.4617309690516243
3570,gig_delivery,0,0.4836450854875749
3571,street_vendor,0,0.6267696095833384
3572,daily_wage_labourer,0,0.3555463449160429
3573,daily_wage_labourer,0,0.4531931587300403
3574,daily_wage_labourer,0,0.4397442473248597
3575,daily_wage_labourer,0,0.6019761603030612
3576,gig_delivery,0,0.4610744093949011
3577,street_vendor,0,0.7210302854183708
3578,gig_delivery,0,0.5627205755140576
3579,street_vendor,0,0.5612878775151372
3580,gig_delivery,0,0.6732185921523182
3581,gig_delivery,0,0.6195785283600266
3582,daily_wage_labourer,1,0.5810402437908398
3583,gig_delivery,0,0.6371745637684456
3584,domestic_worker,0,0.5798630432698437
3585,gig_delivery,0,0.641710445982976
3586,daily_wage_labourer,0,0.22778503842986725
3587,daily_wage_labourer,0,0.5382308077732939
3588,gig_delivery,1,0.7741394737462944
3589,street_vendor,0,0.6290663214776777
3590,gig_delivery,0,0.5094646656725754
3591,daily_wage_labourer,0,0.44012075301613174
3592,gig_delivery,0,0.6694363265798294
3593,street_vendor,0,0.5062950266702079
3594,street_vendor,0,0.6573075220515948
3595,domestic_worker,0,0.16373212246542768
3596,domestic_worker,0,0.5109985688556153
3597,domestic_worker,0,0.4980119860190046
3598,domestic_worker,0,0.5730715448513166
3599,daily_wage_labourer,0,0.3692550303125213
3600,street_vendor,0,0.6323067582758829
3601,street_vendor,1,0.12107708789275251
3602,daily_wage_labourer,0,0.6934848556297853
3603,street_vendor,0,0.5983279618255393
3604,domestic_worker,0,0.4785976202570777
3605,street_vendor,0,0.6009516615248154
3606,street_vendor,0,0.7334746904312025
3607,street_vendor,0,0.7710592684551981
3608,street_vendor,0,0.20400653343879763
3609,street_vendor,0,0.7307064273549019
3610,gig_delivery,0,0.3986324341587495
3611,daily_wage_labourer,0,0.4492626721467067
3612,gig_delivery,0,0.5845759730489556
3613,domestic_worker,0,0.4022504316215122
3614,gig_delivery,0,0.7435870690536484
3615,gig_delivery,0,0.5065854137979208
3616,daily_wage_labourer,0,0.20490391343820172
3617,street_vendor,0,0.4042027088159278
3618,daily_wage_labourer,0,0.31240987274576143
3619,domestic_worker,0,0.018207648711423025
3620,gig_delivery,1,0.809705820461247
3621,street_vendor,0,0.8364417471109914
3622,daily_wage_labourer,1,0.6200910452858738
3623,gig_delivery,0,0.33330877083431676
3624,gig_delivery,0,0.266528675935231
3625,daily_wage_labourer,0,0.4491199093494314
3626,domestic_worker,0,0.45693272708879673
3627,gig_delivery,0,0.5175409163584146
3628,gig_delivery,0,0.6833770274343801
3629,street_vendor,0,0.45982682193513524
3630,street_vendor,0,0.5216242629184867
3631,domestic_worker,0,0.3159181561776425
3632,daily_wage_labourer,0,0.17946003400041693
3633,daily_wage_labourer,1,0.4251683148034946
3634,daily_wage_labourer,0,0.5837139983109036
3635,street_vendor,0,0.5848548258617665
3636,gig_delivery,0,0.6886630357553075
3637,street_vendor,0,0.6178860896927567
3638,gig_delivery,0,0.42494703192656325
3639,daily_wage_labourer,0,0.20979807661729197
3640,street_vendor,0,0.7257801120871051
3641,street_vendor,0,0.5570882670287195
3642,gig_delivery,0,0.8438089443812404
3643,street_vendor,0,0.279137476706251
3644,street_vendor,0,0.5643609201662894
3645,gig_delivery,0,0.46884132125277667
3646,daily_wage_labourer,0,0.43456115700195325
3647,daily_wage_labourer,0,0.01
3648,street_vendor,0,0.553329865077699
3649,domestic_worker,0,0.5849877745682888
3650,street_vendor,0,0.18763166465417797
3651,street_vendor,0,0.58072025362002
3652,daily_wage_labourer,0,0.5340015812383098
3653,street_vendor,1,0.44696047329401367
3654,daily_wage_labourer,1,0.3626392332563779
3655,street_vendor,0,0.6861412083394559
3656,street_vendor,0,0.6064740625483168
3657,daily_wage_labourer,0,0.461888630927712
3658,domestic_worker,0,0.02744229382139113
3659,street_vendor,0,0.5789845733535922
3660,street_vendor,0,0.45562221822792304
3661,domestic_worker,0,0.5375331297260708
3662,domestic_worker,0,0.562357136840623
3663,gig_delivery,0,0.5692706377447879
3664,street_vendor,0,0.4369514856288173
3665,daily_wage_labourer,0,0.43065045747083947
3666,street_vendor,0,0.4247059954179336
3667,street_vendor,0,0.6325420954318351
3668,daily_wage_labourer,0,0.5229687969322337
3669,daily_wage_labourer,0,0.5999778033779423
3670,daily_wage_labourer,0,0.4254175962990024
3671,gig_delivery,0,0.8409283438930307
3672,street_vendor,0,0.6408769898459623
3673,daily_wage_labourer,0,0.623503077554141
3674,gig_delivery,0,0.5185526623513325
3675,domestic_worker,0,0.36398132165850045
3676,daily_wage_labourer,0,0.47750464080068206
3677,daily_wage_labourer,0,0.49897813997287693
3678,street_vendor,0,0.6340669851757438
3679,street_vendor,0,0.6946096032651016
3680,gig_delivery,0,0.30435736431854316
3681,street_vendor,1,0.6680524154699645
3682,daily_wage_labourer,0,0.25327519495712847
3683,daily_wage_labourer,0,0.48549341686634734
3684,street_vendor,0,0.7140634380178464
3685,street_vendor,0,0.4305979908696626
3686,daily_wage_labourer,0,0.4650500216322345
3687,domestic_worker,0,0.3879995048759018
3688,gig_delivery,0,0.7030497844442769
3689,daily_wage_labourer,0,0.5905422163030701
3690,street_vendor,0,0.45267772691686614
3691,gig_delivery,0,0.6356200317381656
3692,street_vendor,0,0.44153471639738284
3693,daily_wage_labourer,0,0.5023025158918053
3694,gig_delivery,0,0.469677756581081
3695,daily_wage_labourer,0,0.4244382319087034
3696,street_vendor,0,0.44354456056807007
3697,street_vendor,0,0.7528359786848032
3698,street_vendor,0,0.5869374656176661
3699,daily_wage_labourer,0,0.6972908310452767
3700,domestic_worker,0,0.43409232395026015
3701,street_vendor,0,0.43025153608940636
3702,daily_wage_labourer,0,0.5830683743893269
3703,gig_delivery,0,0.8472388112297369
3704,street_vendor,0,0.4491754364663543
3705,street_vendor,1,0.49991779678194725
3706,daily_wage_labourer,0,0.44637234678744087
3707,gig_delivery,0,0.7527772101152762
3708,daily_wage_labourer,0,0.35942371778147764
3709,gig_delivery,0,0.7589477853716509
3710,domestic_worker,0,0.46520444544036593
3711,gig_delivery,0,0.8853261352500813
3712,domestic_worker,1,0.2737878114769941
3713,gig_delivery,0,0.6535537145410594
3714,domestic_worker,0,0.34803469777885954
3715,gig_delivery,0,0.8376034950505222
3716,gig_delivery,0,0.8550967453307418
3717,gig_delivery,0,0.7966465404454292
3718,domestic_worker,0,0.5466391749775708
3719,daily_wage_labourer,0,0.5320208189923366
3720,gig_delivery,0,0.6884080771599812
3721,daily_wage_labourer,0,0.4638664959913989
3722,domestic_worker,0,0.19166966355677123
3723,daily_wage_labourer,0,0.4450538770226649
3724,gig_delivery,0,0.4259071003427247
3725,gig_delivery,0,0.2902335457650172
3726,domestic_worker,0,0.713311249370628
3727,street_vendor,0,0.5912158422391789
3728,gig_delivery,0,0.5598409639577994
3729,gig_delivery,1,0.71466329167555
3730,domestic_worker,0,0.3016791155172191
3731,domestic_worker,0,0.3732925416891355
3732,daily_wage_labourer,0,0.4316895438860927
3733,daily_wage_labourer,0,0.5074563942201937
3734,street_vendor,0,0.7585073785686625
3735,domestic_worker,0,0.3746144001693691
3736,street_vendor,0,0.5457434620085948
3737,gig_delivery,0,0.6228960554448885
3738,gig_delivery,0,0.7135958160925796
3739,daily_wage_labourer,0,0.4710687688933837
3740,street_vendor,0,0.5617627488602462
3741,street_vendor,0,0.49145900478041493
3742,domestic_worker,0,0.4413263753084982
3743,daily_wage_labourer,0,0.4490601606411682
3744,street_vendor,0,0.5768918251113437
3745,gig_delivery,0,0.13644853661146134
3746,street_vendor,0,0.5877083814177568
3747,domestic_worker,0,0.025833757766069942
3748,daily_wage_labourer,0,0.6406319608516104
3749,street_vendor,0,0.42727680179176186
3750,street_vendor,0,0.6348802084010678
3751,daily_wage_labourer,0,0.5642271226367085
3752,daily_wage_labourer,0,0.5868231905383522
3753,gig_delivery,0,0.7086487278730375
3754,daily_wage_labourer,0,0.5337632479262299
3755,daily_wage_labourer,1,0.3824840945215182
3756,street_vendor,0,0.4480451948037109
3757,street_vendor,0,0.8174317079176342
3758,domestic_worker,0,0.01607113005597227
3759,street_vendor,0,0.3166652940928373
3760,domestic_worker,0,0.6731010427446651
3761,daily_wage_labourer,0,0.7584883626967523
3762,street_vendor,0,0.5624785222290495
3763,street_vendor,0,0.4512238927309845
3764,street_vendor,0,0.7089025400117205
3765,gig_delivery,0,0.4279545941745849
3766,daily_wage_labourer,0,0.46704672160023347
3767,daily_wage_labourer,0,0.7399439379834425
3768,gig_delivery,1,0.7651935689147557
3769,gig_delivery,1,0.6472243253374861
3770,domestic_worker,0,0.5017872409352944
3771,domestic_worker,0,0.40844772948752534
3772,gig_delivery,0,0.7235658620379132
3773,gig_delivery,0,0.8415103937618322
3774,gig_delivery,0,0.8325682269258229
3775,daily_wage_labourer,0,0.46311994554826763
3776,gig_delivery,0,0.5672687563649084
3777,street_vendor,0,0.7215416705956336
3778,gig_delivery,0,0.577862644795676
3779,domestic_worker,0,0.4299879016169901
3780,street_vendor,0,0.5990196021067808
3781,gig_delivery,0,0.8293057427111737
3782,domestic_worker,0,0.5400105758703422
3783,street_vendor,0,0.4468409084671684
3784,daily_wage_labourer,0,0.43152313033856105
3785,domestic_worker,0,0.5386817218413935
3786,domestic_worker,0,0.5473062392419126
3787,street_vendor,1,0.38341961352213105
3788,daily_wage_labourer,0,0.60745259969986
3789,gig_delivery,0,0.5266941026158017
3790,street_vendor,0,0.750203048893238
3791,daily_wage_labourer,0,0.615186313727388
3792,street_vendor,0,0.3485686265693695
3793,street_vendor,0,0.5989181015201187
3794,daily_wage_labourer,0,0.4666432501509901
3795,gig_delivery,0,0.7350545724666526
3796,gig_delivery,0,0.7762227168126029
3797,gig_delivery,0,0.5871670955806134
3798,daily_wage_labourer,0,0.48388425205272473
3799,street_vendor,0,0.4993930442996708
3800,street_vendor,0,0.49837988653370846
3801,street_vendor,0,0.7091909301994398
3802,daily_wage_labourer,0,0.3572693089918745
3803,street_vendor,0,0.6010040528632475
3804,street_vendor,1,0.6749378827888534
3805,street_vendor,0,0.6825949085757342
3806,gig_delivery,0,0.5719318127194973
3807,gig_delivery,1,0.4888557374264601
3808,domestic_worker,0,0.4073984270310174
3809,gig_delivery,0,0.7260355841068818
3810,daily_wage_labourer,0,0.42661892380429267
3811,street_vendor,0,0.6937334182187016
3812,daily_wage_labourer,0,0.25493513671527324
3813,street_vendor,0,0.6569105597268733
3814,daily_wage_labourer,0,0.4856031164156344
3815,daily_wage_labourer,0,0.4548382570053921
3816,daily_wage_labourer,1,0.6335101333529927
3817,street_vendor,0,0.7729948241189596
3818,gig_delivery,0,0.5501443637042023
3819,gig_delivery,0,0.6265218046853277
3820,gig_delivery,0,0.6376214765145668
3821,gig_delivery,0,0.7986265600372174
3822,daily_wage_labourer,0,0.5188025887910352
3823,street_vendor,0,0.40765455933761263
3824,gig_delivery,0,0.4653649234418893
3825,daily_wage_labourer,0,0.5586459809795411
3826,street_vendor,0,0.28006642613165506
3827,daily_wage_labourer,0,0.5180186446794434
3828,domestic_worker,0,0.1623888433538726
3829,gig_delivery,0,0.584951755069721
3830,daily_wage_labourer,0,0.5228546835805459
3831,gig_delivery,0,0.771408194112101
3832,daily_wage_labourer,0,0.39112901250979015
3833,daily_wage_labourer,0,0.5393718086432491
3834,street_vendor,0,0.2677947817221442
3835,daily_wage_labourer,0,0.4204372293330542
3836,gig_delivery,0,0.7990254147401782
3837,street_vendor,0,0.03798805293435353
3838,gig_delivery,0,0.551328769095314
3839,street_vendor,0,0.6500799174007461
3840,gig_delivery,0,0.7137048103192744
3841,gig_delivery,0,0.8210846197385689
3842,gig_delivery,0,0.7232010857116781
3843,gig_delivery,0,0.6745786624683054
3844,domestic_worker,0,0.43690429099332206
3845,daily_wage_labourer,0,0.6100705437206119
3846,gig_delivery,1,0.4434807157837651
3847,gig_delivery,0,0.7419182480610306
3848,street_vendor,0,0.4534976370049536
3849,street_vendor,0,0.5214883410118822
3850,daily_wage_labourer,0,0.43600002162295254
3851,street_vendor,0,0.5743687594268325
3852,daily_wage_labourer,0,0.6202124019941159
3853,daily_wage_labourer,0,0.4093007979287235
3854,gig_delivery,0,0.5619741009739082
3855,street_vendor,0,0.626347160952855
3856,gig_delivery,0,0.6976586935044192
3857,daily_wage_labourer,0,0.4232699115811629
3858,gig_delivery,0,0.5178733167146365
3859,street_vendor,0,0.7090288529139689
3860,daily_wage_labourer,0,0.6238374383442036
3861,street_vendor,0,0.6262665178401741
3862,gig_delivery,0,0.6633250072334651
3863,daily_wage_labourer,0,0.6943795619236767
3864,domestic_worker,0,0.3545712033337061
3865,daily_wage_labourer,0,0.5395747210563753
3866,daily_wage_labourer,0,0.3605891598058441
3867,street_vendor,0,0.45659328881778183
3868,gig_delivery,0,0.6793796097246451
3869,daily_wage_labourer,0,0.24232269090726344
3870,daily_wage_labourer,0,0.4843957505020556
3871,street_vendor,0,0.5735762247248085
3872,street_vendor,0,0.6808339579049104
3873,street_vendor,0,0.749100443248995
3874,domestic_worker,0,0.36724009805755786
3875,daily_wage_labourer,0,0.33641935812799517
3876,street_vendor,0,0.6728064277486964
3877,domestic_worker,0,0.04039650577525444
3878,street_vendor,0,0.3995847144420086
3879,daily_wage_labourer,0,0.48738861358549485
3880,gig_delivery,0,0.6033668470613978
3881,domestic_worker,0,0.49493265669069586
3882,gig_delivery,0,0.6681704218131175
3883,daily_wage_labourer,0,0.6054781533011627
3884,domestic_worker,0,0.46269692857980077
3885,street_vendor,0,0.7960126019923953
3886,domestic_worker,0,0.5443547546190268
3887,gig_delivery,0,0.5275539926690291
3888,domestic_worker,0,0.46860341147974355
3889,street_vendor,0,0.481562870723966
3890,street_vendor,0,0.6476843223427363
3891,gig_delivery,0,0.6667678496383302
3892,daily_wage_labourer,0,0.5397203433389657
3893,daily_wage_labourer,0,0.7785175426443273
3894,domestic_worker,1,0.2691633435701931
3895,gig_delivery,0,0.5685883758258974
3896,daily_wage_labourer,0,0.36202988586434304
3897,daily_wage_labourer,0,0.354296393066473
3898,street_vendor,0,0.5727869234611589
3899,street_vendor,0,0.6131568058038833
3900,street_vendor,0,0.32347614283472637
3901,gig_delivery,0,0.8782994469814279
3902,gig_delivery,0,0.6974777556474087
3903,daily_wage_labourer,0,0.30422390637654906
3904,daily_wage_labourer,0,0.4235407119466969
3905,gig_delivery,0,0.48409023616456703
3906,gig_delivery,0,0.8616131081313104
3907,domestic_worker,0,0.41219033454938875
3908,daily_wage_labourer,0,0.13961841657754875
3909,gig_delivery,0,0.5804549449117836
3910,daily_wage_labourer,1,0.37052209392177676
3911,daily_wage_labourer,0,0.3571559990665808
3912,domestic_worker,0,0.555463477064478
3913,daily_wage_labourer,0,0.4848435375404115
3914,daily_wage_labourer,0,0.1415278036007413
3915,daily_wage_labourer,0,0.4822965912360155
3916,daily_wage_labourer,0,0.4132228535468621
3917,daily_wage_labourer,0,0.6232587236487251
3918,gig_delivery,0,0.6401062618819136
3919,daily_wage_labourer,0,0.6638319880311185
3920,street_vendor,0,0.7650163791693808
3921,domestic_worker,0,0.35898171938858264
3922,daily_wage_labourer,1,0.4960853046148966
3923,domestic_worker,0,0.6187176721229521
3924,street_vendor,1,0.27824998745338164
3925,daily_wage_labourer,1,0.6139211259093692
3926,daily_wage_labourer,0,0.3173204947490816
3927,gig_delivery,0,0.6968306693093475
3928,street_vendor,0,0.3505825818261985
3929,domestic_worker,0,0.19565020289075286
3930,daily_wage_labourer,0,0.5103566592183547
3931,daily_wage_labourer,0,0.3748196935376717
3932,daily_wage_labourer,0,0.3950643779143746
3933,street_vendor,0,0.7259641623872003
3934,daily_wage_labourer,0,0.44039079031674294
3935,street_vendor,0,0.5734284760456927
3936,daily_wage_labourer,0,0.6899888121937133
3937,gig_delivery,0,0.6840220394924673
3938,daily_wage_labourer,0,0.3642835778979257
3939,street_vendor,0,0.52833874068998
3940,street_vendor,0,0.5180491716697545
3941,street_vendor,0,0.4690535193304651
3942,street_vendor,1,0.6237236275122708
3943,gig_delivery,0,0.4527983139443774
3944,street_vendor,0,0.4420743805365025
3945,domestic_worker,0,0.7070871703065862
3946,street_vendor,0,0.5478994216359124
3947,street_vendor,0,0.6783093161357533
3948,domestic_worker,0,0.5239216546037788
3949,street_vendor,0,0.35960765371452574
3950,daily_wage_labourer,0,0.3244133277343833
3951,domestic_worker,0,0.33882233322752014
3952,domestic_worker,0,0.2648867413547139
3953,gig_delivery,0,0.826888699288019
3954,street_vendor,1,0.5063393109300369
3955,daily_wage_labourer,0,0.46440845771908773
3956,domestic_worker,0,0.22796815799927453
3957,domestic_worker,0,0.5955362318957098
3958,street_vendor,0,0.42313927039111116
3959,daily_wage_labourer,0,0.3355501995509466
3960,daily_wage_labourer,0,0.34523442560637985
3961,street_vendor,0,0.4580369033647974
3962,gig_delivery,0,0.39685096880647996
3963,street_vendor,0,0.5903450136913766
3964,daily_wage_labourer,0,0.5118497285160718
3965,street_vendor,0,0.48779537245124666
3966,daily_wage_labourer,0,0.03061316209885029
3967,street_vendor,0,0.6659564074785437
3968,daily_wage_labourer,0,0.38503102413094586
3969,street_vendor,0,0.4491665065091361
3970,domestic_worker,0,0.6035565323991301
3971,street_vendor,0,0.7917222883286531
3972,daily_wage_labourer,0,0.4206675268338667
3973,street_vendor,0,0.6095790533852743
3974,street_vendor,0,0.3503595293199787
3975,street_vendor,0,0.4399951473978174
3976,street_vendor,0,0.3961732403571193
3977,street_vendor,0,0.40716311555357465
3978,daily_wage_labourer,0,0.30262831817904007
3979,gig_delivery,0,0.2765721165884254
3980,street_vendor,0,0.8381772604264595
3981,daily_wage_labourer,0,0.6163171850670327
3982,daily_wage_labourer,0,0.6237681564520785
3983,street_vendor,0,0.5279513680382536
3984,daily_wage_labourer,0,0.3563718339506712
3985,street_vendor,0,0.7298777533347346
3986,street_vendor,0,0.3419486408807265
3987,daily_wage_labourer,0,0.4295975910817927
3988,domestic_worker,0,0.5429697720145616
3989,domestic_worker,0,0.43982231395709553
3990,domestic_worker,0,0.47402077521664304
3991,daily_wage_labourer,0,0.5854357860346624
3992,street_vendor,0,0.2954808054508839
3993,daily_wage_labourer,0,0.11810546609575036
3994,street_vendor,0,0.23821002315729667
3995,street_vendor,0,0.5257014069604805
3996,street_vendor,0,0.4263815710275166
3997,daily_wage_labourer,0,0.1529773459479374
3998,daily_wage_labourer,1,0.4520645133840894
3999,street_vendor,0,0.6847188993498489
4000,gig_delivery,0,0.7739935619351387
4001,daily_wage_labourer,0,0.35883459843228865
4002,domestic_worker,0,0.21404408103517794
4003,street_vendor,0,0.310018045010612
4004,daily_wage_labourer,0,0.49932723467053886
4005,street_vendor,0,0.6229234344551772
4006,daily_wage_labourer,0,0.360779323031907
4007,street_vendor,0,0.5767212120119363
4008,street_vendor,0,0.5528497785347463
4009,gig_delivery,0,0.6401783279495981
4010,street_vendor,0,0.3797101029946099
4011,street_vendor,1,0.6179717204103888
4012,domestic_worker,0,0.3310128843858323
4013,street_vendor,0,0.6477786810431698
4014,daily_wage_labourer,0,0.44863342478293516
4015,daily_wage_labourer,0,0.59213468256128
4016,street_vendor,0,0.5388826843643069
4017,daily_wage_labourer,0,0.26295901257856985
4018,street_vendor,0,0.4160409406689257
4019,gig_delivery,0,0.578973682964544
4020,street_vendor,0,0.4821113812376009
4021,street_vendor,0,0.2701631043760651
4022,daily_wage_labourer,0,0.5561741583940224
4023,domestic_worker,0,0.2737051758057105
4024,gig_delivery,0,0.8769816320700577
4025,domestic_worker,0,0.3204795454566056
4026,gig_delivery,0,0.776898966163645
4027,gig_delivery,0,0.25224599728734487
4028,daily_wage_labourer,0,0.2626709542343651
4029,domestic_worker,1,0.28754525396236574
4030,daily_wage_labourer,0,0.4606315075777954
4031,daily_wage_labourer,0,0.5320632727038764
4032,gig_delivery,0,0.6686972578328205
4033,daily_wage_labourer,0,0.24472680792352586
4034,street_vendor,0,0.6874160350337942
4035,daily_wage_labourer,0,0.4379832999088776
4036,daily_wage_labourer,0,0.43384561236263297
4037,gig_delivery,0,0.7268698449499477
4038,daily_wage_labourer,0,0.6247664811373262
4039,gig_delivery,0,0.5142156854866244
4040,daily_wage_labourer,0,0.40816504715950946
4041,gig_delivery,0,0.758164019327766
4042,street_vendor,0,0.5898598718742696
4043,domestic_worker,0,0.46808114574722715
4044,daily_wage_labourer,0,0.5925942843360129
4045,street_vendor,0,0.5041097547377669
4046,street_vendor,1,0.5748717644196643
4047,street_vendor,0,0.029424780754760127
4048,daily_wage_labourer,0,0.4207811133840798
4049,gig_delivery,0,0.5202118787885301
4050,domestic_worker,0,0.5973850477985985
4051,gig_delivery,0,0.4815922116696587
4052,daily_wage_labourer,0,0.33887858792186165
4053,daily_wage_labourer,0,0.3661590795005386
4054,gig_delivery,0,0.5965060578255857
4055,gig_delivery,0,0.6930089281996757
4056,street_vendor,1,0.432429342975168
4057,domestic_worker,0,0.4878150162720798
4058,daily_wage_labourer,0,0.5241450363543996
4059,gig_delivery,0,0.820110349443345
4060,domestic_worker,0,0.48180643325040146
4061,gig_delivery,0,0.7327514039424841
4062,street_vendor,0,0.49460545853619636
4063,daily_wage_labourer,0,0.27087073740715223
4064,street_vendor,0,0.46290160036413486
4065,gig_delivery,1,0.9059229795200954
4066,street_vendor,0,0.527278419819194
4067,gig_delivery,0,0.5478565932747224
4068,domestic_worker,0,0.5287245679909225
4069,street_vendor,0,0.5642886495338001
4070,daily_wage_labourer,1,0.5084601258063101
4071,gig_delivery,0,0.6734592620262789
4072,daily_wage_labourer,0,0.3265794321852735
4073,street_vendor,0,0.7896734897583347
4074,street_vendor,1,0.4527709369463963
4075,daily_wage_labourer,0,0.492449699655143
4076,gig_delivery,0,0.41528440860855154
4077,daily_wage_labourer,0,0.652057485915931
4078,street_vendor,0,0.6977621416021
4079,daily_wage_labourer,0,0.41821340670878654
4080,daily_wage_labourer,0,0.3428098948755819
4081,street_vendor,0,0.4533719405869139
4082,gig_delivery,0,0.5232538529599083
4083,daily_wage_labourer,0,0.12466083168242348
4084,daily_wage_labourer,0,0.427756234703142
4085,domestic_worker,0,0.09512544307605031
4086,daily_wage_labourer,0,0.586869293853827
4087,gig_delivery,0,0.6384555077767236
4088,street_vendor,0,0.6673905936705211
4089,street_vendor,0,0.6127083009015117
4090,street_vendor,0,0.6963683861622486
4091,gig_delivery,0,0.4889185558481125
4092,gig_delivery,0,0.696562274372306
4093,street_vendor,0,0.35628081211631235
4094,street_vendor,0,0.37781653716718844
4095,daily_wage_labourer,0,0.48655167491563556
4096,daily_wage_labourer,0,0.26021427321313867
4097,gig_delivery,0,0.4821757142851194
4098,gig_delivery,0,0.6638801694135017
4099,domestic_worker,0,0.30974553028998086
4100,street_vendor,0,0.6215538707617052
4101,gig_delivery,0,0.6956904541582388
4102,daily_wage_labourer,0,0.6054669596538672
4103,daily_wage_labourer,0,0.6122919952508385
4104,domestic_worker,0,0.6008740429768245
4105,street_vendor,0,0.4563992350511726
4106,gig_delivery,0,0.8101148073701151
4107,gig_delivery,0,0.32196379488285987
4108,domestic_worker,0,0.5546009043726761
4109,daily_wage_labourer,0,0.45765645265816085
4110,daily_wage_labourer,0,0.44327625794794545
4111,gig_delivery,0,0.8756679049714132
4112,gig_delivery,1,0.708377653354055
4113,daily_wage_labourer,0,0.3332454779801893
4114,gig_delivery,0,0.8620342769616074
4115,street_vendor,0,0.35200633308056883
4116,daily_wage_labourer,0,0.324654120405574
4117,domestic_worker,0,0.3482473116655478
4118,daily_wage_labourer,0,0.5260419876397926
4119,daily_wage_labourer,0,0.5571712307401813
4120,domestic_worker,0,0.5876388337217708
4121,gig_delivery,0,0.6378761653255167
4122,domestic_worker,0,0.4930007804115213
4123,daily_wage_labourer,0,0.48758030989795476
4124,domestic_worker,0,0.5172071645629397
4125,street_vendor,0,0.4048317834882818
4126,daily_wage_labourer,0,0.5886227696945373
4127,daily_wage_labourer,0,0.4093796808196494
4128,gig_delivery,0,0.8015711051772738
4129,domestic_worker,0,0.5506895342004077
4130,gig_delivery,0,0.8095567614693543
4131,gig_delivery,0,0.6291063898190992
4132,daily_wage_labourer,0,0.614039334421499
4133,daily_wage_labourer,0,0.6152050349311908
4134,daily_wage_labourer,0,0.4434881110557996
4135,street_vendor,0,0.5619697902816825
4136,daily_wage_labourer,0,0.3587638777908037
4137,domestic_worker,0,0.2748948071932991
4138,gig_delivery,0,0.5182527656194138
4139,gig_delivery,0,0.6668703673079324
4140,daily_wage_labourer,0,0.5759208966458829
4141,daily_wage_labourer,0,0.7496533379000369
4142,street_vendor,0,0.4591306728219279
4143,daily_wage_labourer,0,0.48838177089324103
4144,daily_wage_labourer,0,0.523168737393188
4145,street_vendor,0,0.52225785329654
4146,street_vendor,0,0.8102860375773409
4147,gig_delivery,0,0.4212873386890079
4148,daily_wage_labourer,0,0.3587254701072751
4149,daily_wage_labourer,0,0.6092149203339674
4150,street_vendor,0,0.1758310362892854
4151,daily_wage_labourer,0,0.5708219017095553
4152,daily_wage_labourer,0,0.46673802178492163
4153,daily_wage_labourer,0,0.5182334983004826
4154,daily_wage_labourer,0,0.6423806564813609
4155,street_vendor,0,0.5071663770743395
4156,domestic_worker,0,0.41717051503597885
4157,street_vendor,0,0.5175639662608277
4158,daily_wage_labourer,0,0.011956402493265461
4159,street_vendor,0,0.4391803149361184
4160,daily_wage_labourer,0,0.2964203993826395
4161,street_vendor,0,0.5202411979596577
4162,domestic_worker,0,0.4210198051375679
4163,daily_wage_labourer,0,0.6614756488649276
4164,gig_delivery,0,0.7441809786982444
4165,street_vendor,0,0.5136248265318631
4166,street_vendor,0,0.8292910155182914
4167,daily_wage_labourer,0,0.471799410647672
4168,daily_wage_labourer,0,0.3830395607427374
4169,daily_wage_labourer,0,0.4324360606820345
4170,domestic_worker,0,0.6013419590468843
4171,gig_delivery,0,0.527113518650366
4172,domestic_worker,0,0.5461010641392958
4173,street_vendor,0,0.5449119308851246
4174,gig_delivery,0,0.23495613177673302
4175,daily_wage_labourer,0,0.5283719092940273
4176,gig_delivery,0,0.8098615043231924
4177,domestic_worker,0,0.2850600351821385
4178,gig_delivery,0,0.8343092681380465
4179,domestic_worker,0,0.5391255204445535
4180,gig_delivery,0,0.6296628092624045
4181,street_vendor,0,0.5627565513615725
4182,gig_delivery,0,0.5228634387267551
4183,daily_wage_labourer,0,0.2652414122000175
4184,domestic_worker,0,0.607810877672109
4185,gig_delivery,0,0.681643641962103
4186,street_vendor,0,0.41460019448098717
4187,street_vendor,0,0.4748777469515143
4188,street_vendor,0,0.5650978820562336
4189,daily_wage_labourer,0,0.5331549311932371
4190,street_vendor,0,0.5401828044831789
4191,gig_delivery,0,0.76324657860036
4192,daily_wage_labourer,0,0.5624080404285957
4193,gig_delivery,0,0.5421095479139969
4194,street_vendor,0,0.7004756445230079
4195,daily_wage_labourer,0,0.347972361476981
4196,street_vendor,0,0.5092005703806657
4197,domestic_worker,0,0.11458942030605118
4198,street_vendor,0,0.12394419083894775
4199,street_vendor,0,0.587099820215038
4200,street_vendor,0,0.24784449138965783
4201,gig_delivery,0,0.516611689775342
4202,street_vendor,0,0.6405604116066939
4203,gig_delivery,0,0.7633052462289804
4204,gig_delivery,0,0.5023861303072097
4205,gig_delivery,0,0.473011145258482
4206,street_vendor,0,0.5785090239553251
4207,street_vendor,0,0.32224535538960114
4208,daily_wage_labourer,0,0.2115863013727105
4209,street_vendor,1,0.3024906682651547
4210,gig_delivery,0,0.8156662671430274
4211,daily_wage_labourer,0,0.23122724916800058
4212,daily_wage_labourer,0,0.5461152295295215
4213,street_vendor,0,0.6044944010991085
4214,daily_wage_labourer,0,0.19752038340040662
4215,street_vendor,0,0.39800196179635555
4216,gig_delivery,0,0.920639455762647
4217,street_vendor,0,0.420353090104955
4218,domestic_worker,0,0.5495681465340321
4219,gig_delivery,0,0.46427752773734954
4220,street_vendor,0,0.33495011360445837
4221,street_vendor,0,0.5046448283193359
4222,daily_wage_labourer,0,0.5757245106605042
4223,street_vendor,0,0.48350283732329435
4224,street_vendor,0,0.6942942543611319
4225,domestic_worker,0,0.4383095794705408
4226,gig_delivery,0,0.7298287839709113
4227,street_vendor,0,0.5619470606668123
4228,daily_wage_labourer,0,0.6783593477989369
4229,street_vendor,0,0.6113093199947217
4230,domestic_worker,0,0.3264732059368048
4231,street_vendor,0,0.33660382004936534
4232,gig_delivery,0,0.5881250109794149
4233,gig_delivery,0,0.7011389887706169
4234,street_vendor,0,0.5136190311474301
4235,street_vendor,0,0.5965604285370756
4236,daily_wage_labourer,0,0.1720139487355339
4237,domestic_worker,0,0.3663163577417938
4238,daily_wage_labourer,0,0.2021940480666441
4239,gig_delivery,0,0.7838623206205132
4240,gig_delivery,0,0.5934882794412332
4241,gig_delivery,0,0.2640074303467872
4242,daily_wage_labourer,0,0.20689583221041308
4243,daily_wage_labourer,0,0.6914050039489161
4244,gig_delivery,0,0.39534826721410254
4245,street_vendor,0,0.4992089649663792
4246,domestic_worker,0,0.2497511749780425
4247,street_vendor,0,0.597834647206007
4248,street_vendor,0,0.6163545584575544
4249,gig_delivery,0,0.6377006721537981
4250,daily_wage_labourer,0,0.46984971260731145
4251,street_vendor,0,0.4680177750676124
4252,street_vendor,0,0.12025472568605475
4253,daily_wage_labourer,0,0.5889242456300872
4254,gig_delivery,0,0.5929896942951622
4255,street_vendor,0,0.49855189532398975
4256,street_vendor,0,0.839251445392817
4257,daily_wage_labourer,0,0.4459161412941543
4258,domestic_worker,0,0.398312705792553
4259,street_vendor,0,0.5639618190540938
4260,domestic_worker,0,0.3392887453493659
4261,domestic_worker,0,0.46721504994271984
4262,street_vendor,0,0.40625206964776406
4263,gig_delivery,0,0.6392073759546387
4264,gig_delivery,0,0.727959220643809
4265,daily_wage_labourer,0,0.3982023951651423
4266,daily_wage_labourer,0,0.3082738633527902
4267,gig_delivery,0,0.9380087585083036
4268,gig_delivery,0,0.8546028430702742
4269,gig_delivery,0,0.6897936866132758
4270,domestic_worker,0,0.4344451092748645
4271,daily_wage_labourer,0,0.5591448620185381
4272,gig_delivery,0,0.7113345502880067
4273,domestic_worker,0,0.24822154049170872
4274,street_vendor,0,0.6077409055507255
4275,street_vendor,1,0.43729553405631894
4276,daily_wage_labourer,0,0.537000911274128
4277,domestic_worker,0,0.3919920226697236
4278,street_vendor,0,0.7395816637522055
4279,gig_delivery,0,0.5590551056644366
4280,street_vendor,0,0.4150513877734152
4281,daily_wage_labourer,0,0.5397418517258913
4282,gig_delivery,0,0.718881929212135
4283,street_vendor,0,0.6630294457081686
4284,domestic_worker,0,0.2882435738951888
4285,street_vendor,0,0.7004843844221187
4286,domestic_worker,0,0.2081027322740578
4287,street_vendor,0,0.4599635715332574
4288,domestic_worker,0,0.5915249516583256
4289,gig_delivery,0,0.395941751284542
4290,street_vendor,0,0.42709518259082024
4291,street_vendor,0,0.529501238237269
4292,street_vendor,0,0.6015097661471472
4293,daily_wage_labourer,0,0.483202567305391
4294,gig_delivery,1,0.6222591744310536
4295,daily_wage_labourer,0,0.4008702906521467
4296,daily_wage_labourer,0,0.5014650286467184
4297,daily_wage_labourer,0,0.42314160882614854
4298,daily_wage_labourer,1,0.5709623601294216
4299,gig_delivery,0,0.57916759792335
4300,daily_wage_labourer,0,0.2918377696132739
4301,gig_delivery,0,0.8060323634062455
4302,domestic_worker,0,0.5152795447326011
4303,daily_wage_labourer,0,0.23275183798393995
4304,street_vendor,0,0.3423183471237505
4305,street_vendor,0,0.6118647218550894
4306,daily_wage_labourer,0,0.45557140120773104
4307,daily_wage_labourer,0,0.32094298680160593
4308,domestic_worker,0,0.6675508812396054
4309,gig_delivery,0,0.5380386997228573
4310,daily_wage_labourer,0,0.46229025345188923
4311,gig_delivery,0,0.6853838843227377
4312,street_vendor,0,0.636816032425963
4313,gig_delivery,0,0.552899992858027
4314,street_vendor,0,0.4404284429241459
4315,gig_delivery,0,0.7108548386695507
4316,domestic_worker,0,0.475985701592964
4317,gig_delivery,0,0.6210609099605722
4318,domestic_worker,0,0.40267997961963814
4319,daily_wage_labourer,0,0.4176608454343898
4320,gig_delivery,0,0.7532418586544465
4321,daily_wage_labourer,0,0.6432211896975352
4322,gig_delivery,0,0.5324061134707893
4323,street_vendor,0,0.6421793981805693
4324,street_vendor,0,0.11426545170847036
4325,daily_wage_labourer,0,0.5484764524794185
4326,street_vendor,0,0.6217569092854367
4327,gig_delivery,0,0.769981705946469
4328,gig_delivery,0,0.6903178464150685
4329,domestic_worker,0,0.5652793406834227
4330,street_vendor,0,0.6390811884528792
4331,domestic_worker,0,0.5716211357336387
4332,street_vendor,0,0.6208103241366617
4333,daily_wage_labourer,0,0.3039693331593138
4334,gig_delivery,0,0.6472719657169667
4335,street_vendor,0,0.6928804622518151
4336,street_vendor,0,0.5229811609617727
4337,street_vendor,0,0.5795954083275164
4338,daily_wage_labourer,0,0.5009425191180287
4339,gig_delivery,0,0.6761213315309059
4340,street_vendor,0,0.5565438099712571
4341,street_vendor,0,0.6488430997544532
4342,daily_wage_labourer,0,0.28001065257318253
4343,street_vendor,0,0.7600336839315238
4344,gig_delivery,0,0.6391832709975934
4345,domestic_worker,0,0.48023678320721286
4346,gig_delivery,0,0.7387676734154253
4347,domestic_worker,0,0.3636448106054896
4348,daily_wage_labourer,0,0.34602993167501794
4349,gig_delivery,0,0.7709817999639494
4350,street_vendor,0,0.21073084293548838
4351,street_vendor,0,0.3970740514206214
4352,gig_delivery,0,0.9322039635348042
4353,street_vendor,1,0.5787839843808228
4354,domestic_worker,0,0.01049478272529586
4355,gig_delivery,0,0.6356759533596893
4356,domestic_worker,0,0.3398312616926214
4357,daily_wage_labourer,0,0.38610197040128125
4358,daily_wage_labourer,0,0.340129303751081
4359,gig_delivery,0,0.6230888341847043
4360,street_vendor,0,0.43342981381828605
4361,daily_wage_labourer,0,0.46687215826188744
4362,gig_delivery,0,0.5823956596921583
4363,domestic_worker,0,0.33170144020446973
4364,gig_delivery,0,0.5207700862782325
4365,street_vendor,0,0.6047897569766774
4366,daily_wage_labourer,0,0.3436263114957443
4367,daily_wage_labourer,0,0.5536740688520307
4368,street_vendor,0,0.44115038147177
4369,daily_wage_labourer,0,0.5217264535485563
4370,street_vendor,0,0.5955758318123848
4371,street_vendor,0,0.5409146284427077
4372,daily_wage_labourer,0,0.5787517783903889
4373,street_vendor,0,0.6858052815390412
4374,daily_wage_labourer,0,0.5172610766775134
4375,street_vendor,0,0.3862916738535576
4376,gig_delivery,0,0.45411872062645287
4377,street_vendor,0,0.30500548401289596
4378,domestic_worker,0,0.6059549989879878
4379,street_vendor,0,0.4980669238099116
4380,daily_wage_labourer,0,0.47020895603868673
4381,daily_wage_labourer,0,0.40861867409843
4382,street_vendor,0,0.62766016842733
4383,daily_wage_labourer,0,0.4418610339423058
4384,gig_delivery,0,0.5779533635551042
4385,domestic_worker,0,0.467338713637865
4386,daily_wage_labourer,0,0.584099657424084
4387,street_vendor,0,0.4010432942860314
4388,gig_delivery,0,0.6987831251579436
4389,daily_wage_labourer,1,0.3140102974209125
4390,street_vendor,0,0.5410268313648295
4391,gig_delivery,0,0.7641712368577124
4392,daily_wage_labourer,0,0.6127434695049007
4393,gig_delivery,0,0.7302354286813585
4394,daily_wage_labourer,0,0.34036495884818546
4395,daily_wage_labourer,1,0.4262927076197521
4396,street_vendor,0,0.4795417314791564
4397,gig_delivery,0,0.5287488110410314
4398,street_vendor,0,0.45884422859374224
4399,gig_delivery,0,0.4794102609979659
4400,gig_delivery,0,0.6384681594186202
4401,gig_delivery,0,0.6528796476774373
4402,street_vendor,0,0.5541903123018017
4403,street_vendor,0,0.570388795638713
4404,daily_wage_labourer,0,0.4913276146406583
4405,daily_wage_labourer,0,0.5627249272451779
4406,domestic_worker,0,0.5629303015968874
4407,daily_wage_labourer,0,0.3510925187612036
4408,domestic_worker,0,0.6393131696177221
4409,street_vendor,0,0.47628546214709067
4410,daily_wage_labourer,0,0.5500480274604801
4411,street_vendor,0,0.438940793672577
4412,gig_delivery,0,0.6757470368313996
4413,street_vendor,0,0.4836965312601977
4414,street_vendor,0,0.3426903699331167
4415,gig_delivery,0,0.6006116518991511
4416,daily_wage_labourer,0,0.4401475726100092
4417,street_vendor,0,0.35721022684836823
4418,street_vendor,0,0.5809169604747119
4419,daily_wage_labourer,0,0.6720243419291722
4420,daily_wage_labourer,1,0.4986253604225208
4421,street_vendor,0,0.322411065571771
4422,gig_delivery,0,0.8027901367518538
4423,street_vendor,0,0.5811676505003533
4424,daily_wage_labourer,0,0.7478173183947611
4425,daily_wage_labourer,0,0.5934974049365479
4426,street_vendor,0,0.4740121267826095
4427,street_vendor,0,0.7795061480988515
4428,street_vendor,0,0.40113324896690394
4429,street_vendor,1,0.6301666782773272
4430,daily_wage_labourer,0,0.3443282119291649
4431,domestic_worker,0,0.4593261752434735
4432,gig_delivery,0,0.8367348198949095
4433,daily_wage_labourer,0,0.5738484006173429
4434,daily_wage_labourer,0,0.387664161885811
4435,daily_wage_labourer,0,0.6445479175737373
4436,gig_delivery,0,0.8763612253673039
4437,street_vendor,0,0.5951520825913836
4438,street_vendor,0,0.50258490037891
4439,daily_wage_labourer,0,0.42366820708479197
4440,street_vendor,0,0.6212928386391414
4441,daily_wage_labourer,0,0.34869998434094307
4442,domestic_worker,0,0.15997576385655465
4443,domestic_worker,1,0.6179643896588929
4444,street_vendor,0,0.39642019336602924
4445,daily_wage_labourer,0,0.6542243972545866
4446,daily_wage_labourer,0,0.6016034347878761
4447,daily_wage_labourer,0,0.5398645292194733
4448,daily_wage_labourer,0,0.5474153692759623
4449,street_vendor,1,0.4916921294221499
4450,gig_delivery,0,0.8707226035991174
4451,domestic_worker,0,0.5085593548049449
4452,gig_delivery,0,0.8121398458909493
4453,gig_delivery,0,0.48545393956800287
4454,daily_wage_labourer,0,0.22825140048589249
4455,daily_wage_labourer,0,0.33477275887918145
4456,street_vendor,0,0.5465221150685121
4457,daily_wage_labourer,0,0.5428243751742527
4458,street_vendor,0,0.2923389449572328
4459,gig_delivery,0,0.513118749288965
4460,daily_wage_labourer,0,0.42266460339803674
4461,daily_wage_labourer,0,0.22993066569554232
4462,daily_wage_labourer,0,0.41042575242899454
4463,domestic_worker,0,0.6901590163450113
4464,street_vendor,1,0.5639415807230759
4465,street_vendor,1,0.7946987327349136
4466,street_vendor,0,0.3103079805031255
4467,gig_delivery,0,0.5254804778982997
4468,domestic_worker,0,0.42878276698245316
4469,street_vendor,1,0.5639717450628857
4470,domestic_worker,0,0.5540396491027876
4471,street_vendor,0,0.5226444225542644
4472,gig_delivery,0,0.7113429054909595
4473,street_vendor,0,0.6364861618953686
4474,daily_wage_labourer,0,0.7310371684727033
4475,gig_delivery,1,0.7278405937159269
4476,daily_wage_labourer,0,0.5275959343813413
4477,street_vendor,0,0.41853147466378005
4478,gig_delivery,0,0.8296016593924106
4479,domestic_worker,0,0.46934975439357574
4480,daily_wage_labourer,1,0.3554806918491042
4481,gig_delivery,0,0.6195558366936145
4482,gig_delivery,0,0.6952649314652705
4483,street_vendor,0,0.6075238497905032
4484,domestic_worker,0,0.10953728760926423
4485,street_vendor,0,0.6487199129146605
4486,gig_delivery,0,0.5789959083843501
4487,street_vendor,0,0.22962782012978672
4488,street_vendor,1,0.6018360886828874
4489,daily_wage_labourer,0,0.31434343435432316
4490,daily_wage_labourer,0,0.47891627673540155
4491,domestic_worker,0,0.513323398315015
4492,domestic_worker,0,0.3928231136564014
4493,street_vendor,0,0.6798355733655199
4494,street_vendor,0,0.36544459244683525
4495,daily_wage_labourer,0,0.49961973646790786
4496,daily_wage_labourer,0,0.3930055584913352
4497,daily_wage_labourer,0,0.4156249473840827
4498,domestic_worker,0,0.2925855880113597
4499,gig_delivery,0,0.6384437565196032
4500,street_vendor,0,0.7066313951709347
4501,daily_wage_labourer,0,0.3948358468450747
4502,gig_delivery,0,0.8011557571700718
4503,daily_wage_labourer,0,0.6891875280391959
4504,street_vendor,0,0.6638367776839972
4505,daily_wage_labourer,0,0.4363794860541657
4506,daily_wage_labourer,0,0.5513398541615174
4507,street_vendor,0,0.6110706478720115
4508,gig_delivery,0,0.5432641370749217
4509,daily_wage_labourer,0,0.33672270504429774
4510,daily_wage_labourer,0,0.597366755742714
4511,daily_wage_labourer,0,0.46329873778963804
4512,domestic_worker,0,0.5394968572067118
4513,street_vendor,0,0.7813838310028046
4514,street_vendor,1,0.6604653121632715
4515,daily_wage_labourer,0,0.26380849010834995
4516,daily_wage_labourer,1,0.475899518178411
4517,street_vendor,0,0.741512210481557
4518,gig_delivery,0,0.4861234043288607
4519,street_vendor,0,0.7941429108916929
4520,street_vendor,0,0.6389255648113673
4521,daily_wage_labourer,0,0.6741252109923358
4522,gig_delivery,0,0.7835658987144688
4523,domestic_worker,0,0.6240485850099229
4524,gig_delivery,0,0.6316450126840004
4525,daily_wage_labourer,0,0.22674608453285594
4526,gig_delivery,0,0.5031401777764726
4527,gig_delivery,0,0.6794985378465084
4528,street_vendor,0,0.614087498487319
4529,daily_wage_labourer,0,0.43993980591577264
4530,gig_delivery,0,0.5262370826141496
4531,daily_wage_labourer,0,0.306764258477237
4532,gig_delivery,0,0.9409885487526434
4533,daily_wage_labourer,0,0.291467000172758
4534,daily_wage_labourer,0,0.39844047595826815
4535,street_vendor,0,0.31983589478136126
4536,gig_delivery,0,0.565346324197987
4537,domestic_worker,0,0.2911202000239784
4538,street_vendor,0,0.29420729964132025
4539,daily_wage_labourer,0,0.37864676462934
4540,street_vendor,0,0.7907696696783223
4541,street_vendor,0,0.3289095499691579
4542,domestic_worker,0,0.4863490673721245
4543,daily_wage_labourer,0,0.16193420710960377
4544,daily_wage_labourer,0,0.6205080540213829
4545,street_vendor,0,0.6699150095527681
4546,domestic_worker,0,0.5354979336904258
4547,street_vendor,0,0.4562264360218645
4548,gig_delivery,0,0.735419713009721
4549,street_vendor,0,0.4870170493137133
4550,street_vendor,0,0.5590130399134985
4551,gig_delivery,0,0.6928688319565119
4552,street_vendor,0,0.5864799243176031
4553,gig_delivery,0,0.5599810210748937
4554,street_vendor,0,0.5589758209939039
4555,gig_delivery,0,0.5246669187684451
4556,gig_delivery,0,0.8347912851617983
4557,gig_delivery,0,0.5805334963078072
4558,street_vendor,1,0.5541363269097687
4559,gig_delivery,0,0.3980269867031687
4560,domestic_worker,0,0.01
4561,street_vendor,0,0.5205561881685079
4562,street_vendor,0,0.4540923282716649
4563,gig_delivery,0,0.5530256811183386
4564,street_vendor,0,0.5372882447431441
4565,gig_delivery,0,0.7212356306388398
4566,gig_delivery,0,0.5999720069051128
4567,street_vendor,0,0.5151357159985341
4568,daily_wage_labourer,0,0.5131048172036851
4569,daily_wage_labourer,0,0.3049817352415916
4570,daily_wage_labourer,0,0.5810770544641899
4571,domestic_worker,0,0.48780441498734806
4572,street_vendor,0,0.3932665906749504
4573,daily_wage_labourer,0,0.21193051613274516
4574,gig_delivery,0,0.7340970428537608
4575,street_vendor,0,0.6417582268292428
4576,gig_delivery,0,0.6807411959035771
4577,street_vendor,0,0.6741402404685475
4578,daily_wage_labourer,0,0.44850838584563596
4579,street_vendor,0,0.36926119197927515
4580,gig_delivery,0,0.4972049523881902
4581,gig_delivery,0,0.5376876639684783
4582,gig_delivery,0,0.6542312533238225
4583,domestic_worker,1,0.25194296152875223
4584,gig_delivery,0,0.3496749278310013
4585,gig_delivery,0,0.8598189276376147
4586,daily_wage_labourer,0,0.4251889357799531
4587,domestic_worker,0,0.416014884656148
4588,gig_delivery,0,0.8297710221024449
4589,domestic_worker,0,0.21059594622903688
4590,street_vendor,0,0.5206862777986556
4591,daily_wage_labourer,0,0.09306266456505508
4592,gig_delivery,0,0.4305355059913095
4593,street_vendor,0,0.4779432940218107
4594,street_vendor,0,0.5633727309605768
4595,domestic_worker,0,0.41600528602251846
4596,daily_wage_labourer,0,0.5429520171537788
4597,street_vendor,0,0.6954823556485729
4598,daily_wage_labourer,0,0.5702731722150352
4599,daily_wage_labourer,0,0.466312071425936
4600,gig_delivery,0,0.6537268379886396
4601,domestic_worker,0,0.5139204411301042
4602,domestic_worker,0,0.5613701837135237
4603,gig_delivery,0,0.8864073446333521
4604,gig_delivery,0,0.6013460013851482
4605,daily_wage_labourer,0,0.27986009138638895
4606,domestic_worker,0,0.30200479326553703
4607,street_vendor,0,0.15684108323771506
4608,street_vendor,0,0.5984422924697924
4609,domestic_worker,0,0.5852045770694023
4610,domestic_worker,0,0.29420975766227736
4611,daily_wage_labourer,0,0.3641716446835575
4612,gig_delivery,0,0.8893467645247941
4613,daily_wage_labourer,0,0.5105804906546432
4614,daily_wage_labourer,0,0.45006999437566214
4615,street_vendor,0,0.20441854345392307
4616,street_vendor,0,0.6160186624724318
4617,daily_wage_labourer,0,0.42315261514218805
4618,daily_wage_labourer,1,0.017681876382906248
4619,daily_wage_labourer,0,0.2922772056377511
4620,street_vendor,0,0.4583032804368181
4621,domestic_worker,0,0.36643259264764655
4622,gig_delivery,0,0.5107675006203566
4623,domestic_worker,0,0.44872210874479507
4624,street_vendor,0,0.29317662259536886
4625,gig_delivery,0,0.7082053205868902
4626,gig_delivery,0,0.7718998098688429
4627,daily_wage_labourer,0,0.3484555847801802
4628,street_vendor,0,0.6072548338187272
4629,street_vendor,0,0.6152159987545801
4630,street_vendor,0,0.38783438487342614
4631,daily_wage_labourer,0,0.5876484926697974
4632,daily_wage_labourer,0,0.44856421984326145
4633,street_vendor,0,0.4407445535583884
4634,gig_delivery,0,0.4702647871062384
4635,street_vendor,0,0.7149337663940732
4636,daily_wage_labourer,0,0.5453474552984723
4637,gig_delivery,0,0.6884284438950443
4638,street_vendor,0,0.275337498649442
4639,street_vendor,0,0.5681568080628808
4640,street_vendor,0,0.8431360786606508
4641,street_vendor,0,0.7147828683227829
4642,daily_wage_labourer,0,0.5615453778858209
4643,street_vendor,0,0.4007914180443376
4644,street_vendor,0,0.5409834227691683
4645,domestic_worker,1,0.45709240787565136
4646,domestic_worker,0,0.43699435096512257
4647,street_vendor,0,0.6414024726502684
4648,daily_wage_labourer,0,0.26165168159907126
4649,daily_wage_labourer,0,0.41132266040290494
4650,gig_delivery,0,0.7700241496971761
4651,gig_delivery,0,0.28730455445602965
4652,street_vendor,0,0.5551666831579328
4653,street_vendor,0,0.6372710341785002
4654,daily_wage_labourer,0,0.35492213646214965
4655,domestic_worker,0,0.25927537440587334
4656,domestic_worker,0,0.4915744602738576
4657,street_vendor,0,0.22694506691312244
4658,daily_wage_labourer,1,0.10503788108060191
4659,street_vendor,0,0.5534249483901162
4660,gig_delivery,0,0.7254708120432749
4661,domestic_worker,0,0.30119460783272384
4662,daily_wage_labourer,1,0.46746970340085253
4663,street_vendor,0,0.5737405403703186
4664,daily_wage_labourer,0,0.3202078313009815
4665,daily_wage_labourer,0,0.7141150000041244
4666,gig_delivery,1,0.375789909764291
4667,daily_wage_labourer,0,0.20942162877852996
4668,domestic_worker,0,0.31628353182472674
4669,street_vendor,0,0.7318976144998627
4670,street_vendor,0,0.6076988525985281
4671,daily_wage_labourer,0,0.08717311500057168
4672,street_vendor,0,0.3824416899085107
4673,street_vendor,0,0.3475967283903943
4674,gig_delivery,0,0.7475269177920357
4675,street_vendor,0,0.3605217791728122
4676,street_vendor,0,0.6227881446035249
4677,street_vendor,0,0.4907304630546116
4678,street_vendor,0,0.6766496585793335
4679,domestic_worker,0,0.38291016512509657
4680,domestic_worker,0,0.3023778333620753
4681,street_vendor,1,0.7571444131715112
4682,gig_delivery,0,0.6370435024485707
4683,gig_delivery,1,0.5679108822581586
4684,domestic_worker,1,0.20591163592884776
4685,daily_wage_labourer,0,0.6055089471767853
4686,street_vendor,0,0.648975066982482
4687,daily_wage_labourer,0,0.2533404840688401
4688,domestic_worker,0,0.5361049135500988
4689,gig_delivery,0,0.6379938507706386
4690,daily_wage_labourer,0,0.5140105905664201
4691,street_vendor,0,0.6054584133336804
4692,gig_delivery,0,0.7432164288481499
4693,domestic_worker,0,0.5167734182591692
4694,daily_wage_labourer,0,0.4488830298128193
4695,gig_delivery,1,0.4224054976541076
4696,daily_wage_labourer,0,0.4520878034510822
4697,daily_wage_labourer,0,0.4523155842299925
4698,daily_wage_labourer,1,0.21673364796893013
4699,gig_delivery,0,0.8551687550291786
4700,domestic_worker,0,0.3449867573363923
4701,daily_wage_labourer,0,0.34389099585536315
4702,daily_wage_labourer,0,0.2166542613065672
4703,daily_wage_labourer,0,0.4428896846249196
4704,street_vendor,0,0.5547112760262578
4705,street_vendor,0,0.6224104584831819
4706,street_vendor,0,0.613284097844
4707,daily_wage_labourer,0,0.3948477140701138
4708,street_vendor,0,0.49238047395570295
4709,daily_wage_labourer,0,0.02085942387507378
4710,gig_delivery,0,0.526940594072158
4711,street_vendor,0,0.4687153840173335
4712,gig_delivery,0,0.8299323802931949
4713,domestic_worker,0,0.4597913244277532
4714,daily_wage_labourer,0,0.6360563966953907
4715,street_vendor,0,0.4732226387122732
4716,daily_wage_labourer,0,0.5468915885371856
4717,daily_wage_labourer,0,0.5210365162352705
4718,daily_wage_labourer,0,0.5470104401379217
4719,street_vendor,0,0.6923078845629406
4720,daily_wage_labourer,0,0.17863292683885174
4721,daily_wage_labourer,0,0.2902718238085584
4722,street_vendor,0,0.5572187567174867
4723,gig_delivery,0,0.6998727701791928
4724,street_vendor,0,0.7407834699577054
4725,daily_wage_labourer,0,0.509708379543862
4726,gig_delivery,0,0.2297362399213878
4727,street_vendor,0,0.856397656313682
4728,gig_delivery,0,0.6950735329761922
4729,daily_wage_labourer,0,0.6697657821431621
4730,daily_wage_labourer,0,0.5342961444794148
4731,domestic_worker,0,0.21634670057889777
4732,daily_wage_labourer,0,0.552913449047641
4733,street_vendor,1,0.6284047202605628
4734,domestic_worker,0,0.4672631804750861
4735,gig_delivery,0,0.477356428789412
4736,gig_delivery,1,0.5732024422098541
4737,street_vendor,0,0.7067047338714202
4738,street_vendor,0,0.45060266032241325
4739,gig_delivery,0,0.5724689510135068
4740,street_vendor,1,0.739928976407784
4741,street_vendor,0,0.35644720771873095
4742,gig_delivery,0,0.5662941664164061
4743,street_vendor,0,0.3889803591872435
4744,street_vendor,0,0.6727201062258003
4745,street_vendor,0,0.3689895770848157
4746,daily_wage_labourer,0,0.4555083581170211
4747,gig_delivery,0,0.8165797399573861
4748,domestic_worker,0,0.6039749857557828
4749,street_vendor,0,0.5615265315805671
4750,street_vendor,0,0.33379842574637886
4751,daily_wage_labourer,0,0.34995400221723544
4752,daily_wage_labourer,0,0.07967337048799966
4753,daily_wage_labourer,0,0.45705407940253423
4754,domestic_worker,0,0.3862023589528522
4755,daily_wage_labourer,0,0.27433104193472013
4756,daily_wage_labourer,0,0.42950457618501314
4757,domestic_worker,0,0.01
4758,street_vendor,0,0.5201404909083529
4759,domestic_worker,0,0.5056493877682988
4760,daily_wage_labourer,0,0.371903902749517
4761,daily_wage_labourer,0,0.34502953755497423
4762,domestic_worker,0,0.44187137366899076
4763,daily_wage_labourer,0,0.6541028409069056
4764,daily_wage_labourer,0,0.6529103101967322
4765,street_vendor,0,0.750135855856988
4766,gig_delivery,0,0.8101082266668148
4767,daily_wage_labourer,0,0.3666450063804853
4768,street_vendor,0,0.6855296303629553
4769,gig_delivery,0,0.8046859966304105
4770,gig_delivery,1,0.325896246853436
4771,daily_wage_labourer,1,0.33149801824434233
4772,street_vendor,0,0.6035693830618671
4773,daily_wage_labourer,0,0.567209296467875
4774,street_vendor,0,0.3303601563677278
4775,street_vendor,0,0.49821508510470647
4776,daily_wage_labourer,0,0.6245390053730573
4777,street_vendor,0,0.5851910797998249
4778,street_vendor,1,0.49302055497923536
4779,gig_delivery,0,0.6505072759610022
4780,daily_wage_labourer,0,0.4547000490708056
4781,domestic_worker,0,0.44691075105283934
4782,domestic_worker,0,0.5132158502638926
4783,daily_wage_labourer,0,0.5452457601750732
4784,domestic_worker,0,0.26820234752409283
4785,domestic_worker,0,0.45931298179944924
4786,daily_wage_labourer,0,0.51543212273807
4787,gig_delivery,0,0.7390589828996554
4788,street_vendor,0,0.7313140478208014
4789,gig_delivery,0,0.1760412532544232
4790,daily_wage_labourer,0,0.33623995568173504
4791,street_vendor,0,0.39211557046643253
4792,street_vendor,0,0.3900663493071762
4793,domestic_worker,0,0.5585692626237083
4794,daily_wage_labourer,0,0.4644209659992769
4795,street_vendor,0,0.3227994960748742
4796,street_vendor,0,0.7760192430371754
4797,daily_wage_labourer,0,0.5410323665587156
4798,gig_delivery,0,0.48639566502052267
4799,gig_delivery,0,0.63738851194833
4800,daily_wage_labourer,0,0.5327445713709135
4801,street_vendor,0,0.2809950552669729
4802,street_vendor,0,0.7223073790033084
4803,daily_wage_labourer,0,0.3247908710227231
4804,gig_delivery,0,0.4701458862579716
4805,gig_delivery,0,0.467839416949417
4806,daily_wage_labourer,0,0.4133015399395007
4807,daily_wage_labourer,0,0.36607905587351375
4808,daily_wage_labourer,0,0.3128619863113985
4809,daily_wage_labourer,0,0.01
4810,daily_wage_labourer,0,0.5825429305432946
4811,gig_delivery,0,0.5766489203644765
4812,daily_wage_labourer,1,0.5338154832408571
4813,domestic_worker,1,0.37214920073626856
4814,daily_wage_labourer,1,0.3184183547320319
4815,street_vendor,0,0.3669268977686232
4816,street_vendor,0,0.6502677632700795
4817,daily_wage_labourer,0,0.42224444772781505
4818,daily_wage_labourer,0,0.5372452412436589
4819,daily_wage_labourer,0,0.34604283988329815
4820,gig_delivery,0,0.5289609328277302
4821,street_vendor,0,0.4683490864509231
4822,gig_delivery,0,0.5572819231619542
4823,gig_delivery,0,0.7303975121194565
4824,daily_wage_labourer,0,0.37710422938374705
4825,daily_wage_labourer,0,0.4605847571721267
4826,street_vendor,0,0.5750458034593667
4827,daily_wage_labourer,0,0.32293906334955336
4828,gig_delivery,0,0.5009138396703312
4829,domestic_worker,0,0.6584886668421703
4830,daily_wage_labourer,0,0.6026196684910593
4831,street_vendor,1,0.482346758876943
4832,gig_delivery,0,0.8690442080573912
4833,gig_delivery,0,0.6711696106889357
4834,daily_wage_labourer,0,0.15787423164906
4835,gig_delivery,0,0.5143778106714704
4836,street_vendor,0,0.6025259069826027
4837,street_vendor,0,0.3476491065487316
4838,street_vendor,1,0.39539329533351136
4839,street_vendor,0,0.631644598138492
4840,domestic_worker,0,0.5598082174150871
4841,daily_wage_labourer,0,0.43418121829857276
4842,street_vendor,0,0.5538451519594562
4843,daily_wage_labourer,0,0.47247314722281364
4844,daily_wage_labourer,0,0.2934396177411028
4845,daily_wage_labourer,0,0.34151193226090737
4846,street_vendor,1,0.6795362570858527
4847,gig_delivery,0,0.663686627497164
4848,street_vendor,0,0.8038896077467024
4849,gig_delivery,0,0.17711842593415472
4850,street_vendor,0,0.567825848344575
4851,gig_delivery,0,0.7065076700463437
4852,gig_delivery,1,0.7373014293501718
4853,street_vendor,0,0.34927571770772625
4854,street_vendor,0,0.43688218354737374
4855,domestic_worker,0,0.2650734118057929
4856,daily_wage_labourer,0,0.31943251741412815
4857,gig_delivery,0,0.7975644469600006
4858,street_vendor,1,0.47572705175304963
4859,street_vendor,0,0.2751662710832734
4860,daily_wage_labourer,0,0.40222705272351994
4861,domestic_worker,0,0.39846223168693884
4862,street_vendor,0,0.7432634647322973
4863,gig_delivery,0,0.39214699845266654
4864,gig_delivery,0,0.64712946856371
4865,street_vendor,0,0.5069760278296636
4866,street_vendor,0,0.2790968311674935
4867,street_vendor,0,0.6057623468620057
4868,daily_wage_labourer,0,0.5899829389520199
4869,gig_delivery,0,0.4824046081784371
4870,daily_wage_labourer,0,0.5243588654185924
4871,street_vendor,0,0.6347949337272039
4872,gig_delivery,0,0.7416289456433317
4873,daily_wage_labourer,0,0.4745712536528147
4874,daily_wage_labourer,0,0.41738144138425187
4875,daily_wage_labourer,0,0.452038141844188
4876,street_vendor,0,0.6327278296121773
4877,gig_delivery,0,0.6353928580289284
4878,daily_wage_labourer,0,0.38944301036040574
4879,daily_wage_labourer,0,0.6739153082118273
4880,street_vendor,0,0.7396314116343782
4881,daily_wage_labourer,0,0.4078493676945435
4882,gig_delivery,0,0.49626708114513796
4883,daily_wage_labourer,0,0.44176233486361477
4884,domestic_worker,0,0.43594905186252314
4885,gig_delivery,0,0.5107875265506884
4886,street_vendor,0,0.5869484738990021
4887,gig_delivery,0,0.6261509431888163
4888,daily_wage_labourer,0,0.3987236096142467
4889,domestic_worker,0,0.5424708309606399
4890,street_vendor,0,0.09877856327237922
4891,street_vendor,0,0.5024051870050079
4892,daily_wage_labourer,0,0.29721838354030944
4893,street_vendor,0,0.44708316954647187
4894,gig_delivery,0,0.7233730532813891
4895,daily_wage_labourer,0,0.5618631156348539
4896,street_vendor,0,0.4526538966986914
4897,daily_wage_labourer,0,0.548736481946911
4898,domestic_worker,0,0.6285469983165797
4899,gig_delivery,0,0.5287173427860287
4900,daily_wage_labourer,0,0.6060184755072411
4901,street_vendor,1,0.5500829818647022
4902,street_vendor,0,0.5156323187869658
4903,domestic_worker,0,0.5732232610736905
4904,gig_delivery,0,0.6149082919105949
4905,daily_wage_labourer,0,0.33879071953530226
4906,domestic_worker,0,0.6419272160177187
4907,street_vendor,0,0.633233190814582
4908,gig_delivery,1,0.3788014750908214
4909,street_vendor,0,0.5473120687961068
4910,street_vendor,0,0.7653523531974881
4911,daily_wage_labourer,0,0.44056116385939026
4912,daily_wage_labourer,0,0.2807875449153609
4913,domestic_worker,0,0.6433214558933669
4914,daily_wage_labourer,0,0.4899726507951579
4915,gig_delivery,0,0.7329371851305666
4916,gig_delivery,0,0.5033270700609291
4917,gig_delivery,0,0.7003998472422037
4918,domestic_worker,1,0.3594461168218997
4919,daily_wage_labourer,0,0.3561761516850574
4920,daily_wage_labourer,0,0.3758606333949691
4921,street_vendor,0,0.2574297298679096
4922,street_vendor,0,0.29185233747886064
4923,domestic_worker,0,0.5366306171653065
4924,daily_wage_labourer,0,0.4232472014661975
4925,daily_wage_labourer,0,0.4893658841904902
4926,street_vendor,1,0.6293722374377004
4927,daily_wage_labourer,0,0.6207043758084128
4928,gig_delivery,1,0.5455655761101298
4929,street_vendor,0,0.5424468118706058
4930,gig_delivery,0,0.5488938698955642
4931,gig_delivery,0,0.6584520637861478
4932,gig_delivery,0,0.7923186042561733
4933,street_vendor,0,0.44864726722270204
4934,gig_delivery,0,0.635083338129497
4935,street_vendor,0,0.6267008156454851
4936,daily_wage_labourer,0,0.5417672743950271
4937,gig_delivery,0,0.342529831417705
4938,gig_delivery,0,0.41822943583282335
4939,street_vendor,0,0.4104132179099157
4940,domestic_worker,0,0.44374556827093975
4941,street_vendor,0,0.6411106188606054
4942,daily_wage_labourer,0,0.31682846717306984
4943,domestic_worker,0,0.2405111795391346
4944,daily_wage_labourer,0,0.42036895867589225
4945,gig_delivery,0,0.8481104866012963
4946,daily_wage_labourer,0,0.6481792400893104
4947,gig_delivery,0,0.7626813284018855
4948,gig_delivery,0,0.5867770763837292
4949,gig_delivery,0,0.8573173739233108
4950,street_vendor,0,0.7206858672445485
4951,gig_delivery,0,0.269004328823948
4952,street_vendor,0,0.38961508993446126
4953,domestic_worker,0,0.41453582713951176
4954,street_vendor,0,0.5747428665216969
4955,street_vendor,0,0.2890954503758061
4956,domestic_worker,1,0.5667231921789322
4957,street_vendor,1,0.5944688177430285
4958,daily_wage_labourer,0,0.6348187367314376
4959,gig_delivery,0,0.3908401981536156
4960,street_vendor,0,0.3791736101140727
4961,street_vendor,0,0.6852058227008005
4962,daily_wage_labourer,0,0.4441652287875821
4963,street_vendor,0,0.6968454818546187
4964,street_vendor,0,0.6828837892077942
4965,street_vendor,0,0.5725632092514942
4966,daily_wage_labourer,0,0.25268260900900796
4967,daily_wage_labourer,0,0.5769484412444806
4968,street_vendor,1,0.6177934345548755
4969,gig_delivery,0,0.5916964174095632
4970,gig_delivery,0,0.8767151548699789
4971,street_vendor,0,0.663763545393459
4972,daily_wage_labourer,0,0.4782404418279528
4973,domestic_worker,0,0.4213337513979368
4974,daily_wage_labourer,0,0.7123929746131442
4975,daily_wage_labourer,1,0.5597443126465664
4976,daily_wage_labourer,0,0.5892450669276156
4977,street_vendor,0,0.7123405342745436
4978,gig_delivery,0,0.5708257752878656
4979,domestic_worker,0,0.09953668601310653
4980,domestic_worker,0,0.4384308467218141
4981,street_vendor,0,0.17287716093743555
4982,daily_wage_labourer,0,0.5808575001674837
4983,street_vendor,0,0.5540031779006297
4984,daily_wage_labourer,0,0.6808137224976247
4985,daily_wage_labourer,0,0.3444058132363987
4986,gig_delivery,0,0.6246803699832749
4987,street_vendor,0,0.36523191149255746
4988,domestic_worker,0,0.5589468430579001
4989,street_vendor,0,0.38101948189963225
4990,street_vendor,0,0.39188049165878064
4991,domestic_worker,0,0.09396944605049007
4992,gig_delivery,0,0.7332557844259606
4993,daily_wage_labourer,0,0.4266645513071296
4994,daily_wage_labourer,0,0.41435163336595265
4995,street_vendor,0,0.14843914873817476
4996,street_vendor,1,0.5622380053574731
4997,daily_wage_labourer,0,0.5406685236898315
4998,daily_wage_labourer,0,0.2901349346362315
4999,gig_delivery,1,0.5431884044480265
5000,street_vendor,1,0.23063029190460815
5001,gig_delivery,1,0.40403795931187503
5002,gig_delivery,1,0.2818095707860333
5003,street_vendor,1,0.3832450357226264
5004,street_vendor,1,0.6441568964602443
5005,daily_wage_labourer,1,0.01
5006,gig_delivery,1,0.3464652022479652
5007,gig_delivery,1,0.5187470033390078
5008,gig_delivery,1,0.5629985447721112
5009,daily_wage_labourer,1,0.592962500238971
5010,street_vendor,1,0.4831162257598093
5011,daily_wage_labourer,1,0.33795035844061766
5012,street_vendor,1,0.4891589119627707
5013,gig_delivery,1,0.7762017057845334
5014,street_vendor,1,0.5342537934029373
5015,street_vendor,1,0.6216173388037441
5016,daily_wage_labourer,1,0.41416119535006163
5017,daily_wage_labourer,1,0.35269314618776637
5018,gig_delivery,1,0.73187328673782
5019,daily_wage_labourer,1,0.6258846574619711
5020,domestic_worker,1,0.4554179792509874
5021,gig_delivery,1,0.7287308521162132
5022,domestic_worker,1,0.2711198849451122
5023,gig_delivery,1,0.6131737374417556
5024,gig_delivery,1,0.6089941533933206
5025,gig_delivery,1,0.5616138134885851
5026,daily_wage_labourer,1,0.7078039500497141
5027,daily_wage_labourer,0,0.4906693408988989
5028,daily_wage_labourer,1,0.47621678669845546
5029,street_vendor,1,0.3615827170426793
5030,street_vendor,1,0.6123182020322073
5031,domestic_worker,1,0.5968490770130519
5032,street_vendor,1,0.48891913218940386
5033,daily_wage_labourer,1,0.4731467417260181
5034,gig_delivery,1,0.7451566851511574
5035,street_vendor,1,0.40626492068535003
5036,domestic_worker,1,0.15659244688267865
5037,street_vendor,1,0.7041962773174724
5038,domestic_worker,1,0.21820387096623256
5039,gig_delivery,1,0.9364988001287868
5040,street_vendor,1,0.8655451385036534
5041,street_vendor,1,0.4202581366146536
5042,daily_wage_labourer,1,0.2296634392728334
5043,daily_wage_labourer,1,0.5284797086656474
5044,street_vendor,1,0.5532171858510913
5045,domestic_worker,1,0.4309673554535762
5046,street_vendor,1,0.5358885238233577
5047,gig_delivery,1,0.7811682462143703
5048,street_vendor,1,0.6233406478863901
5049,domestic_worker,0,0.13110293384768046
5050,street_vendor,0,0.6714483251994324
5051,daily_wage_labourer,1,0.23112597456873663
5052,daily_wage_labourer,1,0.4314466982501843
5053,street_vendor,1,0.43285674608677466
5054,gig_delivery,1,0.613269637262857
5055,street_vendor,1,0.7570835861372646
5056,daily_wage_labourer,1,0.6746461594043472
5057,daily_wage_labourer,1,0.35355637645656196
5058,gig_delivery,1,0.3976961449806665
5059,street_vendor,1,0.5338231154414232
5060,street_vendor,1,0.5685455184466743
5061,street_vendor,1,0.01
5062,daily_wage_labourer,1,0.5491052001834321
5063,street_vendor,1,0.8561606704062201
5064,domestic_worker,1,0.4413025332793798
5065,daily_wage_labourer,1,0.40367428094651986
5066,gig_delivery,1,0.7753529648633241
5067,daily_wage_labourer,1,0.45666025840767016
5068,street_vendor,1,0.27419919375356905
5069,daily_wage_labourer,1,0.6080221662340962
5070,street_vendor,1,0.5927239422831032
5071,daily_wage_labourer,1,0.6085461912726706
5072,daily_wage_labourer,1,0.27375891417226295
5073,daily_wage_labourer,1,0.5928545588204643
5074,domestic_worker,1,0.4399631196644869
5075,street_vendor,0,0.7480702693275911
5076,daily_wage_labourer,0,0.5708298784047537
5077,street_vendor,1,0.6370562394559626
5078,daily_wage_labourer,1,0.01
5079,gig_delivery,1,0.7973833590933997
5080,street_vendor,1,0.4736548167936721
5081,daily_wage_labourer,1,0.6621068875770597
5082,daily_wage_labourer,1,0.3659889667927257
5083,street_vendor,1,0.6865292808698517
5084,domestic_worker,1,0.606179304336389
5085,daily_wage_labourer,1,0.7184617632507933
5086,gig_delivery,1,0.38592183200357344
5087,daily_wage_labourer,1,0.4676392560821008
5088,domestic_worker,1,0.5219269999336069
5089,street_vendor,1,0.4970511385439603
5090,daily_wage_labourer,1,0.42043969988466595
5091,gig_delivery,1,0.9009471536083343
5092,daily_wage_labourer,1,0.34558533905094335
5093,daily_wage_labourer,1,0.35712355658922595
5094,domestic_worker,1,0.5637862008970049
5095,daily_wage_labourer,1,0.5339428370604558
5096,gig_delivery,0,0.5543427790579131
5097,gig_delivery,1,0.7179442576480947
5098,gig_delivery,1,0.9434153548466205
5099,domestic_worker,1,0.575409258370498
5100,daily_wage_labourer,1,0.05287984422290054
5101,street_vendor,1,0.538059291879371
5102,street_vendor,1,0.6913618171477234
5103,gig_delivery,1,0.5578345172132672
5104,gig_delivery,1,0.3865399982531379
5105,daily_wage_labourer,1,0.437044970022086
5106,street_vendor,1,0.5702967416315228
5107,street_vendor,1,0.22266298602211265
5108,daily_wage_labourer,1,0.5254124985794145
5109,gig_delivery,1,0.8116817688932833
5110,street_vendor,1,0.6948138573130856
5111,gig_delivery,0,0.7605435244425396
5112,gig_delivery,1,0.5391537477921142
5113,domestic_worker,1,0.6492209666405688
5114,street_vendor,1,0.585957831611102
5115,domestic_worker,1,0.40974616851277934
5116,gig_delivery,1,0.28405211301664024
5117,gig_delivery,1,0.6136867010522932
5118,street_vendor,1,0.5976887653054401
5119,daily_wage_labourer,0,0.45494214889755263
5120,gig_delivery,1,0.5727022604678721
5121,daily_wage_labourer,1,0.3984546019538388
5122,daily_wage_labourer,1,0.5515743897487864
5123,daily_wage_labourer,1,0.29634477471544457
5124,daily_wage_labourer,1,0.3986159917326915
5125,street_vendor,1,0.4458762726012111
5126,daily_wage_labourer,1,0.3614776248214636
5127,street_vendor,1,0.7620128025945433
5128,domestic_worker,1,0.025961333230507755
5129,domestic_worker,1,0.4718003973055372
5130,street_vendor,1,0.6485922296145159
5131,street_vendor,1,0.4164275165704963
5132,street_vendor,1,0.44455072453545474
5133,daily_wage_labourer,1,0.42752965031334283
5134,domestic_worker,1,0.34810715629516226
5135,daily_wage_labourer,1,0.5842454445135533
5136,street_vendor,1,0.5229312749692416
5137,street_vendor,1,0.20843716631124098
5138,street_vendor,1,0.27611148103686356
5139,gig_delivery,1,0.8638118305015768
5140,gig_delivery,0,0.7086618194191208
5141,daily_wage_labourer,1,0.5065715006095558
5142,daily_wage_labourer,1,0.6363505786124181
5143,domestic_worker,1,0.4964166060423478
5144,daily_wage_labourer,1,0.5587651098883993
5145,gig_delivery,1,0.6201070038851008
5146,domestic_worker,1,0.4260328056886535
5147,daily_wage_labourer,1,0.4045741776150728
5148,domestic_worker,1,0.01
5149,street_vendor,1,0.42845501442517453
5150,gig_delivery,1,0.5588898632072807
5151,street_vendor,1,0.3830922942088302
5152,daily_wage_labourer,1,0.4622341492415608
5153,street_vendor,1,0.45093873967661924
5154,street_vendor,1,0.3778216703457
5155,street_vendor,1,0.351511011210646
5156,daily_wage_labourer,1,0.40033994618190794
5157,daily_wage_labourer,1,0.01
5158,daily_wage_labourer,1,0.5592712156066897
5159,daily_wage_labourer,1,0.3363098633509605
5160,domestic_worker,0,0.6744797869210759
5161,domestic_worker,1,0.21095365770857033
5162,street_vendor,0,0.5192885777019495
5163,daily_wage_labourer,1,0.45983539430214293
5164,gig_delivery,1,0.6213904610812695
5165,gig_delivery,1,0.6451569888718119
5166,daily_wage_labourer,1,0.58949596414686
5167,gig_delivery,1,0.5255704490362734
5168,street_vendor,1,0.5808818677768699
5169,daily_wage_labourer,1,0.7050646859775908
5170,gig_delivery,0,0.27105104549711206
5171,gig_delivery,1,0.7548586849662464
5172,gig_delivery,1,0.9571680555511385
5173,street_vendor,1,0.635042888417326
5174,street_vendor,1,0.7273892446360325
5175,street_vendor,1,0.4206973819272402
5176,street_vendor,0,0.69631144382259
5177,street_vendor,1,0.7136094170791915
5178,daily_wage_labourer,1,0.01
5179,daily_wage_labourer,1,0.11315121415509777
5180,gig_delivery,1,0.7266793651050968
5181,daily_wage_labourer,1,0.15803324186666495
5182,street_vendor,1,0.6207408893218112
5183,gig_delivery,1,0.6356534379089729
5184,street_vendor,1,0.6713718412166094
5185,domestic_worker,1,0.5320045383658547
5186,street_vendor,1,0.8246905226811069
5187,daily_wage_labourer,1,0.01
5188,domestic_worker,1,0.3269198769880397
5189,daily_wage_labourer,1,0.38556699709088665
5190,gig_delivery,1,0.5913272144802039
5191,gig_delivery,1,0.6692501507029178
5192,street_vendor,1,0.5149266539935395
5193,gig_delivery,1,0.5509115386702252
5194,domestic_worker,1,0.5054652880005213
5195,domestic_worker,0,0.379300495986211
5196,daily_wage_labourer,1,0.6886777258718547
5197,daily_wage_labourer,1,0.05534735951028569
5198,gig_delivery,1,0.7787510721294458
5199,daily_wage_labourer,1,0.19612334498161454
5200,street_vendor,1,0.25533077749276956
5201,street_vendor,1,0.4933947547345905
5202,street_vendor,1,0.5301500952864255
5203,daily_wage_labourer,1,0.3493175530999057
5204,street_vendor,1,0.23505570272585602
5205,street_vendor,1,0.31553913345635515
5206,street_vendor,1,0.3269160242123049
5207,domestic_worker,0,0.2789375872205374
5208,street_vendor,1,0.6703914110903718
5209,street_vendor,1,0.5232637525822099
5210,daily_wage_labourer,1,0.6934911941977855
5211,street_vendor,1,0.4022706036523631
5212,domestic_worker,1,0.5584536982940842
5213,domestic_worker,1,0.5083846596105306
5214,daily_wage_labourer,1,0.4970105208968727
5215,daily_wage_labourer,1,0.2706977503987506
5216,daily_wage_labourer,1,0.4727444326108996
5217,street_vendor,1,0.6500650497074077
5218,street_vendor,0,0.6981266212578545
5219,street_vendor,1,0.5268945843707264
5220,street_vendor,1,0.5693803500161824
5221,daily_wage_labourer,1,0.09616343114672704
5222,street_vendor,1,0.571686020092817
5223,street_vendor,1,0.3550418642492091
5224,daily_wage_labourer,1,0.3053746102541575
5225,daily_wage_labourer,1,0.6103866688592104
5226,street_vendor,1,0.5376760361320226
5227,street_vendor,1,0.4547050793362092
5228,street_vendor,1,0.5555007063469661
5229,street_vendor,1,0.5842133988923688
5230,gig_delivery,1,0.31011834989855136
5231,domestic_worker,1,0.4620699202270458
5232,daily_wage_labourer,0,0.3388405430244691
5233,daily_wage_labourer,1,0.07760767442539113
5234,gig_delivery,0,0.469617444590393
5235,gig_delivery,1,0.7229745217218776
5236,street_vendor,1,0.37834853757835624
5237,street_vendor,1,0.45632910831937984
5238,daily_wage_labourer,1,0.47987143011406824
5239,daily_wage_labourer,1,0.37765605890114895
5240,street_vendor,1,0.7520570480824399
5241,street_vendor,1,0.5229644822677595
5242,daily_wage_labourer,1,0.4631759243779125
5243,street_vendor,1,0.45593012666247484
5244,daily_wage_labourer,1,0.5048796891953596
5245,gig_delivery,1,0.5952240695214029
5246,daily_wage_labourer,1,0.5818952637373511
5247,street_vendor,1,0.6570257004410338
5248,street_vendor,1,0.4986717319100622
5249,gig_delivery,1,0.5743986346006058
5250,daily_wage_labourer,1,0.5549455284437441
5251,street_vendor,1,0.738787502008748
5252,street_vendor,1,0.663559863440094
5253,gig_delivery,1,0.5461069523001613
5254,gig_delivery,1,0.5955064587449874
5255,domestic_worker,1,0.45782078871619003
5256,gig_delivery,1,0.5513755148567157
5257,daily_wage_labourer,1,0.3266106640166156
5258,daily_wage_labourer,1,0.6179776887394447
5259,street_vendor,1,0.3551779835267044
5260,gig_delivery,1,0.6424606534768046
5261,daily_wage_labourer,1,0.570295503535151
5262,street_vendor,1,0.6816414531467411
5263,domestic_worker,1,0.5523792193596353
5264,daily_wage_labourer,1,0.54696867478982
5265,street_vendor,1,0.5773503909318443
5266,daily_wage_labourer,1,0.4863475105840713
5267,domestic_worker,1,0.2639623300691137
5268,domestic_worker,1,0.27757729645091
5269,daily_wage_labourer,1,0.5137960565426372
5270,domestic_worker,1,0.5794874760614921
5271,domestic_worker,1,0.3880167070234669
5272,gig_delivery,1,0.7179540439305396
5273,domestic_worker,1,0.5176072387173901
5274,daily_wage_labourer,1,0.627643663289957
5275,gig_delivery,1,0.6414106517871216
5276,daily_wage_labourer,1,0.41276244966293557
5277,gig_delivery,1,0.6192853470813766
5278,street_vendor,1,0.7469744084765763
5279,gig_delivery,1,0.5252829102358968
5280,domestic_worker,1,0.676033209090438
5281,daily_wage_labourer,1,0.5522798243645876
5282,domestic_worker,1,0.4088611876010217
5283,daily_wage_labourer,1,0.5195707950547805
5284,street_vendor,1,0.531642145680443
5285,street_vendor,1,0.52316812321298
5286,gig_delivery,1,0.6591780228343309
5287,daily_wage_labourer,1,0.21863182996000757
5288,daily_wage_labourer,1,0.5357322454532368
5289,gig_delivery,1,0.41360576479754796
5290,daily_wage_labourer,1,0.6098432445435051
5291,daily_wage_labourer,1,0.40685949519574
5292,domestic_worker,1,0.37007780667951345
5293,gig_delivery,1,0.7060364182911076
5294,gig_delivery,1,0.47141406149542586
5295,daily_wage_labourer,1,0.4302732627840376
5296,domestic_worker,1,0.31385969885621695
5297,street_vendor,1,0.5855825741755782
5298,street_vendor,1,0.7122437437114493
5299,street_vendor,1,0.5613646323176056
5300,daily_wage_labourer,1,0.41404876062274576
5301,gig_delivery,1,0.8153696894898114
5302,gig_delivery,1,0.44030985629483643
5303,daily_wage_labourer,1,0.49810406576725846
5304,street_vendor,1,0.7014824345792682
5305,gig_delivery,1,0.6276320628019767
5306,domestic_worker,1,0.3309417850292617
5307,street_vendor,1,0.5300319469618875
5308,street_vendor,1,0.5136120427950785
5309,street_vendor,1,0.49456764304772505
5310,daily_wage_labourer,1,0.5924478090069351
5311,street_vendor,1,0.5909489919028147
5312,daily_wage_labourer,1,0.3096724969552472
5313,gig_delivery,1,0.7851493952838295
5314,daily_wage_labourer,1,0.01
5315,daily_wage_labourer,1,0.3949943624530421
5316,street_vendor,1,0.5646788995182075
5317,domestic_worker,1,0.3128965933475932
5318,daily_wage_labourer,0,0.5039286028719656
5319,daily_wage_labourer,0,0.28139624952320996
5320,street_vendor,1,0.14738190362735215
5321,gig_delivery,1,0.5575954361374883
5322,domestic_worker,1,0.5736914323765574
5323,street_vendor,1,0.8037188824432913
5324,street_vendor,1,0.4834970884579277
5325,street_vendor,1,0.5063843977079188
5326,gig_delivery,1,0.7411287332725017
5327,domestic_worker,1,0.5468377481440454
5328,daily_wage_labourer,1,0.6466826110487429
5329,daily_wage_labourer,1,0.3326968255692115
5330,gig_delivery,1,0.5871947114652202
5331,gig_delivery,1,0.6617960495259537
5332,street_vendor,1,0.5165523950535648
5333,street_vendor,1,0.8629108481483062
5334,daily_wage_labourer,1,0.564230065254169
5335,gig_delivery,1,0.6145238214236243
5336,gig_delivery,1,0.614464310365864
5337,gig_delivery,1,0.4412933202469139
5338,gig_delivery,1,0.581626227701542
5339,street_vendor,1,0.7049121525008334
5340,daily_wage_labourer,1,0.5985632362573118
5341,street_vendor,1,0.6199107245651471
5342,domestic_worker,0,0.6184323903125633
5343,daily_wage_labourer,1,0.4108944439827816
5344,street_vendor,1,0.3939362339748759
5345,street_vendor,1,0.4168869171054724
5346,gig_delivery,1,0.47686928439029963
5347,gig_delivery,1,0.6534420861201984
5348,gig_delivery,1,0.772054980269661
5349,street_vendor,1,0.6559977630864734
5350,domestic_worker,1,0.31341943995634797
5351,gig_delivery,1,0.7832838647647942
5352,gig_delivery,1,0.261333000288815
5353,gig_delivery,1,0.6768233673831658
5354,domestic_worker,1,0.35611282797566435
5355,domestic_worker,1,0.49363986201805177
5356,daily_wage_labourer,1,0.21385379166691182
5357,daily_wage_labourer,1,0.5898604476596975
5358,daily_wage_labourer,0,0.5897880269187947
5359,gig_delivery,1,0.7487327119453722
5360,gig_delivery,1,0.8707186931782991
5361,street_vendor,1,0.40478639967679264
5362,street_vendor,1,0.38360678587765173
5363,domestic_worker,1,0.052564579101526426
5364,domestic_worker,1,0.4642078262682266
5365,domestic_worker,1,0.474060253842426
5366,daily_wage_labourer,1,0.48870646795545203
5367,gig_delivery,1,0.5732148774595309
5368,gig_delivery,1,0.8056816692199998
5369,daily_wage_labourer,0,0.10770872981816587
5370,street_vendor,1,0.6908169146596458
5371,domestic_worker,1,0.01
5372,street_vendor,1,0.585479418173608
5373,daily_wage_labourer,1,0.4928662091647082
5374,gig_delivery,1,0.44282177648352516
5375,gig_delivery,1,0.720060839991523
5376,street_vendor,1,0.5675118195292908
5377,gig_delivery,1,0.5418616210795785
5378,street_vendor,1,0.43467117662427934
5379,gig_delivery,1,0.6874344983874341
5380,street_vendor,1,0.6429160823195206
5381,gig_delivery,1,0.8559154968283976
5382,gig_delivery,0,0.4799453502534806
5383,street_vendor,1,0.7381683674027429
5384,street_vendor,1,0.5494250120008298
5385,gig_delivery,1,0.7215437765942297
5386,street_vendor,1,0.5731627225840643
5387,street_vendor,1,0.5551907041288993
5388,daily_wage_labourer,1,0.2457418271877408
5389,domestic_worker,1,0.28087800026990106
5390,daily_wage_labourer,1,0.3997153245396569
5391,daily_wage_labourer,1,0.01
5392,domestic_worker,1,0.4930050976825388
5393,daily_wage_labourer,1,0.3119165117025257
5394,daily_wage_labourer,1,0.45486006715325916
5395,daily_wage_labourer,1,0.43393758874618443
5396,daily_wage_labourer,1,0.37356821045660005
5397,daily_wage_labourer,0,0.31266683982527593
5398,gig_delivery,1,0.6394228505436448
5399,street_vendor,1,0.8094282144344613
5400,gig_delivery,1,0.560814424319481
5401,street_vendor,1,0.5983643278911064
5402,daily_wage_labourer,1,0.5098482050459019
5403,street_vendor,1,0.7401566167926085
5404,daily_wage_labourer,1,0.5011494256636915
5405,gig_delivery,1,0.6479124595618093
5406,daily_wage_labourer,0,0.6285329824059611
5407,street_vendor,1,0.6458414053594821
5408,street_vendor,1,0.6966885960873083
5409,gig_delivery,1,0.8597206844664184
5410,street_vendor,1,0.4537149771071526
5411,gig_delivery,1,0.7481121078055054
5412,daily_wage_labourer,1,0.40906153993403926
5413,street_vendor,1,0.5588909039272429
5414,gig_delivery,1,0.3159242346065683
5415,daily_wage_labourer,1,0.5377494213789945
5416,street_vendor,1,0.5516957850869801
5417,domestic_worker,1,0.33575922887683274
5418,street_vendor,1,0.5906081874249746
5419,daily_wage_labourer,1,0.4042478916090632
5420,daily_wage_labourer,1,0.6454204123300523
5421,daily_wage_labourer,1,0.44228717173205956
5422,gig_delivery,1,0.7721838626665533
5423,street_vendor,1,0.29264328225741926
5424,domestic_worker,1,0.3641263061810052
5425,gig_delivery,1,0.6117355649477102
5426,domestic_worker,1,0.21982848284550804
5427,gig_delivery,1,0.5611111925151985
5428,domestic_worker,1,0.5979587831138027
5429,gig_delivery,1,0.636381368668272
5430,daily_wage_labourer,1,0.4022127061884122
5431,daily_wage_labourer,1,0.45509417366197424
5432,gig_delivery,1,0.4154421177908634
5433,daily_wage_labourer,0,0.46372370026144016
5434,gig_delivery,1,0.5610645887954827
5435,street_vendor,1,0.40722355834494617
5436,gig_delivery,1,0.6492130765858712
5437,street_vendor,1,0.442942933688041
5438,domestic_worker,1,0.46196861325293265
5439,street_vendor,1,0.5134169666732404
5440,street_vendor,1,0.6475625469350981
5441,gig_delivery,1,0.6688899000966371
5442,gig_delivery,1,0.7903639514896272
5443,gig_delivery,1,0.5264846704487472
5444,domestic_worker,1,0.3815844514979939
5445,street_vendor,1,0.22018477557018012
5446,gig_delivery,1,0.41199865911420425
5447,daily_wage_labourer,1,0.6922046638455329
5448,daily_wage_labourer,1,0.3166410126672411
5449,daily_wage_labourer,1,0.41058544657457036
5450,street_vendor,1,0.45458389494893703
5451,daily_wage_labourer,1,0.18071417992598426
5452,gig_delivery,1,0.5184094186904495
5453,street_vendor,1,0.5123798796904109
5454,domestic_worker,1,0.47870418168671025
5455,daily_wage_labourer,1,0.6991823812141301
5456,street_vendor,1,0.6952451732370248
5457,gig_delivery,0,0.48718840481830805
5458,street_vendor,1,0.575236080985656
5459,street_vendor,1,0.676531524747919
5460,gig_delivery,1,0.6066360499522875
5461,street_vendor,1,0.43904484166966773
5462,street_vendor,1,0.6750979851044248
5463,gig_delivery,1,0.741104406838398
5464,street_vendor,1,0.7434590527436232
5465,gig_delivery,1,0.6342323514873084
5466,gig_delivery,1,0.7240679766033972
5467,street_vendor,1,0.5032002168551364
5468,daily_wage_labourer,1,0.5140913156793225
5469,street_vendor,1,0.5460832328310239
5470,gig_delivery,0,0.3945523975729458
5471,street_vendor,1,0.6914892263165683
5472,domestic_worker,1,0.4718389759955999
5473,street_vendor,1,0.4465097490789735
5474,gig_delivery,1,0.485656040010064
5475,street_vendor,1,0.5939413628469804
5476,street_vendor,1,0.23073829074876995
5477,daily_wage_labourer,1,0.2945177444179631
5478,daily_wage_labourer,1,0.6498670275663183
5479,domestic_worker,1,0.6006354177079822
5480,street_vendor,1,0.7165598530566859
5481,street_vendor,1,0.5852905909294898
5482,daily_wage_labourer,1,0.5041865215420377
5483,daily_wage_labourer,1,0.41964971223149006
5484,domestic_worker,1,0.5614818355713465
5485,domestic_worker,1,0.09915519027028291
5486,domestic_worker,1,0.33796761236303413
5487,street_vendor,1,0.5148568592351465
5488,daily_wage_labourer,1,0.6120873564178376
5489,gig_delivery,0,0.5086493941126031
5490,daily_wage_labourer,0,0.6341121531143202
5491,gig_delivery,1,0.645344115511117
5492,street_vendor,1,0.42774027418574007
5493,daily_wage_labourer,1,0.3296866292341897
5494,domestic_worker,1,0.33636268179456125
5495,street_vendor,1,0.6383105173707299
5496,domestic_worker,1,0.42934041290394614
5497,daily_wage_labourer,1,0.517020697963944
5498,street_vendor,1,0.5198234016886156
5499,street_vendor,1,0.4460557074034174
5500,street_vendor,1,0.4461559347208789
5501,daily_wage_labourer,1,0.39924289701667853
5502,street_vendor,1,0.5505263565024193
5503,gig_delivery,1,0.4921210551955949
5504,domestic_worker,1,0.09504279367022883
5505,daily_wage_labourer,1,0.14631930259534992
5506,street_vendor,1,0.6713094535020251
5507,daily_wage_labourer,1,0.42021548498984035
5508,gig_delivery,1,0.7995265617422588
5509,daily_wage_labourer,1,0.43364284046844565
5510,street_vendor,1,0.5805055833947672
5511,daily_wage_labourer,1,0.5099610225300396
5512,daily_wage_labourer,0,0.24536862322628072
5513,daily_wage_labourer,1,0.6230826845844143
5514,street_vendor,1,0.35157000365009916
5515,domestic_worker,1,0.5901582148877516
5516,street_vendor,1,0.5590559344805588
5517,street_vendor,1,0.7885787453106761
5518,street_vendor,1,0.7650546519563809
5519,daily_wage_labourer,1,0.4819209515513423
5520,daily_wage_labourer,1,0.43866589880055057
5521,street_vendor,1,0.3990021498333334
5522,daily_wage_labourer,1,0.5811917064758012
5523,gig_delivery,1,0.5685042901174658
5524,street_vendor,1,0.6828812852345664
5525,domestic_worker,1,0.40671219033545675
5526,daily_wage_labourer,1,0.7082915975003421
5527,street_vendor,1,0.48127328698987504
5528,domestic_worker,1,0.561317836629281
5529,gig_delivery,1,0.6874613903665027
5530,daily_wage_labourer,1,0.17671199088789102
5531,gig_delivery,1,0.7963011793777538
5532,daily_wage_labourer,1,0.04006297183276325
5533,daily_wage_labourer,1,0.29437044837351084
5534,gig_delivery,1,0.6257896957792537
5535,gig_delivery,1,0.7909142295434013
5536,street_vendor,1,0.3570785278203473
5537,gig_delivery,1,0.42612716984812765
5538,daily_wage_labourer,1,0.3623816838663136
5539,street_vendor,1,0.08120997632511257
5540,domestic_worker,1,0.38880828184114785
5541,daily_wage_labourer,0,0.4708190412134083
5542,daily_wage_labourer,1,0.5735409049049351
5543,daily_wage_labourer,1,0.2764607248383665
5544,daily_wage_labourer,1,0.6482630977147633
5545,street_vendor,1,0.6345859449300784
5546,domestic_worker,0,0.5234222238302941
5547,gig_delivery,1,0.7453625092564087
5548,gig_delivery,1,0.6471302112581316
5549,daily_wage_labourer,1,0.2825202346415157
5550,street_vendor,1,0.7744624085155938
5551,street_vendor,1,0.2952370803129971
5552,daily_wage_labourer,1,0.4844365452626294
5553,street_vendor,1,0.5887314813942232
5554,gig_delivery,1,0.5778364029530584
5555,domestic_worker,1,0.481050550149355
5556,daily_wage_labourer,1,0.47391177084565644
5557,daily_wage_labourer,1,0.29601839545345787
5558,gig_delivery,1,0.5471631611353742
5559,street_vendor,1,0.7472452875875032
5560,domestic_worker,1,0.5756563283350664
5561,daily_wage_labourer,1,0.42196469422142663
5562,street_vendor,1,0.19492067556928572
5563,street_vendor,1,0.5701554336727002
5564,domestic_worker,1,0.5010073982301706
5565,street_vendor,1,0.25663228326462306
5566,gig_delivery,1,0.5328227698366926
5567,street_vendor,1,0.5169840326793063
5568,street_vendor,1,0.47523509996869084
5569,domestic_worker,1,0.3964664842000654
5570,street_vendor,1,0.39253664208567474
5571,street_vendor,1,0.5041389181315794
5572,daily_wage_labourer,1,0.6316947716850696
5573,domestic_worker,1,0.46981042932343076
5574,daily_wage_labourer,1,0.5949168627606112
5575,street_vendor,1,0.15558012716054342
5576,domestic_worker,1,0.27168999768844526
5577,gig_delivery,1,0.6554972154811667
5578,domestic_worker,1,0.2593284036708427
5579,gig_delivery,1,0.22128362241936195
5580,gig_delivery,1,0.7756100422303555
5581,daily_wage_labourer,1,0.4532577910828257
5582,daily_wage_labourer,1,0.4499289285266794
5583,gig_delivery,1,0.5405993109463773
5584,gig_delivery,1,0.6399284774244383
5585,domestic_worker,1,0.5952711697780066
5586,daily_wage_labourer,1,0.44305731178243396
5587,street_vendor,1,0.6591732022734238
5588,daily_wage_labourer,1,0.5627535721860883
5589,gig_delivery,1,0.6661115716103835
5590,daily_wage_labourer,1,0.4572913936536964
5591,gig_delivery,1,0.6275339669171253
5592,daily_wage_labourer,1,0.13839973594335775
5593,street_vendor,1,0.49772855972689234
5594,daily_wage_labourer,1,0.37094639356946907
5595,gig_delivery,1,0.6964868504113119
5596,domestic_worker,1,0.6462536395305907
5597,daily_wage_labourer,1,0.6675177944391736
5598,daily_wage_labourer,1,0.2818434159085681
5599,daily_wage_labourer,1,0.5896965248436763
5600,daily_wage_labourer,1,0.3804403099286872
5601,street_vendor,1,0.3355324162476323
5602,domestic_worker,1,0.18130418581516702
5603,domestic_worker,1,0.2240165968132233
5604,daily_wage_labourer,1,0.15240667765083662
5605,daily_wage_labourer,1,0.5249551572561635
5606,street_vendor,1,0.1319368861735284
5607,daily_wage_labourer,1,0.08581706304473416
5608,daily_wage_labourer,1,0.4444015152926076
5609,gig_delivery,1,0.4341451508327713
5610,street_vendor,1,0.620984020953461
5611,gig_delivery,1,0.8229736582929094
5612,street_vendor,1,0.45733924898236644
5613,gig_delivery,1,0.6924321034173387
5614,gig_delivery,1,0.5482605501647229
5615,street_vendor,1,0.4880077462379641
5616,daily_wage_labourer,1,0.41289250753657314
5617,gig_delivery,1,0.5880331955245539
5618,gig_delivery,1,0.6995044700340672
5619,street_vendor,1,0.6572001549806404
5620,daily_wage_labourer,1,0.5195445634930304
5621,daily_wage_labourer,1,0.4429464349762044
5622,gig_delivery,1,0.4777137695931809
5623,gig_delivery,1,0.7039001488530606
5624,street_vendor,1,0.6039202433973931
5625,gig_delivery,1,0.574669891561612
5626,gig_delivery,1,0.7203572748812846
5627,gig_delivery,1,0.6516515815292334
5628,street_vendor,1,0.37781198564141943
5629,daily_wage_labourer,1,0.33124421688230543
5630,daily_wage_labourer,1,0.22679904195989387
5631,street_vendor,1,0.4764263009051831
5632,daily_wage_labourer,1,0.25944398631323073
5633,street_vendor,1,0.6438422781522264
5634,street_vendor,0,0.6631637765956938
5635,gig_delivery,1,0.8229636752311106
5636,street_vendor,1,0.6837690254366783
5637,gig_delivery,1,0.691857530006539
5638,street_vendor,1,0.426382168398392
5639,daily_wage_labourer,1,0.33881491779497824
5640,daily_wage_labourer,1,0.4219314065772581
5641,gig_delivery,1,0.6200655517538274
5642,gig_delivery,1,0.7276739155512454
5643,daily_wage_labourer,1,0.5889803667596029
5644,gig_delivery,1,0.5904112140723425
5645,street_vendor,1,0.566234487432083
5646,daily_wage_labourer,1,0.6455018877794142
5647,street_vendor,1,0.4218270210569962
5648,daily_wage_labourer,1,0.4232330978110899
5649,street_vendor,1,0.49650203078180566
5650,domestic_worker,1,0.07538681520767856
5651,daily_wage_labourer,1,0.5192015132631951
5652,daily_wage_labourer,1,0.4026620152175507
5653,daily_wage_labourer,1,0.46472689022690467
5654,street_vendor,1,0.5927715095760472
5655,street_vendor,1,0.7600024143722933
5656,domestic_worker,1,0.23590327144077272
5657,gig_delivery,1,0.5817582972249178
5658,street_vendor,1,0.6593127455012854
5659,gig_delivery,1,0.6192933098973982
5660,daily_wage_labourer,1,0.4611759254484864
5661,street_vendor,1,0.7160267616148588
5662,daily_wage_labourer,1,0.15259434592658885
5663,street_vendor,1,0.7585623942062127
5664,street_vendor,1,0.5546779084384476
5665,gig_delivery,1,0.7122945072864458
5666,street_vendor,1,0.4338346020260727
5667,domestic_worker,1,0.33104547878866436
5668,gig_delivery,1,0.5462701083324966
5669,gig_delivery,1,0.5945120629021139
5670,gig_delivery,1,0.4437644272778427
5671,domestic_worker,0,0.24779812079660843
5672,daily_wage_labourer,1,0.3270974230546451
5673,daily_wage_labourer,1,0.2926190351904872
5674,daily_wage_labourer,1,0.5501546678019744
5675,domestic_worker,1,0.07279421209525855
5676,street_vendor,1,0.498771388143385
5677,daily_wage_labourer,1,0.2751749984364782
5678,gig_delivery,1,0.5646038149134512
5679,daily_wage_labourer,1,0.04406072444605319
5680,domestic_worker,1,0.01
5681,daily_wage_labourer,1,0.4595568990274069
5682,street_vendor,1,0.3388166180216836
5683,daily_wage_labourer,1,0.6670122986732485
5684,daily_wage_labourer,1,0.4153593237511239
5685,street_vendor,1,0.5614560690492669
5686,street_vendor,1,0.5324872046811971
5687,street_vendor,1,0.7930874464507903
5688,gig_delivery,1,0.5585828214696368
5689,domestic_worker,0,0.6144610463524389
5690,daily_wage_labourer,1,0.6521477087101066
5691,street_vendor,1,0.7056439205958467
5692,daily_wage_labourer,1,0.285885673925702
5693,domestic_worker,1,0.5500642734502039
5694,gig_delivery,1,0.4918045556627759
5695,street_vendor,1,0.681584681769482
5696,street_vendor,1,0.443949766879889
5697,domestic_worker,1,0.4575830483114686
5698,domestic_worker,1,0.3613236173078617
5699,street_vendor,1,0.3298124579891343
5700,gig_delivery,1,0.9225423308262339
5701,street_vendor,1,0.6328335918133314
5702,street_vendor,1,0.6287788673261168
5703,gig_delivery,1,0.7057880059317586
5704,daily_wage_labourer,1,0.6201229187403544
5705,daily_wage_labourer,1,0.5093802300763317
5706,domestic_worker,1,0.3878462610381094
5707,gig_delivery,1,0.4615076717640586
5708,street_vendor,1,0.01
5709,gig_delivery,1,0.4433660520828546
5710,gig_delivery,1,0.6124325286001234
5711,daily_wage_labourer,1,0.6086009568129757
5712,domestic_worker,1,0.276709110907074
5713,gig_delivery,1,0.29073619727855604
5714,street_vendor,1,0.7572602696332188
5715,street_vendor,1,0.7681103684943343
5716,gig_delivery,0,0.7817595956289257
5717,domestic_worker,1,0.48921085713016144
5718,street_vendor,1,0.414917011005691
5719,street_vendor,1,0.5140054129741473
5720,gig_delivery,1,0.8436510310073625
5721,street_vendor,1,0.5602630241960235
5722,street_vendor,0,0.321770833153569
5723,domestic_worker,1,0.42245873333300243
5724,gig_delivery,1,0.5924809195746832
5725,domestic_worker,1,0.4791031053667113
5726,gig_delivery,1,0.7618485356103185
5727,daily_wage_labourer,0,0.5996384824820906
5728,domestic_worker,1,0.32418175622795
5729,street_vendor,1,0.5227099100969561
5730,street_vendor,1,0.6731441326917501
5731,domestic_worker,1,0.20358315774854563
5732,gig_delivery,1,0.7121270375371053
5733,domestic_worker,1,0.579633892871922
5734,street_vendor,1,0.6315900676015239
5735,domestic_worker,1,0.4323412456809584
5736,gig_delivery,1,0.5758233099498467
5737,gig_delivery,1,0.47269664451179594
5738,domestic_worker,1,0.5000710751328472
5739,daily_wage_labourer,1,0.07133646247265774
5740,gig_delivery,1,0.2279872309212776
5741,gig_delivery,0,0.6633202480530299
5742,gig_delivery,1,0.5320770874155625
5743,domestic_worker,1,0.3565764147849722
5744,gig_delivery,1,0.6370890888818701
5745,street_vendor,1,0.5213133246418811
5746,street_vendor,1,0.5701219935962214
5747,domestic_worker,1,0.4079537238596405
5748,domestic_worker,1,0.5929412126532938
5749,domestic_worker,1,0.09641313457018966
5750,street_vendor,1,0.524712749301018
5751,daily_wage_labourer,1,0.02535751039904713
5752,gig_delivery,1,0.4904755646410575
5753,gig_delivery,1,0.877956283894867
5754,street_vendor,1,0.35238541794124406
5755,gig_delivery,1,0.8460897560327705
5756,street_vendor,1,0.4780660898416552
5757,daily_wage_labourer,1,0.41894350680468423
5758,street_vendor,1,0.5656672083751633
5759,street_vendor,1,0.9123611013576199
5760,street_vendor,1,0.6613033206306244
5761,domestic_worker,1,0.631518429068763
5762,gig_delivery,1,0.6844206739281258
5763,domestic_worker,1,0.4181817278497494
5764,daily_wage_labourer,1,0.6121072794275157
5765,daily_wage_labourer,1,0.3932276515841026
5766,daily_wage_labourer,1,0.5225255662906557
5767,gig_delivery,0,0.4700283384920395
5768,daily_wage_labourer,1,0.5054768351872031
5769,gig_delivery,1,0.5728260082280736
5770,gig_delivery,1,0.5341446188226012
5771,domestic_worker,1,0.4062282042807022
5772,street_vendor,1,0.39257933238150156
5773,daily_wage_labourer,1,0.6020678414685543
5774,street_vendor,0,0.49232425450410294
5775,street_vendor,1,0.1827061995711542
5776,gig_delivery,1,0.7527314171558736
5777,daily_wage_labourer,1,0.36893816682810815
5778,gig_delivery,1,0.8193273544269623
5779,street_vendor,0,0.6239237587130543
5780,domestic_worker,1,0.365392725617575
5781,domestic_worker,1,0.01
5782,daily_wage_labourer,1,0.6917407189476384
5783,domestic_worker,1,0.42663907176049987
5784,street_vendor,1,0.5589483545568465
5785,gig_delivery,1,0.5307303006386737
5786,domestic_worker,1,0.443741092467003
5787,gig_delivery,1,0.7388960912635706
5788,gig_delivery,1,0.7191235510391
5789,daily_wage_labourer,1,0.3424585317026402
5790,gig_delivery,1,0.48459289527992244
5791,gig_delivery,1,0.7440934971359456
5792,street_vendor,1,0.45577991566898
5793,street_vendor,1,0.5220729704136957
5794,gig_delivery,1,0.5300598755000623
5795,gig_delivery,1,0.2798142516917079
5796,daily_wage_labourer,1,0.08078615064282574
5797,domestic_worker,1,0.07120122733797479
5798,gig_delivery,1,0.22223021651881558
5799,daily_wage_labourer,1,0.6565617820343964
5800,daily_wage_labourer,1,0.35688018431143315
5801,gig_delivery,1,0.40918097645731943
5802,gig_delivery,1,0.6017825899048156
5803,daily_wage_labourer,1,0.6423824245946135
5804,daily_wage_labourer,1,0.22917471599081762
5805,gig_delivery,1,0.7083265753291765
5806,gig_delivery,1,0.9535237280421032
5807,gig_delivery,0,0.5844750491742374
5808,street_vendor,1,0.5075031176170774
5809,gig_delivery,1,0.4199356345712181
5810,daily_wage_labourer,1,0.416782252736486
5811,street_vendor,1,0.509389657229165
5812,gig_delivery,1,0.7214333560261376
5813,gig_delivery,1,0.3678333532148015
5814,daily_wage_labourer,1,0.694432243361911
5815,gig_delivery,0,0.4138829167111412
5816,daily_wage_labourer,1,0.28891678618076616
5817,street_vendor,1,0.6264332167809488
5818,daily_wage_labourer,1,0.2897278559314092
5819,daily_wage_labourer,1,0.2863748244923993
5820,gig_delivery,1,0.7756288335329281
5821,gig_delivery,1,0.5805644257507246
5822,gig_delivery,1,0.6514530374808759
5823,street_vendor,1,0.7817742493463785
5824,daily_wage_labourer,1,0.2642352197935408
5825,street_vendor,1,0.5147193252380172
5826,gig_delivery,1,0.8282222556924055
5827,street_vendor,1,0.651465461530048
5828,daily_wage_labourer,1,0.2925865615117558
5829,gig_delivery,1,0.6440096298148884
5830,gig_delivery,1,0.5968983779988466
5831,street_vendor,1,0.6531565327359878
5832,daily_wage_labourer,0,0.30305186208607154
5833,gig_delivery,1,0.7844990875042575
5834,daily_wage_labourer,1,0.2873216485973227
5835,street_vendor,1,0.8462838681672007
5836,domestic_worker,1,0.6330477872563849
5837,daily_wage_labourer,1,0.2318589844796527
5838,daily_wage_labourer,1,0.545095786630703
5839,street_vendor,1,0.5364217475304334
5840,daily_wage_labourer,1,0.01
5841,daily_wage_labourer,1,0.5123932935950772
5842,street_vendor,1,0.5638505015051601
5843,daily_wage_labourer,1,0.650760328431456
5844,daily_wage_labourer,1,0.4581572119870943
5845,domestic_worker,1,0.34110081860372665
5846,domestic_worker,1,0.426025052082249
5847,street_vendor,1,0.5433022981468131
5848,street_vendor,1,0.5519054731218451
5849,gig_delivery,1,0.5741539380137101
5850,domestic_worker,1,0.5739781291419808
5851,domestic_worker,1,0.5006915217756889
5852,street_vendor,1,0.6682815233965318
5853,street_vendor,1,0.4744010871153817
5854,street_vendor,1,0.708466180432799
5855,gig_delivery,1,0.7803058389187717
5856,daily_wage_labourer,1,0.512466216108319
5857,daily_wage_labourer,1,0.29684049180679123
5858,daily_wage_labourer,1,0.46815387241466827
5859,street_vendor,1,0.6702241784241045
5860,gig_delivery,1,0.8463769108210919
5861,street_vendor,0,0.5583810952998609
5862,gig_delivery,1,0.8529371720814947
5863,gig_delivery,1,0.5733699013561417
5864,gig_delivery,1,0.3400751567977457
5865,daily_wage_labourer,1,0.4101714027884121
5866,gig_delivery,1,0.8116831568673805
5867,gig_delivery,1,0.9175170472818414
5868,street_vendor,1,0.45058813146628895
5869,street_vendor,1,0.41818120717142515
5870,gig_delivery,0,0.624655734063694
5871,street_vendor,1,0.5765458800586459
5872,street_vendor,1,0.7882507888567744
5873,street_vendor,1,0.3881418585454243
5874,street_vendor,1,0.6959841131979504
5875,daily_wage_labourer,1,0.5482674725470034
5876,gig_delivery,1,0.8325462076893517
5877,street_vendor,1,0.023214478927796545
5878,gig_delivery,1,0.7163491248252875
5879,street_vendor,1,0.16650087616903353
5880,daily_wage_labourer,1,0.614434502808446
5881,street_vendor,1,0.7344554031608795
5882,gig_delivery,1,0.8697413577932561
5883,domestic_worker,1,0.5249600498290508
5884,daily_wage_labourer,0,0.467322188118086
5885,street_vendor,1,0.5894505108431162
5886,street_vendor,1,0.5245027752535263
5887,street_vendor,1,0.6222350983915808
5888,gig_delivery,0,0.6581688975238872
5889,street_vendor,1,0.8346951163924391
5890,domestic_worker,1,0.15760300247097803
5891,daily_wage_labourer,1,0.34223166049625897
5892,daily_wage_labourer,1,0.32986499826666055
5893,gig_delivery,1,0.8879204946779314
5894,street_vendor,1,0.5039966262790331
5895,gig_delivery,1,0.7450083846038863
5896,street_vendor,1,0.25466231465592437
5897,gig_delivery,1,0.9287881798586014
5898,daily_wage_labourer,0,0.475595903272039
5899,street_vendor,0,0.5146334370287768
5900,gig_delivery,1,0.9735715185306774
5901,street_vendor,1,0.7816929968601937
5902,street_vendor,1,0.7461229245732311
5903,gig_delivery,1,0.6132052096589856
5904,daily_wage_labourer,0,0.42591949783707034
5905,domestic_worker,1,0.6141442227365745
5906,gig_delivery,1,0.777478892693268
5907,gig_delivery,1,0.6361729966226173
5908,street_vendor,1,0.533942800296417
5909,street_vendor,1,0.38652065924304013
5910,domestic_worker,1,0.43376603863452906
5911,street_vendor,1,0.7521703626494303
5912,daily_wage_labourer,1,0.5611751621827243
5913,street_vendor,1,0.30429709586892645
5914,street_vendor,1,0.707484263642329
5915,daily_wage_labourer,1,0.6144037204309826
5916,gig_delivery,1,0.5714076899815982
5917,gig_delivery,1,0.5070693188705406
5918,domestic_worker,1,0.4607841791523331
5919,street_vendor,1,0.7368263592063203
5920,daily_wage_labourer,1,0.16893173210243628
5921,street_vendor,1,0.4568112369204556
5922,gig_delivery,1,0.6996751847693786
5923,daily_wage_labourer,1,0.33026592145655226
5924,daily_wage_labourer,1,0.5763898893133592
5925,street_vendor,1,0.5327941486983225
5926,gig_delivery,1,0.25160167228758457
5927,gig_delivery,1,0.9171900266153247
5928,domestic_worker,1,0.48702782539065903
5929,street_vendor,1,0.469274208684731
5930,domestic_worker,1,0.1305006527183899
5931,street_vendor,1,0.5535461178593465
5932,daily_wage_labourer,1,0.3660448551394707
5933,street_vendor,1,0.520479502797714
5934,street_vendor,1,0.18590495517993205
5935,daily_wage_labourer,1,0.5635679818403739
5936,street_vendor,1,0.8467404132520291
5937,daily_wage_labourer,1,0.4742053071942076
5938,gig_delivery,1,0.4460308354678136
5939,gig_delivery,1,0.37489029724948214
5940,gig_delivery,1,0.5827910479166937
5941,daily_wage_labourer,1,0.2792550668356036
5942,street_vendor,1,0.6287021801959071
5943,gig_delivery,1,0.8139737867990614
5944,street_vendor,1,0.4598218937785149
5945,street_vendor,1,0.3299202484859318
5946,street_vendor,1,0.7490429793943985
5947,gig_delivery,1,0.7940043490309632
5948,daily_wage_labourer,1,0.3916454239611898
5949,gig_delivery,1,0.5696844319697946
5950,daily_wage_labourer,1,0.6589652448104977
5951,daily_wage_labourer,1,0.5387381802105826
5952,daily_wage_labourer,1,0.570872511421026
5953,street_vendor,1,0.6180776730765614
5954,daily_wage_labourer,1,0.5428046584327652
5955,gig_delivery,1,0.5329541124468443
5956,daily_wage_labourer,1,0.5694454949610432
5957,street_vendor,1,0.7534666759827123
5958,gig_delivery,1,0.32814387562267333
5959,daily_wage_labourer,1,0.652568791524447
5960,street_vendor,1,0.6863800043178531
5961,street_vendor,1,0.4304703159784591
5962,daily_wage_labourer,1,0.6109624786818144
5963,daily_wage_labourer,1,0.3854328774052627
5964,gig_delivery,1,0.6964598341041228
5965,street_vendor,1,0.4933582459036986
5966,gig_delivery,1,0.5339526753132962
5967,street_vendor,1,0.10574476005680333
5968,gig_delivery,1,0.6867984914630421
5969,gig_delivery,0,0.7093169372730574
5970,daily_wage_labourer,1,0.6990983843503504
5971,street_vendor,1,0.6101942881410596
5972,daily_wage_labourer,1,0.434290085607209
5973,domestic_worker,1,0.41106225389099077
5974,domestic_worker,1,0.6194808455808656
5975,street_vendor,1,0.1304561267393894
5976,gig_delivery,1,0.39955693939805714
5977,daily_wage_labourer,1,0.4997716435916131
5978,street_vendor,1,0.5333097401784221
5979,gig_delivery,1,0.6610234916440234
5980,daily_wage_labourer,0,0.27867862982273145
5981,daily_wage_labourer,0,0.414625173177585
5982,gig_delivery,1,0.707854932995985
5983,daily_wage_labourer,1,0.6165378921217476
5984,gig_delivery,1,0.6182583409788289
5985,daily_wage_labourer,1,0.40590535590193827
5986,street_vendor,1,0.4301518681745823
5987,daily_wage_labourer,1,0.6651726517184793
5988,domestic_worker,1,0.4772324327376157
5989,daily_wage_labourer,1,0.49920109541427976
5990,street_vendor,1,0.4271526175502551
5991,gig_delivery,1,0.6430087219452395
5992,domestic_worker,1,0.6095817448898067
5993,domestic_worker,0,0.4744021137320532
5994,daily_wage_labourer,1,0.4813011908218327
5995,daily_wage_labourer,1,0.09802753491709643
5996,daily_wage_labourer,1,0.5363774369859818
5997,gig_delivery,1,0.8500194888328482
5998,domestic_worker,1,0.2831653761831816
5999,gig_delivery,1,0.4787613297553336
6000,daily_wage_labourer,1,0.5673619295377609
6001,street_vendor,1,0.5560859545197905
6002,daily_wage_labourer,1,0.4096243028474293
6003,street_vendor,1,0.5174976818462949
6004,street_vendor,1,0.5251207760973047
6005,daily_wage_labourer,1,0.49301924626246457
6006,gig_delivery,1,0.4804858484419502
6007,domestic_worker,1,0.5112263513365791
6008,gig_delivery,1,0.6196565668299682
6009,domestic_worker,1,0.5574883645788868
6010,gig_delivery,1,0.41985946319399803
6011,gig_delivery,1,0.7304766676022352
6012,street_vendor,1,0.5471629069015849
6013,gig_delivery,1,0.6029401961387099
6014,street_vendor,0,0.2718432376149309
6015,street_vendor,1,0.47954714823111133
6016,street_vendor,0,0.4193285665646688
6017,gig_delivery,1,0.5859651966255942
6018,gig_delivery,0,0.46779472775769637
6019,domestic_worker,1,0.24947455332752672
6020,domestic_worker,1,0.5064376051323276
6021,domestic_worker,1,0.24174308185852636
6022,street_vendor,1,0.7277360856348364
6023,domestic_worker,1,0.4530260524373737
6024,gig_delivery,1,0.6667260823744646
6025,domestic_worker,1,0.30679447087781786
6026,street_vendor,1,0.7125768802960515
6027,street_vendor,1,0.46872314238719676
6028,domestic_worker,1,0.4643328511211257
6029,street_vendor,1,0.6349399731085532
6030,daily_wage_labourer,1,0.49669706977707534
6031,daily_wage_labourer,1,0.5136689450895398
6032,street_vendor,1,0.735598313580122
6033,street_vendor,1,0.7037744895028512
6034,domestic_worker,1,0.5765523831535297
6035,domestic_worker,1,0.34394369817244996
6036,domestic_worker,1,0.48161940376613244
6037,street_vendor,1,0.8076726915897366
6038,street_vendor,1,0.319397911188237
6039,daily_wage_labourer,1,0.31041326814708714
6040,daily_wage_labourer,1,0.3394971733014019
6041,street_vendor,0,0.8025276132419278
6042,gig_delivery,1,0.6728641738554482
6043,domestic_worker,1,0.4214441482498495
6044,daily_wage_labourer,1,0.4429851320222599
6045,daily_wage_labourer,0,0.40961863715757457
6046,daily_wage_labourer,1,0.3506157112505933
6047,street_vendor,1,0.47399085032510563
6048,street_vendor,1,0.6241451122795645
6049,daily_wage_labourer,1,0.4651291073903597
6050,daily_wage_labourer,1,0.6794298040388458
6051,daily_wage_labourer,1,0.5858291416328913
6052,gig_delivery,1,0.6748759916513958
6053,street_vendor,1,0.4634484220367701
6054,street_vendor,1,0.7001992832577906
6055,street_vendor,0,0.48100316745890115
6056,street_vendor,1,0.7790364358923437
6057,daily_wage_labourer,1,0.4348930702320917
6058,gig_delivery,1,0.5874494316913518
6059,domestic_worker,1,0.527111145197229
6060,gig_delivery,1,0.5431191174102658
6061,daily_wage_labourer,1,0.01
6062,street_vendor,1,0.5089407028041099
6063,daily_wage_labourer,1,0.46776174264099374
6064,daily_wage_labourer,1,0.31710376922567035
6065,domestic_worker,1,0.6766088884974606
6066,daily_wage_labourer,1,0.07111091632455219
6067,street_vendor,1,0.20955105314019906
6068,street_vendor,1,0.40744782689142056
6069,street_vendor,1,0.6300673121741142
6070,domestic_worker,1,0.2624181738381013
6071,street_vendor,1,0.5562872385731121
6072,street_vendor,1,0.5684503148627373
6073,street_vendor,1,0.327133639525087
6074,gig_delivery,1,0.7173527165912984
6075,daily_wage_labourer,1,0.3490593472102955
6076,gig_delivery,1,0.5012872852693305
6077,daily_wage_labourer,1,0.3761095924812749
6078,street_vendor,1,0.210343849667951
6079,domestic_worker,1,0.3869901721207373
6080,street_vendor,1,0.6720362207689827
6081,street_vendor,0,0.35581366400362074
6082,daily_wage_labourer,1,0.4836325424853402
6083,street_vendor,1,0.4086726293470373
6084,street_vendor,1,0.49459647620218855
6085,gig_delivery,1,0.8889557390553935
6086,daily_wage_labourer,0,0.01
6087,street_vendor,1,0.6397548920071923
6088,daily_wage_labourer,1,0.6748594470070534
6089,gig_delivery,1,0.6852002385031766
6090,street_vendor,1,0.709455552502358
6091,street_vendor,1,0.7214781169299541
6092,gig_delivery,1,0.7314872378454074
6093,gig_delivery,1,0.8683602361610429
6094,domestic_worker,1,0.3695185640386713
6095,daily_wage_labourer,1,0.4922335137760571
6096,street_vendor,1,0.7002006437797018
6097,daily_wage_labourer,1,0.24100477688263627
6098,gig_delivery,1,0.5726469673837428
6099,street_vendor,1,0.5669538243582046
6100,daily_wage_labourer,1,0.5747611210349584
6101,street_vendor,1,0.13599179274136441
6102,gig_delivery,1,0.5397178965625807
6103,gig_delivery,1,0.6587784147805836
6104,daily_wage_labourer,1,0.5233623712982215
6105,domestic_worker,1,0.17810002739140746
6106,domestic_worker,1,0.6927373537097279
6107,street_vendor,1,0.6906200816465432
6108,daily_wage_labourer,1,0.3537217450406363
6109,gig_delivery,1,0.4665248249781386
6110,street_vendor,1,0.5703975476555302
6111,daily_wage_labourer,1,0.5832281469247597
6112,street_vendor,1,0.36447502633832424
6113,domestic_worker,1,0.37682473131457767
6114,daily_wage_labourer,1,0.6996366618356558
6115,gig_delivery,1,0.4516343588978631
6116,daily_wage_labourer,1,0.42894094239993324
6117,street_vendor,1,0.4601451024716973
6118,domestic_worker,1,0.3043505715876387
6119,street_vendor,1,0.7871255352973179
6120,street_vendor,1,0.47267723887389845
6121,daily_wage_labourer,1,0.47139822726340086
6122,gig_delivery,1,0.560252121582154
6123,daily_wage_labourer,1,0.7642702861335745
6124,street_vendor,1,0.636105634542181
6125,daily_wage_labourer,1,0.6177666175928006
6126,street_vendor,1,0.5385317535031446
6127,street_vendor,1,0.47726098240860443
6128,daily_wage_labourer,1,0.4256191228189552
6129,street_vendor,1,0.6409174274098827
6130,street_vendor,1,0.4789502422893178
6131,gig_delivery,1,0.4898328334041968
6132,gig_delivery,1,0.5848217676040092
6133,street_vendor,1,0.607739919970889
6134,daily_wage_labourer,1,0.5078420468753743
6135,street_vendor,1,0.5295350531744388
6136,domestic_worker,0,0.3688887513849099
6137,street_vendor,0,0.4767700545777759
6138,street_vendor,1,0.6964003787683821
6139,daily_wage_labourer,1,0.2729891780541915
6140,street_vendor,1,0.43837753205365515
6141,street_vendor,1,0.6610038602270129
6142,street_vendor,1,0.5568535321281536
6143,gig_delivery,1,0.7228638511276598
6144,gig_delivery,1,0.5330005687881132
6145,gig_delivery,1,0.6744358602595135
6146,gig_delivery,1,0.6837756573797755
6147,daily_wage_labourer,1,0.5514663880284948
6148,domestic_worker,1,0.19054964435935037
6149,gig_delivery,1,0.561494810386998
6150,gig_delivery,1,0.6281864251080042
6151,gig_delivery,1,0.7546569024389154
6152,daily_wage_labourer,0,0.01
6153,street_vendor,1,0.7499743362689568
6154,daily_wage_labourer,1,0.5061171046921054
6155,street_vendor,1,0.28937616266241883
6156,daily_wage_labourer,1,0.5809268556861208
6157,street_vendor,1,0.5162768092973262
6158,street_vendor,1,0.4082103825769132
6159,domestic_worker,1,0.4479874999557208
6160,gig_delivery,1,0.3337524380088328
6161,daily_wage_labourer,1,0.5376127590050094
6162,daily_wage_labourer,1,0.3026308876166252
6163,daily_wage_labourer,1,0.3890816894910473
6164,domestic_worker,0,0.4500918126335801
6165,gig_delivery,1,0.49831332719493737
6166,gig_delivery,1,0.561379878724888
6167,daily_wage_labourer,1,0.45950987071639743
6168,daily_wage_labourer,1,0.4281846061739129
6169,gig_delivery,0,0.69706270008311
6170,domestic_worker,1,0.4916169574582911
6171,daily_wage_labourer,1,0.3403540417467222
6172,daily_wage_labourer,1,0.3206619486882004
6173,daily_wage_labourer,1,0.5087185010910056
6174,daily_wage_labourer,1,0.34804534963050765
6175,domestic_worker,1,0.3237281508600606
6176,gig_delivery,0,0.5231772587785571
6177,daily_wage_labourer,0,0.10718541353698657
6178,daily_wage_labourer,1,0.5230513876064217
6179,daily_wage_labourer,1,0.5041794111333123
6180,street_vendor,1,0.3847558902222802
6181,daily_wage_labourer,1,0.1248091465105467
6182,gig_delivery,1,0.7742369976386031
6183,gig_delivery,1,0.7893809328596646
6184,street_vendor,1,0.21344443047038575
6185,gig_delivery,1,0.5326040458165961
6186,gig_delivery,1,0.6629264050862133
6187,street_vendor,1,0.33390139257922624
6188,gig_delivery,1,0.7911304305328589
6189,gig_delivery,1,0.534650804116627
6190,gig_delivery,1,0.5810755747180171
6191,street_vendor,1,0.5442117177873081
6192,street_vendor,1,0.13358461755518225
6193,daily_wage_labourer,1,0.5606963997762398
6194,street_vendor,1,0.366418102891115
6195,daily_wage_labourer,1,0.6298273986946682
6196,gig_delivery,1,0.6787267071936648
6197,street_vendor,1,0.31446434168768767
6198,daily_wage_labourer,1,0.43871013109377727
6199,domestic_worker,1,0.49062442151862284
6200,daily_wage_labourer,1,0.3687894713354295
6201,daily_wage_labourer,1,0.4259467126869831
6202,daily_wage_labourer,1,0.5272368260703515
6203,street_vendor,1,0.37703392928455415
6204,street_vendor,1,0.6669748939177343
6205,gig_delivery,1,0.6608646165946176
6206,daily_wage_labourer,1,0.6079173186685053
6207,street_vendor,1,0.3762142067693229
6208,street_vendor,1,0.2107795859520486
6209,gig_delivery,1,0.47202359874824507
6210,street_vendor,1,0.37410082885409834
6211,gig_delivery,1,0.7282426428193695
6212,daily_wage_labourer,1,0.20746396252241806
6213,daily_wage_labourer,1,0.650596529191655
6214,street_vendor,1,0.5632472475236074
6215,street_vendor,1,0.8610138799257697
6216,daily_wage_labourer,1,0.5689975209065345
6217,gig_delivery,1,0.6504774416366497
6218,street_vendor,1,0.830520823885516
6219,daily_wage_labourer,1,0.5862886492853621
6220,daily_wage_labourer,1,0.7143846116142564
6221,street_vendor,1,0.22141088390642283
6222,daily_wage_labourer,1,0.5063042097610957
6223,street_vendor,1,0.6571168438444366
6224,daily_wage_labourer,1,0.505652037026402
6225,street_vendor,1,0.41197371568124175
6226,daily_wage_labourer,1,0.4531964280285744
6227,daily_wage_labourer,1,0.5698254848284315
6228,daily_wage_labourer,1,0.5711611109458476
6229,daily_wage_labourer,1,0.12906639979429085
6230,domestic_worker,1,0.39587776876596853
6231,daily_wage_labourer,1,0.3970324872527316
6232,gig_delivery,1,0.3473651608158982
6233,street_vendor,1,0.01
6234,daily_wage_labourer,1,0.3202494751223816
6235,street_vendor,1,0.483848156817534
6236,daily_wage_labourer,1,0.3344848911249677
6237,gig_delivery,0,0.37932875721440934
6238,gig_delivery,1,0.6844652689547448
6239,daily_wage_labourer,1,0.28401185692920095
6240,gig_delivery,1,0.6244087736891281
6241,street_vendor,1,0.08708652233396225
6242,street_vendor,0,0.422612991456804
6243,gig_delivery,1,0.5797229722035823
6244,street_vendor,1,0.4983193684797809
6245,street_vendor,1,0.4066007292368884
6246,domestic_worker,1,0.5974955221977543
6247,domestic_worker,1,0.654464623590991
6248,gig_delivery,1,0.7494447766853967
6249,daily_wage_labourer,1,0.5091809459670185
6250,gig_delivery,1,0.6084618162350783
6251,street_vendor,1,0.5307284555269933
6252,daily_wage_labourer,1,0.3004481056946881
6253,daily_wage_labourer,1,0.5011059623779163
6254,domestic_worker,1,0.4970378888145251
6255,domestic_worker,1,0.49936326499271055
6256,gig_delivery,1,0.8467079413754509
6257,street_vendor,1,0.3176572976362142
6258,daily_wage_labourer,1,0.0898211424029552
6259,street_vendor,1,0.6744835800693085
6260,domestic_worker,1,0.41478938458499964
6261,street_vendor,1,0.5578472585687323
6262,street_vendor,1,0.3492526364672164
6263,gig_delivery,1,0.3729807555433997
6264,daily_wage_labourer,1,0.25432635160597017
6265,gig_delivery,1,0.5734331513664688
6266,street_vendor,1,0.5623156147585147
6267,gig_delivery,1,0.49497013563186276
6268,street_vendor,1,0.4670033769181585
6269,street_vendor,1,0.08865142773353657
6270,daily_wage_labourer,1,0.7549893340266538
6271,street_vendor,1,0.3426956711905923
6272,daily_wage_labourer,1,0.32839243782099187
6273,street_vendor,1,0.6433639418489195
6274,street_vendor,1,0.644766579613542
6275,gig_delivery,1,0.6792711252785403
6276,street_vendor,1,0.7388059846675684
6277,gig_delivery,1,0.5177862616896244
6278,gig_delivery,1,0.6922200884731563
6279,street_vendor,1,0.6240465529931528
6280,gig_delivery,1,0.4665099943557062
6281,street_vendor,1,0.42694526253062814
6282,daily_wage_labourer,1,0.3788203259200586
6283,street_vendor,1,0.47183674706313217
6284,gig_delivery,1,0.4449126267447116
6285,daily_wage_labourer,1,0.46174616151663933
6286,daily_wage_labourer,1,0.6562515619704852
6287,domestic_worker,1,0.29383495500245116
6288,daily_wage_labourer,0,0.37920548522694636
6289,domestic_worker,1,0.40157255205152587
6290,gig_delivery,0,0.7829346962303291
6291,domestic_worker,1,0.24744765523045778
6292,domestic_worker,1,0.5360195259515277
6293,domestic_worker,1,0.5383459432892178
6294,street_vendor,1,0.4629038712141385
6295,gig_delivery,1,0.7034875129611012
6296,gig_delivery,1,0.5246460590568558
6297,gig_delivery,1,0.7695578814642435
6298,street_vendor,1,0.4102613644894857
6299,domestic_worker,1,0.4531514487846156
6300,street_vendor,1,0.553527264640892
6301,daily_wage_labourer,1,0.2819213153612951
6302,daily_wage_labourer,1,0.3965897988345001
6303,street_vendor,0,0.5896372410386074
6304,gig_delivery,1,0.3854630425129527
6305,street_vendor,1,0.34021794659906
6306,gig_delivery,1,0.46163468650306044
6307,gig_delivery,1,0.5360849284744817
6308,daily_wage_labourer,1,0.3723853706141841
6309,gig_delivery,1,0.7432301942752856
6310,street_vendor,1,0.4918273877922623
6311,gig_delivery,1,0.4444708161471903
6312,domestic_worker,1,0.3980673029984253
6313,street_vendor,1,0.6113250086798397
6314,gig_delivery,1,0.720021145653406
6315,daily_wage_labourer,1,0.1052326560976101
6316,daily_wage_labourer,1,0.21115872658740276
6317,gig_delivery,1,0.6415877950973383
6318,daily_wage_labourer,1,0.4511200156241304
6319,gig_delivery,1,0.6050979046206885
6320,street_vendor,1,0.5615346340923532
6321,daily_wage_labourer,1,0.39924401175264057
6322,domestic_worker,1,0.3114534174329725
6323,street_vendor,1,0.8748289610808538
6324,daily_wage_labourer,1,0.4692875539883529
6325,street_vendor,1,0.6361150074774786
6326,gig_delivery,1,0.7635838150964261
6327,daily_wage_labourer,0,0.6353311241926635
6328,daily_wage_labourer,1,0.6538689518887747
6329,street_vendor,1,0.7147440690169733
6330,daily_wage_labourer,1,0.5483676995209389
6331,domestic_worker,1,0.2735928382918067
6332,daily_wage_labourer,1,0.01993932025763412
6333,daily_wage_labourer,1,0.17266096227740604
6334,gig_delivery,1,0.7721164878158243
6335,daily_wage_labourer,1,0.4591670718051234
6336,daily_wage_labourer,1,0.3866100591467659
6337,daily_wage_labourer,1,0.5674128080415338
6338,street_vendor,1,0.41858947358330995
6339,gig_delivery,1,0.6043010636364251
6340,domestic_worker,1,0.41573256134171893
6341,domestic_worker,1,0.5170188275410282
6342,domestic_worker,1,0.4313002166890359
6343,daily_wage_labourer,1,0.42916965644599864
6344,street_vendor,1,0.617780742403996
6345,gig_delivery,0,0.5992863504811246
6346,domestic_worker,1,0.38713988913126957
6347,gig_delivery,1,0.9264435826849172
6348,daily_wage_labourer,1,0.303119229185857
6349,gig_delivery,1,0.6831824060128568
6350,gig_delivery,1,0.6021620622236094
6351,domestic_worker,1,0.5325189793531653
6352,gig_delivery,1,0.7337085920022502
6353,daily_wage_labourer,1,0.536224698169246
6354,street_vendor,1,0.7691829749964739
6355,daily_wage_labourer,1,0.3485308832206056
6356,daily_wage_labourer,1,0.5653733757168389
6357,domestic_worker,1,0.4572926445759952
6358,daily_wage_labourer,1,0.6655151170608757
6359,daily_wage_labourer,1,0.33537471628358895
6360,daily_wage_labourer,1,0.37652923493570595
6361,gig_delivery,1,0.6397042790799554
6362,daily_wage_labourer,1,0.31631105106441393
6363,street_vendor,1,0.6604564069794011
6364,domestic_worker,1,0.23580247803138515
6365,daily_wage_labourer,1,0.586682716747402
6366,daily_wage_labourer,1,0.10837033901086446
6367,street_vendor,1,0.4758647410696084
6368,daily_wage_labourer,1,0.48908031426287685
6369,gig_delivery,1,0.3522106214090913
6370,domestic_worker,1,0.20015614211115423
6371,street_vendor,1,0.25825396416316326
6372,domestic_worker,1,0.24666653780314535
6373,gig_delivery,1,0.3632857756045796
6374,street_vendor,1,0.5895344309881854
6375,street_vendor,1,0.50405424495039
6376,street_vendor,1,0.43588167274114253
6377,domestic_worker,1,0.5112614750431573
6378,street_vendor,1,0.4887449146192372
6379,daily_wage_labourer,0,0.4699584260515298
6380,gig_delivery,1,0.6381660173134607
6381,domestic_worker,1,0.3054607300684316
6382,gig_delivery,1,0.7703283389482737
6383,gig_delivery,1,0.46482112259066266
6384,street_vendor,1,0.4896558533262785
6385,domestic_worker,1,0.3868737544950724
6386,street_vendor,1,0.5699548325554036
6387,street_vendor,1,0.6019213551862838
6388,domestic_worker,1,0.41680218388245016
6389,street_vendor,1,0.5241101871704482
6390,street_vendor,0,0.4653914411697567
6391,gig_delivery,1,0.424634222595178
6392,daily_wage_labourer,1,0.4146390747028577
6393,street_vendor,1,0.49955846170158286
6394,gig_delivery,1,0.4674625387226147
6395,gig_delivery,1,0.7061252078940824
6396,gig_delivery,1,0.873903643594674
6397,street_vendor,1,0.028470487615662177
6398,daily_wage_labourer,1,0.6147716570823801
6399,gig_delivery,1,0.31735510798534
6400,street_vendor,1,0.5552485099132269
6401,street_vendor,1,0.486481688390377
6402,street_vendor,0,0.16552057007446425
6403,daily_wage_labourer,1,0.5119536912968513
6404,street_vendor,1,0.4367675226842415
6405,gig_delivery,1,0.6064696323040831
6406,domestic_worker,1,0.5095701807248814
6407,street_vendor,1,0.35347710139171507
6408,gig_delivery,1,0.6722058830251763
6409,street_vendor,1,0.6281834357846074
6410,street_vendor,1,0.3464588011483179
6411,gig_delivery,1,0.425124959019002
6412,daily_wage_labourer,1,0.27779164257813804
6413,domestic_worker,1,0.30406333693658727
6414,daily_wage_labourer,1,0.2450959210378324
6415,street_vendor,1,0.16109760377979415
6416,daily_wage_labourer,1,0.21263812768135282
6417,street_vendor,1,0.667559402314945
6418,domestic_worker,1,0.5241577502001351
6419,gig_delivery,1,0.21614608775058997
6420,daily_wage_labourer,1,0.01
6421,daily_wage_labourer,1,0.5753145756735628
6422,gig_delivery,1,0.7244510924157505
6423,gig_delivery,1,0.5422389439403751
6424,street_vendor,0,0.4409182841713051
6425,street_vendor,1,0.26044509502479174
6426,street_vendor,1,0.5602599452109023
6427,daily_wage_labourer,1,0.3677865935256545
6428,daily_wage_labourer,1,0.48086006423821964
6429,street_vendor,1,0.4224629242428801
6430,daily_wage_labourer,1,0.16854411560931326
6431,daily_wage_labourer,1,0.4841784016210416
6432,street_vendor,1,0.6964607288966087
6433,domestic_worker,0,0.4520914295462069
6434,daily_wage_labourer,1,0.443837324869274
6435,daily_wage_labourer,0,0.6020186868139964
6436,daily_wage_labourer,1,0.450734340630114
6437,daily_wage_labourer,1,0.5321465638593964
6438,domestic_worker,1,0.5245753656210119
6439,daily_wage_labourer,1,0.2213083940417382
6440,daily_wage_labourer,1,0.2764085002150216
6441,domestic_worker,1,0.6536879288944066
6442,gig_delivery,1,0.388962647867821
6443,gig_delivery,1,0.7317976719891486
6444,street_vendor,1,0.6072470277785553
6445,street_vendor,1,0.5295945817655384
6446,gig_delivery,1,0.7628323193014952
6447,daily_wage_labourer,1,0.460749428270414
6448,gig_delivery,1,0.393900553325143
6449,gig_delivery,0,0.4144343424404975
6450,street_vendor,1,0.5894904896821546
6451,street_vendor,1,0.400988910455171
6452,daily_wage_labourer,1,0.4579073414261828
6453,street_vendor,1,0.5068018934308705
6454,gig_delivery,1,0.7464870446925558
6455,gig_delivery,1,0.4575168782270027
6456,daily_wage_labourer,1,0.28325286668744215
6457,gig_delivery,1,0.45919952093796323
6458,daily_wage_labourer,1,0.5694003541136731
6459,gig_delivery,1,0.4989149103333109
6460,street_vendor,1,0.6026633562263592
6461,gig_delivery,1,0.6759400260717112
6462,gig_delivery,1,0.6385150043216843
6463,street_vendor,1,0.05849525537290745
6464,daily_wage_labourer,1,0.48543624501647314
6465,domestic_worker,1,0.5289105670317839
6466,street_vendor,1,0.7231095219774797
6467,gig_delivery,1,0.6788221203499701
6468,domestic_worker,1,0.30042083160902555
6469,domestic_worker,1,0.01
6470,daily_wage_labourer,1,0.23132524413715722
6471,gig_delivery,1,0.5312036721842367
6472,domestic_worker,1,0.11553367565319711
6473,daily_wage_labourer,1,0.45467558310516637
6474,street_vendor,1,0.6704618029443018
6475,street_vendor,1,0.5915476734131778
6476,gig_delivery,1,0.17710194899453036
6477,daily_wage_labourer,1,0.36962890312759134
6478,street_vendor,1,0.43239055259018433
6479,daily_wage_labourer,1,0.26711622956917563
6480,gig_delivery,1,0.7564290586433411
6481,daily_wage_labourer,1,0.1323064485358204
6482,domestic_worker,1,0.25443972519950614
6483,gig_delivery,1,0.582758276859932
6484,domestic_worker,1,0.14986425658061603
6485,domestic_worker,1,0.5886214165835171
6486,street_vendor,1,0.2987095000109441
6487,gig_delivery,1,0.4840158285005706
6488,street_vendor,1,0.749262376177523
6489,domestic_worker,0,0.6557140327438169
6490,street_vendor,1,0.5165183091862602
6491,gig_delivery,1,0.6841857233866726
6492,gig_delivery,1,0.818735323387211
6493,street_vendor,0,0.6109293143359631
6494,gig_delivery,1,0.6689477877009955
6495,street_vendor,1,0.6946867504009204
6496,daily_wage_labourer,1,0.3669678183871731
6497,daily_wage_labourer,1,0.1338621233003247
6498,daily_wage_labourer,1,0.3826912056968517
6499,daily_wage_labourer,1,0.4157853046503404
6500,domestic_worker,1,0.03717318906876255
6501,daily_wage_labourer,1,0.3542934960195429
6502,daily_wage_labourer,1,0.33398374795062286
6503,domestic_worker,1,0.3630584259109045
6504,gig_delivery,1,0.730542696791463
6505,street_vendor,1,0.38537003306633055
6506,domestic_worker,1,0.1249304070405407
6507,street_vendor,1,0.3199152742266598
6508,daily_wage_labourer,1,0.32944966185770763
6509,daily_wage_labourer,1,0.0781903574306761
6510,gig_delivery,1,0.4644993581577541
6511,street_vendor,1,0.44645335359393823
6512,street_vendor,1,0.3911337293345809
6513,gig_delivery,1,0.7781866928965496
6514,street_vendor,1,0.3019256083206909
6515,daily_wage_labourer,1,0.5575005155642231
6516,gig_delivery,1,0.7943420899411405
6517,gig_delivery,1,0.5908825092903538
6518,street_vendor,1,0.5243002414526635
6519,daily_wage_labourer,1,0.42648151576379906
6520,domestic_worker,1,0.26529731669891865
6521,daily_wage_labourer,1,0.4060269769155884
6522,street_vendor,1,0.5133588230621948
6523,street_vendor,1,0.4737939528124916
6524,daily_wage_labourer,1,0.3073069609904179
6525,domestic_worker,1,0.4821301663804469
6526,daily_wage_labourer,1,0.39647256906760114
6527,street_vendor,1,0.5803702876518829
6528,daily_wage_labourer,1,0.38757290446653436
6529,street_vendor,1,0.40211229411372346
6530,street_vendor,1,0.4398927241637791
6531,domestic_worker,1,0.6006320346284368
6532,gig_delivery,1,0.08234004139543827
6533,street_vendor,1,0.4745749509763036
6534,daily_wage_labourer,0,0.5189781791590578
6535,street_vendor,1,0.6165065056754258
6536,street_vendor,1,0.5911450292491395
6537,daily_wage_labourer,1,0.24212846400153118
6538,daily_wage_labourer,1,0.5996670314277791
6539,gig_delivery,1,0.6033561292012488
6540,domestic_worker,1,0.24563756713682477
6541,street_vendor,1,0.5069973190585301
6542,domestic_worker,1,0.6599268613928213
6543,daily_wage_labourer,1,0.1150759725109621
6544,street_vendor,1,0.5598552452442621
6545,gig_delivery,1,0.13319031640666168
6546,street_vendor,1,0.4985794440726441
6547,daily_wage_labourer,1,0.642303405362646
6548,gig_delivery,1,0.6894490323902114
6549,street_vendor,1,0.6647958614680117
6550,domestic_worker,1,0.01
6551,street_vendor,1,0.7185534043810804
6552,gig_delivery,1,0.7376577740820092
6553,street_vendor,1,0.07862439841798219
6554,street_vendor,1,0.7224827711168696
6555,daily_wage_labourer,0,0.4117738836548411
6556,domestic_worker,1,0.33439056195934674
6557,street_vendor,1,0.5442050149202567
6558,domestic_worker,1,0.40626035161685575
6559,street_vendor,1,0.46975261092586684
6560,daily_wage_labourer,1,0.593899936260578
6561,daily_wage_labourer,1,0.32530602801763925
6562,street_vendor,1,0.5626921024890486
6563,domestic_worker,1,0.29429740324725084
6564,daily_wage_labourer,1,0.2914558985217638
6565,gig_delivery,1,0.7721361780663399
6566,daily_wage_labourer,1,0.30452849418898287
6567,daily_wage_labourer,1,0.42659389625625194
6568,gig_delivery,1,0.46895503766975755
6569,domestic_worker,1,0.283071211499999
6570,gig_delivery,1,0.6104301151686521
6571,daily_wage_labourer,0,0.48817075396580695
6572,gig_delivery,1,0.5961688625225725
6573,gig_delivery,1,0.6367380637096576
6574,daily_wage_labourer,1,0.06055943340863873
6575,gig_delivery,1,0.5773948020635015
6576,daily_wage_labourer,1,0.34376060238896305
6577,gig_delivery,1,0.7038878339571583
6578,domestic_worker,1,0.3522481551857967
6579,domestic_worker,1,0.49142080454655934
6580,gig_delivery,1,0.7073864939540634
6581,gig_delivery,0,0.44727772273852895
6582,gig_delivery,1,0.5991126172657321
6583,street_vendor,1,0.6594758458887654
6584,daily_wage_labourer,1,0.3650392934214642
6585,street_vendor,1,0.6919914166936476
6586,street_vendor,1,0.6559487441864351
6587,domestic_worker,1,0.30172963045528955
6588,domestic_worker,1,0.5771434499816279
6589,daily_wage_labourer,1,0.6575575381270977
6590,street_vendor,1,0.6073842585144769
6591,gig_delivery,1,0.6890862385545453
6592,daily_wage_labourer,1,0.16526681124490072
6593,gig_delivery,1,0.7450444817795322
6594,domestic_worker,1,0.42820877402796315
6595,daily_wage_labourer,1,0.51856625545574
6596,street_vendor,1,0.19350160128558558
6597,street_vendor,1,0.5325260419997184
6598,street_vendor,1,0.34799846530507283
6599,daily_wage_labourer,1,0.47375795211783694
6600,street_vendor,1,0.34596323922798666
6601,street_vendor,1,0.3268694097689557
6602,street_vendor,1,0.7811213321052011
6603,street_vendor,1,0.44144320149711225
6604,gig_delivery,1,0.5135211612161188
6605,street_vendor,1,0.6167272507359005
6606,domestic_worker,1,0.19663120079103596
6607,street_vendor,1,0.6327564745938312
6608,street_vendor,1,0.6372100587961889
6609,street_vendor,1,0.7030537515222656
6610,gig_delivery,0,0.7609757832868421
6611,street_vendor,1,0.3693897212520326
6612,daily_wage_labourer,0,0.537850076493626
6613,street_vendor,1,0.3120671427469468
6614,domestic_worker,1,0.5308957761566324
6615,street_vendor,1,0.8093456280304606
6616,daily_wage_labourer,0,0.5273103783227242
6617,domestic_worker,1,0.6743952939750157
6618,street_vendor,1,0.4378359739556905
6619,street_vendor,1,0.7739633021227251
6620,gig_delivery,1,0.5784142414394471
6621,street_vendor,1,0.5072364678471939
6622,street_vendor,1,0.5568950431917044
6623,daily_wage_labourer,1,0.05814585570297898
6624,street_vendor,1,0.6697844169205764
6625,domestic_worker,1,0.6221175631568798
6626,gig_delivery,1,0.3214473780152089
6627,daily_wage_labourer,1,0.3942611880658276
6628,street_vendor,1,0.6477386795112764
6629,gig_delivery,0,0.37146299958984913
6630,gig_delivery,1,0.6904748313772846
6631,street_vendor,1,0.5261696432299163
6632,domestic_worker,1,0.323039692855824
6633,daily_wage_labourer,1,0.43775522658490523
6634,gig_delivery,1,0.5618149263614372
6635,street_vendor,1,0.4131825492018709
6636,street_vendor,1,0.6593226168722793
6637,gig_delivery,1,0.6313741920085023
6638,gig_delivery,1,0.7916931197829776
6639,daily_wage_labourer,1,0.34998981017818936
6640,street_vendor,1,0.7629623520900626
6641,gig_delivery,1,0.5424406347202403
6642,street_vendor,1,0.7735547651401103
6643,daily_wage_labourer,1,0.3168300619361329
6644,gig_delivery,1,0.4576774595126951
6645,street_vendor,1,0.4124570415043279
6646,street_vendor,1,0.484781142071521
6647,street_vendor,1,0.5395995814429189
6648,domestic_worker,1,0.11640754689654617
6649,daily_wage_labourer,1,0.28454404866283933
6650,gig_delivery,1,0.598696563696346
6651,domestic_worker,0,0.6017517875458986
6652,gig_delivery,1,0.8656856592366952
6653,daily_wage_labourer,1,0.6272728125798642
6654,daily_wage_labourer,1,0.42934057923512287
6655,daily_wage_labourer,1,0.5854040876280419
6656,daily_wage_labourer,1,0.32701550873555685
6657,domestic_worker,1,0.6281559570977546
6658,gig_delivery,1,0.36785615405777705
6659,daily_wage_labourer,1,0.5133023177121881
6660,daily_wage_labourer,1,0.43258794424656744
6661,domestic_worker,1,0.5477263588198815
6662,street_vendor,1,0.41941775628013717
6663,gig_delivery,1,0.751706767763834
6664,street_vendor,1,0.4960558658504297
6665,gig_delivery,1,0.4392582611555402
6666,gig_delivery,1,0.5490506879581453
6667,daily_wage_labourer,1,0.2906651710868542
6668,street_vendor,1,0.667548277532092
6669,gig_delivery,1,0.86663480343497
6670,daily_wage_labourer,1,0.32591383153065356
6671,daily_wage_labourer,1,0.39751606288348335
6672,daily_wage_labourer,1,0.645838689943962
6673,daily_wage_labourer,1,0.5280179322134924
6674,gig_delivery,1,0.6624103727699642
6675,street_vendor,1,0.49091736167521094
6676,daily_wage_labourer,0,0.4538869364810684
6677,domestic_worker,1,0.195952121553864
6678,street_vendor,1,0.5294963916965288
6679,daily_wage_labourer,1,0.5619041520250914
6680,gig_delivery,1,0.3075632918624831
6681,domestic_worker,1,0.5332349908236246
6682,daily_wage_labourer,1,0.66833845823463
6683,gig_delivery,1,0.6423534213048671
6684,street_vendor,1,0.5809073488395111
6685,daily_wage_labourer,1,0.4145194953065478
6686,domestic_worker,1,0.5381771457166256
6687,domestic_worker,1,0.43983976076165016
6688,daily_wage_labourer,1,0.4612630868967268
6689,daily_wage_labourer,1,0.6839663809045076
6690,daily_wage_labourer,1,0.45404726843119586
6691,street_vendor,1,0.5665809122072724
6692,domestic_worker,1,0.01
6693,gig_delivery,1,0.712542085615328
6694,daily_wage_labourer,1,0.6084892130453708
6695,street_vendor,0,0.3371744870360866
6696,daily_wage_labourer,1,0.46096895506443986
6697,street_vendor,1,0.10205131783858962
6698,gig_delivery,1,0.7027652973323467
6699,daily_wage_labourer,1,0.47308591588695253
6700,street_vendor,1,0.7025979392130924
6701,gig_delivery,1,0.5696125913618606
6702,domestic_worker,1,0.18397402684919018
6703,street_vendor,1,0.3740238511788048
6704,daily_wage_labourer,1,0.39306346314655555
6705,daily_wage_labourer,1,0.6932722165875127
6706,street_vendor,1,0.24342416202032183
6707,daily_wage_labourer,0,0.6422349106415352
6708,gig_delivery,1,0.43319461549613014
6709,street_vendor,1,0.24741206639723856
6710,street_vendor,1,0.3608966829053274
6711,domestic_worker,1,0.540841035714323
6712,daily_wage_labourer,1,0.10404328290146272
6713,gig_delivery,1,0.5311974676639858
6714,gig_delivery,1,0.6178195954179806
6715,gig_delivery,1,0.7694775596376883
6716,gig_delivery,1,0.8793474478545865
6717,gig_delivery,1,0.9196875307093008
6718,gig_delivery,1,0.6562674537911045
6719,daily_wage_labourer,1,0.38761122222295535
6720,daily_wage_labourer,0,0.3628620367135667
6721,daily_wage_labourer,1,0.5043422044511764
6722,daily_wage_labourer,1,0.590543937516107
6723,street_vendor,1,0.7212029805249587
6724,daily_wage_labourer,1,0.45863700664168006
6725,daily_wage_labourer,1,0.43663170066478035
6726,street_vendor,1,0.7442747718541717
6727,street_vendor,1,0.5834357257806196
6728,gig_delivery,1,0.9313319927511258
6729,daily_wage_labourer,1,0.5720458157167011
6730,gig_delivery,1,0.770298289518891
6731,daily_wage_labourer,1,0.4182689835533417
6732,domestic_worker,1,0.4659993104539159
6733,gig_delivery,1,0.5472569743855757
6734,street_vendor,1,0.6243462088377965
6735,domestic_worker,1,0.4185338441880319
6736,street_vendor,1,0.6312185269731855
6737,daily_wage_labourer,1,0.40436244267372756
6738,gig_delivery,1,0.7839372856059823
6739,daily_wage_labourer,1,0.32715091819812775
6740,daily_wage_labourer,1,0.49001645912808267
6741,daily_wage_labourer,1,0.34843909345077184
6742,street_vendor,1,0.6306397558640868
6743,street_vendor,1,0.7074062557730528
6744,street_vendor,1,0.30564863883023474
6745,street_vendor,1,0.5923871034644044
6746,gig_delivery,1,0.537432481415142
6747,daily_wage_labourer,1,0.4278275533397603
6748,daily_wage_labourer,0,0.36370911331598116
6749,gig_delivery,1,0.7309445184753697
6750,street_vendor,1,0.4668464878496285
6751,street_vendor,1,0.51362898813756
6752,gig_delivery,1,0.7329075260439512
6753,domestic_worker,1,0.24734869710388982
6754,daily_wage_labourer,1,0.3571584708523912
6755,street_vendor,1,0.770666031500267
6756,gig_delivery,1,0.41908076553358337
6757,domestic_worker,1,0.3218525167566777
6758,daily_wage_labourer,1,0.5274055384268179
6759,street_vendor,1,0.3441538628747198
6760,street_vendor,1,0.5217424787445893
6761,daily_wage_labourer,1,0.313735765677083
6762,domestic_worker,1,0.3360311081455795
6763,gig_delivery,1,0.7338099019096572
6764,daily_wage_labourer,1,0.5525472609288136
6765,gig_delivery,1,0.6549020773775985
6766,gig_delivery,1,0.5728854209233831
6767,daily_wage_labourer,1,0.2444766145930281
6768,gig_delivery,0,0.8968569087201402
6769,daily_wage_labourer,1,0.3992266422456053
6770,daily_wage_labourer,1,0.5470343258372458
6771,daily_wage_labourer,1,0.7257270006249735
6772,daily_wage_labourer,1,0.6507450258986295
6773,domestic_worker,1,0.4187156636055815
6774,daily_wage_labourer,0,0.6684489381176718
6775,daily_wage_labourer,1,0.5575137685900626
6776,daily_wage_labourer,1,0.7181927161899673
6777,daily_wage_labourer,1,0.5748432725589996
6778,daily_wage_labourer,1,0.42841305161357746
6779,gig_delivery,1,0.5882022379103821
6780,daily_wage_labourer,1,0.5293868978830486
6781,daily_wage_labourer,1,0.5847946698737371
6782,gig_delivery,1,0.723925111913217
6783,street_vendor,1,0.4262691431275588
6784,gig_delivery,1,0.7763866001841778
6785,daily_wage_labourer,1,0.01
6786,daily_wage_labourer,0,0.4747841184381627
6787,gig_delivery,1,0.7548781155969069
6788,gig_delivery,1,0.560066524871505
6789,gig_delivery,1,0.6632728676199366
6790,daily_wage_labourer,1,0.3446135124670098
6791,daily_wage_labourer,1,0.5120472688174541
6792,gig_delivery,1,0.6776053484955132
6793,daily_wage_labourer,1,0.38068368473771774
6794,gig_delivery,1,0.4988543598104691
6795,daily_wage_labourer,1,0.524825755491096
6796,gig_delivery,1,0.5121282946449723
6797,street_vendor,1,0.5320529360483162
6798,daily_wage_labourer,1,0.4794449325674417
6799,street_vendor,1,0.6069314073742641
6800,daily_wage_labourer,1,0.5681993046912406
6801,gig_delivery,1,0.8100451521265588
6802,daily_wage_labourer,1,0.5252222288211581
6803,daily_wage_labourer,1,0.42625276508395465
6804,domestic_worker,1,0.3222333639245979
6805,gig_delivery,1,0.7325444168072762
6806,daily_wage_labourer,1,0.5087751178527798
6807,domestic_worker,1,0.21749231595000873
6808,daily_wage_labourer,1,0.3729675847044993
6809,gig_delivery,1,0.7770024651310022
6810,street_vendor,1,0.4367206477644787
6811,street_vendor,1,0.6772573887779558
6812,daily_wage_labourer,1,0.16615630737515252
6813,street_vendor,1,0.01
6814,daily_wage_labourer,1,0.532609192140545
6815,street_vendor,1,0.5295156413770432
6816,gig_delivery,1,0.37019514490046757
6817,street_vendor,1,0.35028085093502415
6818,street_vendor,1,0.6598264909585805
6819,domestic_worker,1,0.23417974637394756
6820,gig_delivery,1,0.24468735961859917
6821,domestic_worker,1,0.4068431003327205
6822,daily_wage_labourer,1,0.34693242129697904
6823,street_vendor,1,0.3400361724149916
6824,daily_wage_labourer,1,0.6627682536704506
6825,daily_wage_labourer,1,0.4184991583774856
6826,street_vendor,1,0.19845658064267302
6827,domestic_worker,1,0.31507602333555146
6828,gig_delivery,1,0.3711840882690486
6829,gig_delivery,1,0.7394049250038192
6830,daily_wage_labourer,1,0.42878253791026316
6831,gig_delivery,1,0.4772924324633885
6832,street_vendor,1,0.41423859381688344
6833,domestic_worker,1,0.01196748957513255
6834,daily_wage_labourer,1,0.5454990531508861
6835,street_vendor,1,0.6341425951364901
6836,street_vendor,1,0.4106467364793922
6837,gig_delivery,1,0.6520137843642221
6838,domestic_worker,1,0.48432755150961343
6839,domestic_worker,1,0.5151354976942839
6840,gig_delivery,1,0.8512913775438996
6841,domestic_worker,1,0.404877893118963
6842,gig_delivery,1,0.6819835559249046
6843,daily_wage_labourer,1,0.270735910892459
6844,gig_delivery,1,0.745391342535109
6845,street_vendor,1,0.5175882545674393
6846,street_vendor,1,0.010532708475059271
6847,daily_wage_labourer,1,0.42885606992203734
6848,street_vendor,1,0.4855292271938807
6849,domestic_worker,1,0.2666670510674542
6850,domestic_worker,1,0.03386979257874867
6851,daily_wage_labourer,1,0.44261208081763614
6852,gig_delivery,1,0.7339102825594312
6853,daily_wage_labourer,1,0.6075506612919653
6854,street_vendor,1,0.5371992778216507
6855,daily_wage_labourer,1,0.5449586159654816
6856,street_vendor,1,0.45660694393605056
6857,daily_wage_labourer,0,0.5853857766707427
6858,street_vendor,1,0.6278469573704921
6859,street_vendor,0,0.46373717883716725
6860,street_vendor,1,0.5633971684513132
6861,domestic_worker,0,0.36313299680310374
6862,street_vendor,1,0.27702253419760836
6863,daily_wage_labourer,1,0.4367890732838629
6864,daily_wage_labourer,1,0.5572234458106488
6865,daily_wage_labourer,1,0.2362757868551203
6866,daily_wage_labourer,1,0.2840225275705182
6867,street_vendor,1,0.6514335426857915
6868,gig_delivery,1,0.8313593740622515
6869,daily_wage_labourer,1,0.2889597846788027
6870,gig_delivery,1,0.6834875709393259
6871,daily_wage_labourer,1,0.4927898518804486
6872,daily_wage_labourer,1,0.509200910840293
6873,daily_wage_labourer,1,0.498098131740967
6874,street_vendor,1,0.6554716040101055
6875,daily_wage_labourer,1,0.5292186117810986
6876,street_vendor,1,0.2707456230790026
6877,daily_wage_labourer,1,0.7122323908774056
6878,gig_delivery,1,0.5777717634840515
6879,street_vendor,1,0.2940819738752311
6880,street_vendor,1,0.44292732352863434
6881,gig_delivery,1,0.7088459566918909
6882,daily_wage_labourer,1,0.041821740465920854
6883,gig_delivery,1,0.7780243407067328
6884,domestic_worker,1,0.26771340988147496
6885,domestic_worker,1,0.4265734936785485
6886,daily_wage_labourer,1,0.5434999137086209
6887,street_vendor,1,0.4254948227793585
6888,gig_delivery,1,0.38946384492432295
6889,gig_delivery,1,0.45258924228943187
6890,gig_delivery,1,0.6136505581885573
6891,daily_wage_labourer,1,0.37941445447142735
6892,street_vendor,1,0.6924389058782371
6893,street_vendor,1,0.4713235523730441
6894,street_vendor,1,0.5458073852845867
6895,street_vendor,1,0.5712212429753004
6896,domestic_worker,1,0.2282772109116717
6897,street_vendor,1,0.49356560238010205
6898,gig_delivery,1,0.6304619418035529
6899,domestic_worker,1,0.2098328497680717
6900,daily_wage_labourer,1,0.5245381611849831
6901,daily_wage_labourer,1,0.5101397218455456
6902,gig_delivery,1,0.5305829885139163
6903,daily_wage_labourer,1,0.2360739886963384
6904,daily_wage_labourer,1,0.46303560754460804
6905,gig_delivery,1,0.6429278181535879
6906,gig_delivery,1,0.5380247391422481
6907,gig_delivery,1,0.3994018365963645
6908,domestic_worker,1,0.5928513089463769
6909,daily_wage_labourer,1,0.2570713407989824
6910,gig_delivery,1,0.6660058617647246
6911,gig_delivery,1,0.32713892995496674
6912,gig_delivery,1,0.751485463492972
6913,gig_delivery,1,0.49185612496121367
6914,gig_delivery,1,0.5461587439684678
6915,domestic_worker,1,0.35439544236694215
6916,daily_wage_labourer,1,0.4052863634984275
6917,gig_delivery,1,0.7135483129319378
6918,street_vendor,1,0.5754060122834326
6919,daily_wage_labourer,1,0.37577802413186656
6920,gig_delivery,1,0.5064357294601777
6921,gig_delivery,1,0.5196675199798134
6922,daily_wage_labourer,1,0.35963394859558634
6923,daily_wage_labourer,1,0.6111550259295597
6924,daily_wage_labourer,1,0.31857151553046237
6925,street_vendor,1,0.19357244481565133
6926,street_vendor,1,0.3485012096485507
6927,domestic_worker,1,0.4678766428214814
6928,daily_wage_labourer,0,0.3522647945379515
6929,domestic_worker,1,0.32125980355536277
6930,street_vendor,1,0.7894231900226562
6931,gig_delivery,1,0.7666965975845521
6932,daily_wage_labourer,1,0.2999523688548893
6933,gig_delivery,1,0.6406736112651915
6934,gig_delivery,1,0.6069428609732832
6935,gig_delivery,1,0.5816085612553618
6936,domestic_worker,1,0.3723352062085628
6937,daily_wage_labourer,1,0.5278856280909698
6938,street_vendor,1,0.32495942473186357
6939,street_vendor,1,0.5789513642918194
6940,gig_delivery,1,0.8777838649165266
6941,daily_wage_labourer,1,0.6334955781253981
6942,daily_wage_labourer,1,0.5727115185239349
6943,daily_wage_labourer,1,0.5499588608673659
6944,daily_wage_labourer,1,0.5721280098632059
6945,gig_delivery,1,0.5311376478819996
6946,gig_delivery,1,0.5223964307153471
6947,gig_delivery,1,0.7403861881985421
6948,gig_delivery,1,0.46677524840274676
6949,domestic_worker,1,0.5555477406873899
6950,daily_wage_labourer,1,0.33771285826689174
6951,domestic_worker,1,0.41262733202797164
6952,street_vendor,1,0.5023136173949758
6953,gig_delivery,1,0.8072781205083639
6954,gig_delivery,1,0.3723738342642554
6955,daily_wage_labourer,1,0.57123510056319
6956,street_vendor,1,0.5235547781335249
6957,daily_wage_labourer,1,0.46025636754429017
6958,daily_wage_labourer,1,0.263582962180185
6959,domestic_worker,1,0.445941114866339
6960,daily_wage_labourer,1,0.31812080619703564
6961,street_vendor,1,0.5349696588189314
6962,daily_wage_labourer,1,0.5176924192419635
6963,daily_wage_labourer,1,0.01
6964,street_vendor,1,0.6778712936791066
6965,daily_wage_labourer,1,0.38651884023320116
6966,daily_wage_labourer,1,0.6509262705607626
6967,street_vendor,1,0.20616598615653392
6968,daily_wage_labourer,0,0.4609232469493892
6969,daily_wage_labourer,1,0.4816860553709826
6970,gig_delivery,1,0.6422113101262714
6971,daily_wage_labourer,1,0.6106428966008987
6972,street_vendor,1,0.6135780327154057
6973,domestic_worker,1,0.3704400617885549
6974,daily_wage_labourer,1,0.550791117407504
6975,street_vendor,1,0.551957058345911
6976,gig_delivery,1,0.4170704459240212
6977,street_vendor,1,0.5131928510359369
6978,gig_delivery,1,0.3064318068385774
6979,gig_delivery,1,0.409591461546922
6980,domestic_worker,1,0.359663330093182
6981,domestic_worker,1,0.47995923068743584
6982,street_vendor,1,0.45525861542354606
6983,gig_delivery,1,0.7039182984930111
6984,daily_wage_labourer,1,0.40717060710228287
6985,gig_delivery,1,0.647051631519731
6986,daily_wage_labourer,1,0.7520950071405403
6987,street_vendor,1,0.409382862808628
6988,street_vendor,1,0.7067808252843394
6989,street_vendor,1,0.38018781184336947
6990,street_vendor,1,0.4535364575831959
6991,street_vendor,1,0.4821728777072717
6992,domestic_worker,0,0.5414152966200709
6993,daily_wage_labourer,1,0.44150142810998777
6994,gig_delivery,1,0.7372189549859783
6995,gig_delivery,1,0.6891662844317642
6996,gig_delivery,1,0.5533105589050823
6997,daily_wage_labourer,1,0.30672614788062874
6998,domestic_worker,1,0.4674047391245608
6999,gig_delivery,1,0.8102420443020016
7000,gig_delivery,1,0.6332853226593802
7001,domestic_worker,1,0.3803729067419869
7002,daily_wage_labourer,1,0.3024632614933189
7003,daily_wage_labourer,1,0.4735653667520851
7004,domestic_worker,1,0.41011569914178
7005,daily_wage_labourer,1,0.5477980914076493
7006,gig_delivery,1,0.6400560834809184
7007,street_vendor,1,0.28841037854373447
7008,street_vendor,1,0.45976056807538906
7009,daily_wage_labourer,1,0.6840156103173393
7010,street_vendor,1,0.6456315734814885
7011,domestic_worker,1,0.1536246745638456
7012,street_vendor,1,0.656703153365476
7013,gig_delivery,1,0.6503389277938352
7014,street_vendor,1,0.7669943522984181
7015,domestic_worker,1,0.6596008625614891
7016,daily_wage_labourer,1,0.34104825827495483
7017,street_vendor,1,0.47865721786909077
7018,street_vendor,1,0.73913366876588
7019,daily_wage_labourer,1,0.5644787458637793
7020,domestic_worker,1,0.458113700844051
7021,domestic_worker,1,0.40355273948188697
7022,daily_wage_labourer,1,0.560961188242015
7023,daily_wage_labourer,1,0.48017344274318535
7024,street_vendor,1,0.696625486530959
7025,daily_wage_labourer,1,0.353457482128448
7026,daily_wage_labourer,0,0.50035984292109
7027,street_vendor,1,0.6461656803435155
7028,gig_delivery,1,0.6559440737667841
7029,domestic_worker,1,0.3955455764162357
7030,street_vendor,1,0.5944530721828479
7031,street_vendor,0,0.5646704106695948
7032,street_vendor,1,0.2786339961843275
7033,street_vendor,1,0.7123494105769287
7034,street_vendor,1,0.8545123664087225
7035,gig_delivery,1,0.5373159614024908
7036,street_vendor,1,0.2736818932868573
7037,gig_delivery,1,0.8963935434038283
7038,domestic_worker,1,0.3529829080997025
7039,domestic_worker,0,0.3351885747121249
7040,gig_delivery,1,0.6049856154368737
7041,street_vendor,1,0.5105017604984723
7042,street_vendor,1,0.4376066765849039
7043,street_vendor,1,0.6583077840521133
7044,domestic_worker,1,0.5119828480495974
7045,domestic_worker,1,0.01
7046,daily_wage_labourer,1,0.40362187612919276
7047,daily_wage_labourer,1,0.1800130504305401
7048,daily_wage_labourer,1,0.18092659981665787
7049,street_vendor,1,0.616054705578059
7050,domestic_worker,1,0.48947745174393975
7051,street_vendor,1,0.4737548244858134
7052,daily_wage_labourer,1,0.21206884934671083
7053,daily_wage_labourer,1,0.6713898391314063
7054,street_vendor,1,0.656094494946211
7055,daily_wage_labourer,1,0.31450350680246525
7056,domestic_worker,1,0.5878302521209262
7057,street_vendor,1,0.6264996804412917
7058,daily_wage_labourer,1,0.45433902186448555
7059,daily_wage_labourer,0,0.37446038248682945
7060,street_vendor,1,0.5287203243322643
7061,street_vendor,1,0.7014488582410089
7062,street_vendor,1,0.7011064586507453
7063,street_vendor,1,0.5513636953975223
7064,daily_wage_labourer,1,0.6295110769781403
7065,gig_delivery,0,0.6923492709638546
7066,gig_delivery,1,0.47647217068921044
7067,domestic_worker,1,0.11867687768463048
7068,daily_wage_labourer,1,0.1325386632116556
7069,gig_delivery,1,0.3318577700858799
7070,gig_delivery,1,0.378141514151188
7071,street_vendor,1,0.41575599832325777
7072,daily_wage_labourer,1,0.4539557885287889
7073,daily_wage_labourer,1,0.5460501440248599
7074,gig_delivery,1,0.8840686267531706
7075,daily_wage_labourer,1,0.5457496232508661
7076,street_vendor,1,0.3611446777491923
7077,domestic_worker,1,0.5036957396773003
7078,street_vendor,1,0.6010679335734631
7079,domestic_worker,1,0.3418710265224441
7080,gig_delivery,1,0.7943030898348855
7081,gig_delivery,1,0.5309756707482397
7082,gig_delivery,1,0.8122221233829847
7083,street_vendor,1,0.21681474827118083
7084,gig_delivery,1,0.4556719278659155
7085,gig_delivery,1,0.787847089600248
7086,gig_delivery,1,0.5583413079158546
7087,street_vendor,1,0.7032138521332021
7088,street_vendor,1,0.8672267510420352
7089,daily_wage_labourer,1,0.45352837266062496
7090,daily_wage_labourer,1,0.39610161699643714
7091,daily_wage_labourer,1,0.3505771534567071
7092,gig_delivery,1,0.5815798897362681
7093,gig_delivery,1,0.7726470807687082
7094,gig_delivery,1,0.7043516669291694
7095,street_vendor,1,0.3863247005962115
7096,daily_wage_labourer,1,0.38018786626281026
7097,daily_wage_labourer,1,0.48178948420475565
7098,street_vendor,1,0.6316478560223037
7099,street_vendor,1,0.1357950147200418
7100,daily_wage_labourer,1,0.39589086151429304
7101,street_vendor,1,0.43513837469053257
7102,daily_wage_labourer,1,0.43396335352984605
7103,street_vendor,1,0.45082438484838355
7104,street_vendor,1,0.5456705702336031
7105,street_vendor,1,0.631686629811081
7106,gig_delivery,1,0.731286552952783
7107,daily_wage_labourer,1,0.21423970304348855
7108,daily_wage_labourer,1,0.23838748804294418
7109,street_vendor,1,0.43666690547362846
7110,domestic_worker,1,0.488281031932068
7111,daily_wage_labourer,1,0.33209505677884593
7112,gig_delivery,1,0.5956193742969663
7113,daily_wage_labourer,1,0.2721973935639278
7114,gig_delivery,1,0.5199824255268294
7115,domestic_worker,1,0.3067686629334062
7116,daily_wage_labourer,1,0.3506859020782343
7117,gig_delivery,1,0.6096151764332025
7118,street_vendor,1,0.3566181759345819
7119,gig_delivery,1,0.5936913958101918
7120,daily_wage_labourer,1,0.536736914676821
7121,street_vendor,1,0.44773140425660785
7122,domestic_worker,0,0.3774384869726423
7123,domestic_worker,0,0.3322303134382551
7124,street_vendor,1,0.5869675017160527
7125,domestic_worker,1,0.5619834545723414
7126,daily_wage_labourer,1,0.6127741723384108
7127,daily_wage_labourer,1,0.5524978527385713
7128,domestic_worker,1,0.46186425232536255
7129,daily_wage_labourer,1,0.6438289891343535
7130,daily_wage_labourer,1,0.3579479644971124
7131,gig_delivery,1,0.6077229173095731
7132,street_vendor,1,0.09706854527387027
7133,daily_wage_labourer,1,0.6626998500288046
7134,daily_wage_labourer,1,0.24981346639822805
7135,gig_delivery,1,0.8782064452173121
7136,street_vendor,1,0.36216556637159114
7137,street_vendor,1,0.5469818344849775
7138,gig_delivery,1,0.7966180264211055
7139,street_vendor,1,0.7219463657592967
7140,daily_wage_labourer,1,0.4369602804449217
7141,gig_delivery,1,0.6284645253987167
7142,gig_delivery,1,0.6765602531507409
7143,street_vendor,1,0.6092691210751401
7144,domestic_worker,1,0.44435442552659127
7145,gig_delivery,1,0.7551205640488564
7146,daily_wage_labourer,1,0.5588840176591817
7147,gig_delivery,1,0.7278840294843858
7148,gig_delivery,1,0.31330317564293564
7149,gig_delivery,1,0.8436734267286395
7150,daily_wage_labourer,1,0.43569871178991293
7151,gig_delivery,1,0.8356643138530814
7152,domestic_worker,1,0.5566517057767948
7153,daily_wage_labourer,1,0.6172413668732853
7154,gig_delivery,1,0.4400830758232741
7155,gig_delivery,0,0.8464474043543458
7156,domestic_worker,0,0.6811782306220784
7157,domestic_worker,1,0.4409894141942117
7158,street_vendor,1,0.8301921541420111
7159,street_vendor,1,0.6403328033653196
7160,daily_wage_labourer,1,0.5357417273742178
7161,daily_wage_labourer,1,0.2540972426239298
7162,daily_wage_labourer,1,0.5619718958419548
7163,gig_delivery,1,0.7102699631410186
7164,domestic_worker,1,0.4679509705636406
7165,daily_wage_labourer,1,0.23417533523763534
7166,gig_delivery,1,0.5402564974462696
7167,street_vendor,1,0.5622814235168949
7168,daily_wage_labourer,1,0.4071376582993607
7169,street_vendor,1,0.5421400346875804
7170,daily_wage_labourer,1,0.36460061595592597
7171,daily_wage_labourer,1,0.520260054664953
7172,gig_delivery,0,0.5693938752761082
7173,gig_delivery,1,0.3872172571297257
7174,daily_wage_labourer,1,0.3113985476179494
7175,street_vendor,1,0.5877708315904083
7176,street_vendor,1,0.5922693668596374
7177,domestic_worker,1,0.5374875255855069
7178,domestic_worker,1,0.01
7179,daily_wage_labourer,1,0.5941531653675414
7180,street_vendor,1,0.617411744323334
7181,daily_wage_labourer,1,0.2127927720518184
7182,gig_delivery,1,0.6940108898414654
7183,daily_wage_labourer,1,0.39626193265026327
7184,street_vendor,1,0.5510845075801764
7185,daily_wage_labourer,1,0.36776456001904634
7186,street_vendor,1,0.4566752107031936
7187,daily_wage_labourer,1,0.38146182422986635
7188,street_vendor,1,0.6363960735965587
7189,gig_delivery,1,0.807081389785902
7190,daily_wage_labourer,1,0.4682166380360799
7191,street_vendor,1,0.42418112119655255
7192,daily_wage_labourer,1,0.15801063138001026
7193,daily_wage_labourer,1,0.31581832529083664
7194,gig_delivery,1,0.528209753060647
7195,domestic_worker,1,0.28372658475743123
7196,street_vendor,1,0.6124663358444025
7197,domestic_worker,1,0.39158684629171087
7198,gig_delivery,1,0.5626684527179159
7199,gig_delivery,1,0.5173378229566971
7200,daily_wage_labourer,1,0.35636222171325316
7201,daily_wage_labourer,0,0.38000363511682206
7202,street_vendor,1,0.12050176110407512
7203,domestic_worker,1,0.28928025905384347
7204,gig_delivery,1,0.6894419219778896
7205,daily_wage_labourer,1,0.3876566879828332
7206,daily_wage_labourer,1,0.2823286486731631
7207,street_vendor,1,0.4355671094866862
7208,street_vendor,1,0.41756525596102967
7209,gig_delivery,1,0.5432389830577462
7210,daily_wage_labourer,1,0.39468796088539715
7211,gig_delivery,1,0.3983840813756492
7212,gig_delivery,1,0.4041709698036644
7213,gig_delivery,1,0.6967379971341444
7214,gig_delivery,1,0.6218230256428637
7215,street_vendor,1,0.4029795917782721
7216,gig_delivery,1,0.6873748315832272
7217,gig_delivery,1,0.8326509031065862
7218,street_vendor,1,0.5761533635847822
7219,street_vendor,1,0.5470894495276006
7220,street_vendor,1,0.7705908568075165
7221,street_vendor,1,0.6005197217967285
7222,daily_wage_labourer,1,0.5248987299197415
7223,street_vendor,1,0.7252798984042178
7224,gig_delivery,1,0.6876137846535894
7225,street_vendor,1,0.15461290817012519
7226,street_vendor,1,0.5934126218872557
7227,daily_wage_labourer,1,0.5400372171305059
7228,street_vendor,1,0.40058169513499975
7229,domestic_worker,1,0.4970370152728747
7230,daily_wage_labourer,1,0.3254892976738679
7231,street_vendor,1,0.6894967886776925
7232,street_vendor,1,0.6184672824363221
7233,daily_wage_labourer,1,0.5181488725760472
7234,gig_delivery,1,0.5140891249035819
7235,gig_delivery,1,0.6436447031582105
7236,daily_wage_labourer,1,0.01
7237,gig_delivery,1,0.889505466072681
7238,daily_wage_labourer,1,0.3471416668081623
7239,gig_delivery,1,0.5804099654491941
7240,daily_wage_labourer,1,0.2205054792664708
7241,street_vendor,1,0.5130389903184882
7242,gig_delivery,1,0.5766562360510763
7243,gig_delivery,1,0.6766056996065312
7244,daily_wage_labourer,1,0.5262061849009508
7245,domestic_worker,1,0.3926592168990454
7246,domestic_worker,1,0.5498126980821724
7247,street_vendor,1,0.6072699772838966
7248,gig_delivery,1,0.8748884293991471
7249,gig_delivery,1,0.6604470532821987
7250,daily_wage_labourer,0,0.5927948125777834
7251,daily_wage_labourer,0,0.07396026429390817
7252,domestic_worker,1,0.05609165345590261
7253,gig_delivery,1,0.7922613638588138
7254,daily_wage_labourer,1,0.5704763465271139
7255,street_vendor,1,0.31864011401098924
7256,daily_wage_labourer,1,0.3015807991512607
7257,domestic_worker,1,0.49933195226809995
7258,gig_delivery,1,0.6795128553088254
7259,street_vendor,1,0.46824780679392436
7260,domestic_worker,1,0.1784697316383249
7261,gig_delivery,1,0.5681034879987051
7262,daily_wage_labourer,1,0.020642246785715246
7263,street_vendor,1,0.6701047375710766
7264,daily_wage_labourer,1,0.3855594298076494
7265,street_vendor,1,0.387973075396401
7266,daily_wage_labourer,1,0.6520729164204009
7267,gig_delivery,1,0.2497619904808021
7268,domestic_worker,1,0.4485738192307995
7269,daily_wage_labourer,1,0.4671894741990901
7270,domestic_worker,1,0.2387333298088373
7271,domestic_worker,1,0.32806197818763927
7272,street_vendor,1,0.3910792138764479
7273,street_vendor,1,0.47200370026437
7274,gig_delivery,1,0.6132992370434551
7275,gig_delivery,0,0.8430215597175167
7276,daily_wage_labourer,1,0.6904013044168175
7277,gig_delivery,1,0.6028787020367037
7278,gig_delivery,1,0.7278925001380979
7279,gig_delivery,1,0.8570996800556504
7280,gig_delivery,1,0.39153564345929237
7281,street_vendor,1,0.5547771465416111
7282,street_vendor,1,0.46187921142103827
7283,street_vendor,1,0.5639867674805282
7284,domestic_worker,1,0.5476875412904867
7285,domestic_worker,1,0.3151587700001731
7286,gig_delivery,1,0.5384939675744453
7287,street_vendor,1,0.29010600533025055
7288,daily_wage_labourer,1,0.6185077115892561
7289,street_vendor,1,0.5337844509912624
7290,daily_wage_labourer,0,0.6042935060128992
7291,street_vendor,1,0.41640940089577205
7292,gig_delivery,1,0.6027464274342419
7293,street_vendor,1,0.4661513137408976
7294,gig_delivery,1,0.6707743832272377
7295,domestic_worker,1,0.6078861222801542
7296,gig_delivery,1,0.3082881936285242
7297,street_vendor,1,0.5575111880666812
7298,domestic_worker,1,0.5320483552904851
7299,gig_delivery,1,0.7613393161098909
7300,daily_wage_labourer,1,0.35647842945774383
7301,gig_delivery,1,0.6404529281578498
7302,domestic_worker,0,0.6416394346491294
7303,daily_wage_labourer,1,0.7368029785589116
7304,daily_wage_labourer,1,0.06648753949483871
7305,daily_wage_labourer,1,0.7167323581538427
7306,street_vendor,1,0.6574916580896252
7307,gig_delivery,1,0.6693556397975868
7308,street_vendor,1,0.4180945926398312
7309,daily_wage_labourer,1,0.2650987246080248
7310,daily_wage_labourer,1,0.5809939820185076
7311,street_vendor,1,0.5689844566928552
7312,daily_wage_labourer,1,0.3153958207111152
7313,gig_delivery,1,0.6567322477321438
7314,daily_wage_labourer,1,0.34809857119240495
7315,street_vendor,1,0.49353654795624274
7316,domestic_worker,1,0.4026415880876212
7317,domestic_worker,1,0.3393890988055489
7318,daily_wage_labourer,1,0.3552887302158406
7319,daily_wage_labourer,1,0.3933523913030616
7320,street_vendor,1,0.5228347035900706
7321,street_vendor,1,0.5138036110498144
7322,daily_wage_labourer,1,0.6192923041380494
7323,domestic_worker,0,0.5649881250146223
7324,gig_delivery,1,0.6717018516743031
7325,daily_wage_labourer,1,0.6454779887842081
7326,domestic_worker,1,0.32492125891196444
7327,daily_wage_labourer,1,0.5714548923440294
7328,street_vendor,1,0.43017766386216516
7329,daily_wage_labourer,1,0.40267850325904336
7330,street_vendor,1,0.5301049065006517
7331,domestic_worker,1,0.4236279462889507
7332,daily_wage_labourer,1,0.6318340506782544
7333,gig_delivery,1,0.7585058403653345
7334,daily_wage_labourer,0,0.21939086424620988
7335,domestic_worker,1,0.34761450518862524
7336,gig_delivery,1,0.7086665549400261
7337,daily_wage_labourer,1,0.4678183304082927
7338,street_vendor,1,0.7148926056633602
7339,domestic_worker,1,0.4716451672926903
7340,daily_wage_labourer,0,0.5803056895541963
7341,street_vendor,1,0.4315811697978193
7342,domestic_worker,1,0.41494626101330745
7343,street_vendor,1,0.46615395395467857
7344,daily_wage_labourer,1,0.5003571652482403
7345,daily_wage_labourer,1,0.6508366242399355
7346,daily_wage_labourer,1,0.5794017533036679
7347,daily_wage_labourer,0,0.47300471858787335
7348,street_vendor,1,0.33991811960444707
7349,street_vendor,1,0.4311553611867843
7350,street_vendor,1,0.621613618212313
7351,street_vendor,1,0.5785963580071171
7352,domestic_worker,1,0.12045973178788011
7353,daily_wage_labourer,1,0.5424587046086256
7354,daily_wage_labourer,1,0.12283329313850783
7355,daily_wage_labourer,1,0.47526537619463993
7356,gig_delivery,1,0.6708613509616324
7357,street_vendor,1,0.3742263053615516
7358,street_vendor,1,0.5493506004569482
7359,gig_delivery,1,0.7016966471859205
7360,daily_wage_labourer,1,0.40192131293069194
7361,gig_delivery,1,0.6801230136829299
7362,domestic_worker,1,0.18754823887703231
7363,gig_delivery,1,0.4991331468583732
7364,street_vendor,1,0.597431122994631
7365,street_vendor,1,0.33460259227139344
7366,street_vendor,1,0.6017755113297996
7367,gig_delivery,1,0.5324102494279286
7368,domestic_worker,1,0.30647974748716766
7369,domestic_worker,1,0.41671575554844864
7370,street_vendor,1,0.7492242151217313
7371,gig_delivery,1,0.6822528740696642
7372,daily_wage_labourer,1,0.6009125863559951
7373,gig_delivery,1,0.5436139940279987
7374,daily_wage_labourer,1,0.49009713280680495
7375,street_vendor,1,0.6523660199152725
7376,street_vendor,1,0.47140674822101286
7377,domestic_worker,1,0.581329455785867
7378,daily_wage_labourer,1,0.05354999856026088
7379,daily_wage_labourer,1,0.6086297087196986
7380,daily_wage_labourer,1,0.36082069356284596
7381,daily_wage_labourer,1,0.0444322938283101
7382,domestic_worker,1,0.2614299976442922
7383,street_vendor,1,0.6532906154704783
7384,street_vendor,1,0.7041457041322493
7385,gig_delivery,1,0.6995470339891506
7386,daily_wage_labourer,1,0.4736446386763126
7387,street_vendor,1,0.42374379408958757
7388,street_vendor,1,0.23654837295014414
7389,street_vendor,1,0.42559033880765884
7390,street_vendor,1,0.6938978390580247
7391,street_vendor,1,0.3542673825289307
7392,street_vendor,0,0.48165422161868093
7393,gig_delivery,1,0.7822004181111593
7394,domestic_worker,1,0.049245030145704305
7395,domestic_worker,0,0.6038893639905616
7396,daily_wage_labourer,1,0.4028471911316082
7397,daily_wage_labourer,1,0.5012237222027701
7398,domestic_worker,1,0.4801733950667257
7399,gig_delivery,1,0.5060592824448017
7400,daily_wage_labourer,1,0.36420358616225934
7401,street_vendor,1,0.4778520160273115
7402,daily_wage_labourer,1,0.3729715124907978
7403,daily_wage_labourer,1,0.6630946808999559
7404,daily_wage_labourer,1,0.3242622461668177
7405,street_vendor,1,0.6633837340933703
7406,domestic_worker,1,0.5043033963728863
7407,daily_wage_labourer,1,0.5463402823235527
7408,daily_wage_labourer,1,0.3743328773673073
7409,street_vendor,1,0.6403900590560981
7410,gig_delivery,1,0.8460894319038256
7411,gig_delivery,1,0.581982242813686
7412,street_vendor,0,0.5813983106023467
7413,daily_wage_labourer,0,0.19837206749276529
7414,gig_delivery,1,0.7983215805113565
7415,gig_delivery,1,0.656848693514862
7416,street_vendor,1,0.7098629505258629
7417,domestic_worker,1,0.6692306647478272
7418,daily_wage_labourer,1,0.6440722456645579
7419,street_vendor,1,0.5854798028918381
7420,street_vendor,1,0.4026043749513504
7421,street_vendor,1,0.31805508434582785
7422,street_vendor,1,0.68597078444853
7423,daily_wage_labourer,1,0.2761795480478671
7424,gig_delivery,1,0.48911434639431806
7425,street_vendor,1,0.597151961840166
7426,domestic_worker,1,0.6206486979995363
7427,street_vendor,1,0.554179029757335
7428,daily_wage_labourer,1,0.44046228474476884
7429,domestic_worker,1,0.13526109079875975
7430,gig_delivery,1,0.8206309503298381
7431,gig_delivery,1,0.5908991481232747
7432,gig_delivery,1,0.50558252366833
7433,street_vendor,1,0.8137126574160326
7434,street_vendor,1,0.5703229636276043
7435,daily_wage_labourer,1,0.5692690762797599
7436,street_vendor,0,0.6737517319680847
7437,daily_wage_labourer,1,0.2694319631088976
7438,street_vendor,1,0.1467160161868033
7439,domestic_worker,1,0.42527281295484803
7440,domestic_worker,1,0.5253041104994889
7441,gig_delivery,1,0.6800474389089439
7442,gig_delivery,1,0.5678213834683646
7443,street_vendor,1,0.01
7444,street_vendor,1,0.4437560775787935
7445,gig_delivery,1,0.5467907250072457
7446,gig_delivery,1,0.789883336228126
7447,daily_wage_labourer,1,0.6920218729211971
7448,daily_wage_labourer,1,0.4020228340011934
7449,daily_wage_labourer,1,0.343797094813454
7450,street_vendor,1,0.38181273254631337
7451,daily_wage_labourer,1,0.39785946960820134
7452,daily_wage_labourer,1,0.6745075243711277
7453,gig_delivery,1,0.7965146333968377
7454,domestic_worker,1,0.5863332625643507
7455,daily_wage_labourer,1,0.461737886104388
7456,gig_delivery,1,0.4408032825309064
7457,gig_delivery,0,0.5555859131400898
7458,street_vendor,1,0.5735389095608647
7459,gig_delivery,1,0.7595256145384334
7460,daily_wage_labourer,1,0.6424350860024207
7461,daily_wage_labourer,1,0.33934198171489316
7462,street_vendor,1,0.6113864221332449
7463,domestic_worker,1,0.6312844291605362
7464,domestic_worker,1,0.08616708991118
7465,street_vendor,1,0.46546302099624914
7466,street_vendor,1,0.68588440240371
7467,street_vendor,1,0.6216287129783182
7468,gig_delivery,1,0.5259136898760396
7469,daily_wage_labourer,1,0.657156812577187
7470,street_vendor,1,0.42704736491360645
7471,gig_delivery,1,0.302693208474199
7472,daily_wage_labourer,1,0.2488958096165148
7473,daily_wage_labourer,1,0.015016514516284302
7474,daily_wage_labourer,1,0.2912157170023628
7475,daily_wage_labourer,0,0.4653145703776476
7476,daily_wage_labourer,1,0.3215776004508942
7477,street_vendor,1,0.759476834481994
7478,daily_wage_labourer,1,0.42963925678369647
7479,domestic_worker,1,0.394809548424107
7480,daily_wage_labourer,1,0.5582848896247476
7481,domestic_worker,1,0.30952457578597986
7482,daily_wage_labourer,1,0.49507997547253935
7483,gig_delivery,1,0.5989257361000041
7484,street_vendor,1,0.47150265982702966
7485,gig_delivery,1,0.6140632863428598
7486,street_vendor,1,0.713306672334048
7487,street_vendor,1,0.3252958316687158
7488,street_vendor,1,0.3531363350366516
7489,street_vendor,1,0.43626353419250163
7490,domestic_worker,1,0.40938238911463837
7491,domestic_worker,1,0.587174279180759
7492,gig_delivery,1,0.6186556242455351
7493,street_vendor,1,0.5600554542251854
7494,domestic_worker,1,0.4465094845813243
7495,gig_delivery,1,0.7777693655054736
7496,daily_wage_labourer,1,0.17921979421402678
7497,daily_wage_labourer,1,0.36765441423673767
7498,gig_delivery,1,0.31138920574987555
7499,street_vendor,1,0.3672025281749794
7500,daily_wage_labourer,1,0.46511373481344503
7501,gig_delivery,1,0.7360943477475131
7502,street_vendor,1,0.7188205880657018
7503,daily_wage_labourer,1,0.39027891693647104
7504,daily_wage_labourer,1,0.30803697783154327
7505,gig_delivery,1,0.6067235837737645
7506,domestic_worker,1,0.6267667831183026
7507,gig_delivery,1,0.496084782173814
7508,gig_delivery,1,0.5111235003414356
7509,daily_wage_labourer,1,0.3690216507717234
7510,gig_delivery,1,0.537876273821106
7511,daily_wage_labourer,1,0.30518184562264405
7512,street_vendor,1,0.6222752730263914
7513,gig_delivery,1,0.2832072764237057
7514,gig_delivery,1,0.9109312623040723
7515,daily_wage_labourer,1,0.371630665722725
7516,domestic_worker,1,0.49723957088403986
7517,gig_delivery,1,0.5663043279528482
7518,daily_wage_labourer,1,0.6067549280901836
7519,street_vendor,1,0.7036603390118397
7520,street_vendor,1,0.3885937742286063
7521,daily_wage_labourer,1,0.6300165206049452
7522,daily_wage_labourer,0,0.3297631968740466
7523,street_vendor,1,0.48319835724809457
7524,street_vendor,1,0.7383184612508668
7525,street_vendor,1,0.668677462046188
7526,gig_delivery,1,0.6280750628950446
7527,gig_delivery,1,0.7179110997895605
7528,daily_wage_labourer,1,0.25063211124253454
7529,street_vendor,1,0.2897915968079555
7530,street_vendor,0,0.15555785077852352
7531,street_vendor,0,0.3361360537110527
7532,daily_wage_labourer,1,0.556740908572184
7533,street_vendor,1,0.34832095773365074
7534,daily_wage_labourer,1,0.5286168328281302
7535,domestic_worker,1,0.5070745208765128
7536,daily_wage_labourer,1,0.24923783731330978
7537,gig_delivery,1,0.7887701455161296
7538,street_vendor,1,0.48668657444384633
7539,street_vendor,1,0.7060468841082198
7540,domestic_worker,1,0.4578787784725138
7541,daily_wage_labourer,1,0.6235368880228424
7542,gig_delivery,0,0.5899975858579105
7543,domestic_worker,1,0.46065215299218976
7544,daily_wage_labourer,1,0.23811172313411272
7545,daily_wage_labourer,1,0.3890763445321902
7546,daily_wage_labourer,0,0.7138356128932702
7547,street_vendor,1,0.5189199522693622
7548,street_vendor,1,0.5321673806600291
7549,street_vendor,1,0.5534640058273633
7550,domestic_worker,1,0.01
7551,gig_delivery,0,0.7044182446136071
7552,street_vendor,1,0.5685507342476381
7553,street_vendor,1,0.6800663681524701
7554,gig_delivery,1,0.7470710288963565
7555,domestic_worker,1,0.4079465088974884
7556,street_vendor,1,0.6231050410242842
7557,daily_wage_labourer,1,0.5744960915937133
7558,domestic_worker,1,0.5245140937125832
7559,domestic_worker,1,0.4523070397691826
7560,domestic_worker,1,0.29416772168757066
7561,street_vendor,1,0.49495492225629745
7562,street_vendor,1,0.5707868845660566
7563,daily_wage_labourer,1,0.5432901258034992
7564,street_vendor,0,0.4187303011149806
7565,domestic_worker,1,0.31885017780428754
7566,street_vendor,1,0.27397422924333453
7567,gig_delivery,1,0.6891612946418038
7568,domestic_worker,1,0.3121745167119059
7569,domestic_worker,1,0.4263885628761089
7570,gig_delivery,1,0.7406770386786246
7571,domestic_worker,1,0.5319753264028506
7572,street_vendor,1,0.5083160462602027
7573,daily_wage_labourer,1,0.46569400011228806
7574,street_vendor,1,0.5157793283841177
7575,domestic_worker,1,0.056458132877749145
7576,domestic_worker,1,0.5823866867186462
7577,street_vendor,1,0.18038839067984386
7578,street_vendor,1,0.5877528791472072
7579,daily_wage_labourer,1,0.4861562939246194
7580,street_vendor,1,0.38521904472631485
7581,gig_delivery,1,0.5437659033880666
7582,street_vendor,1,0.6615349794032956
7583,gig_delivery,1,0.5216848348725431
7584,daily_wage_labourer,1,0.32835669719383215
7585,daily_wage_labourer,1,0.4433161463029642
7586,street_vendor,1,0.47213335943535883
7587,domestic_worker,1,0.5228359752426701
7588,gig_delivery,1,0.6330236202551425
7589,daily_wage_labourer,1,0.3967887567111003
7590,daily_wage_labourer,1,0.4933652908203742
7591,domestic_worker,1,0.43898181482485754
7592,gig_delivery,1,0.5206774884216075
7593,gig_delivery,1,0.6092047568585194
7594,gig_delivery,1,0.6065510749439281
7595,domestic_worker,1,0.3667986017782593
7596,street_vendor,1,0.3281153845597822
7597,gig_delivery,1,0.5175935283932652
7598,daily_wage_labourer,1,0.5389300650611144
7599,daily_wage_labourer,1,0.4011176363647162
7600,domestic_worker,1,0.29582243899150246
7601,domestic_worker,1,0.23733568267957406
7602,daily_wage_labourer,1,0.44140017246157975
7603,daily_wage_labourer,1,0.5531817304318337
7604,domestic_worker,1,0.4102865765518877
7605,domestic_worker,1,0.6759256123871027
7606,gig_delivery,1,0.7368606480421603
7607,street_vendor,1,0.6222775228665579
7608,daily_wage_labourer,1,0.4776243389014711
7609,domestic_worker,1,0.5406379853839942
7610,gig_delivery,1,0.5615596076215746
7611,gig_delivery,1,0.3658231724258016
7612,gig_delivery,1,0.4771720549917833
7613,daily_wage_labourer,1,0.5509741321896908
7614,daily_wage_labourer,1,0.3979347992365049
7615,gig_delivery,1,0.7443941489450393
7616,street_vendor,1,0.4470739300261206
7617,gig_delivery,1,0.15642264133785
7618,gig_delivery,1,0.4662572116421151
7619,gig_delivery,1,0.6208596621955133
7620,daily_wage_labourer,0,0.6700825909387221
7621,gig_delivery,0,0.4603526639933584
7622,street_vendor,1,0.6182271322294107
7623,street_vendor,1,0.358215068675541
7624,daily_wage_labourer,1,0.44705402088958646
7625,street_vendor,1,0.6512062905583608
7626,domestic_worker,1,0.5233742769943106
7627,domestic_worker,1,0.48321219256521936
7628,street_vendor,1,0.6733495323900551
7629,gig_delivery,1,0.8644040591710754
7630,daily_wage_labourer,1,0.14614679917834303
7631,gig_delivery,1,0.8514236178427433
7632,domestic_worker,1,0.4043109832920591
7633,daily_wage_labourer,1,0.43024650506210077
7634,street_vendor,1,0.8367788843976248
7635,street_vendor,1,0.4226944553554557
7636,daily_wage_labourer,1,0.5940827914481077
7637,domestic_worker,1,0.3181557509664832
7638,daily_wage_labourer,1,0.28074375113910915
7639,daily_wage_labourer,1,0.4495488769013542
7640,street_vendor,1,0.7487497738124334
7641,domestic_worker,1,0.5213473578636183
7642,daily_wage_labourer,0,0.13960231724669425
7643,gig_delivery,1,0.7356968308753349
7644,gig_delivery,1,0.7349626394635872
7645,street_vendor,1,0.11768673009276398
7646,street_vendor,1,0.2520155967020454
7647,daily_wage_labourer,1,0.5474143994784277
7648,daily_wage_labourer,0,0.6396516116612386
7649,gig_delivery,0,0.7449507374172171
7650,gig_delivery,1,0.848543018566673
7651,street_vendor,1,0.441378487048077
7652,daily_wage_labourer,1,0.41878443628761813
7653,street_vendor,1,0.6311812552882968
7654,street_vendor,1,0.7431904431644775
7655,gig_delivery,1,0.7488343595155865
7656,gig_delivery,1,0.8236521651229681
7657,gig_delivery,1,0.7485856750590415
7658,street_vendor,1,0.3578417628075475
7659,daily_wage_labourer,1,0.3947357764227542
7660,daily_wage_labourer,1,0.2076194088254387
7661,domestic_worker,1,0.23853158125603863
7662,gig_delivery,1,0.521071663507899
7663,domestic_worker,1,0.539253657250824
7664,street_vendor,1,0.3364552369334768
7665,daily_wage_labourer,1,0.1601538461061215
7666,gig_delivery,1,0.7490953806756909
7667,daily_wage_labourer,1,0.3913838801797775
7668,gig_delivery,1,0.6925896748101875
7669,daily_wage_labourer,1,0.5519767721410943
7670,domestic_worker,1,0.504766903820185
7671,street_vendor,1,0.572858683372325
7672,domestic_worker,1,0.43274569783721833
7673,daily_wage_labourer,1,0.4494574146198009
7674,daily_wage_labourer,1,0.01
7675,daily_wage_labourer,1,0.6492637645506264
7676,street_vendor,1,0.595683380722543
7677,domestic_worker,1,0.47013873429899866
7678,domestic_worker,1,0.4206834653453365
7679,domestic_worker,1,0.30529966525431207
7680,domestic_worker,1,0.25315540793187846
7681,gig_delivery,1,0.47807763593623087
7682,daily_wage_labourer,1,0.5358707433897902
7683,domestic_worker,1,0.3945192469838498
7684,street_vendor,1,0.737063213380453
7685,gig_delivery,1,0.9103614896067594
7686,daily_wage_labourer,1,0.35043204648828746
7687,gig_delivery,1,0.6313156159711867
7688,daily_wage_labourer,1,0.718555575412697
7689,daily_wage_labourer,1,0.4246585323865231
7690,street_vendor,1,0.570966338974777
7691,daily_wage_labourer,1,0.5809746126100825
7692,daily_wage_labourer,1,0.3454664796452498
7693,street_vendor,1,0.5079655101356
7694,street_vendor,1,0.5470287241331129
7695,daily_wage_labourer,1,0.49183512769475374
7696,daily_wage_labourer,1,0.6747865640344825
7697,gig_delivery,1,0.7644778601842666
7698,street_vendor,1,0.399257404804035
7699,daily_wage_labourer,1,0.6624835564717801
7700,street_vendor,1,0.5435878883984038
7701,daily_wage_labourer,1,0.25331676461357966
7702,daily_wage_labourer,1,0.01
7703,gig_delivery,1,0.7143397286375398
7704,daily_wage_labourer,1,0.5347939073146357
7705,daily_wage_labourer,1,0.01
7706,street_vendor,1,0.704799882465752
7707,daily_wage_labourer,1,0.36347169745443886
7708,daily_wage_labourer,1,0.32599684317646105
7709,gig_delivery,0,0.47156973397201274
7710,daily_wage_labourer,1,0.26225777944235507
7711,gig_delivery,1,0.5697803973187393
7712,daily_wage_labourer,1,0.5494945694605421
7713,street_vendor,0,0.3550227262129109
7714,street_vendor,1,0.7118747207611523
7715,street_vendor,1,0.7252307418081515
7716,daily_wage_labourer,1,0.2570456253303519
7717,gig_delivery,1,0.6538458576454793
7718,gig_delivery,1,0.42438008640109204
7719,daily_wage_labourer,1,0.6474065304982557
7720,street_vendor,1,0.47670801635764004
7721,domestic_worker,1,0.2918541385811328
7722,street_vendor,1,0.7287485299879817
7723,daily_wage_labourer,1,0.4969045205456489
7724,domestic_worker,1,0.4885017914494098
7725,daily_wage_labourer,1,0.3170404754899349
7726,street_vendor,1,0.4896275781196864
7727,street_vendor,1,0.4142036777032427
7728,gig_delivery,1,0.8091369680405077
7729,street_vendor,1,0.5702496603514791
7730,gig_delivery,1,0.7780060152644601
7731,daily_wage_labourer,1,0.43743557702816843
7732,daily_wage_labourer,0,0.6200695324443118
7733,street_vendor,1,0.6633672173260686
7734,gig_delivery,1,0.7787674391098389
7735,daily_wage_labourer,1,0.4985177286808417
7736,gig_delivery,1,0.8556863700674263
7737,daily_wage_labourer,1,0.7270690381054322
7738,street_vendor,1,0.53915890130913
7739,daily_wage_labourer,1,0.6215559361578594
7740,daily_wage_labourer,1,0.1801589520705822
7741,daily_wage_labourer,1,0.4175511819823521
7742,gig_delivery,1,0.6479729326493394
7743,domestic_worker,1,0.4147799079301966
7744,gig_delivery,1,0.47975121727234793
7745,daily_wage_labourer,1,0.4530379852873055
7746,daily_wage_labourer,1,0.41464440499456623
7747,gig_delivery,1,0.684274105094458
7748,street_vendor,1,0.483906848377577
7749,gig_delivery,0,0.4557934037195942
7750,domestic_worker,1,0.37494135793642996
7751,street_vendor,1,0.41884180250435066
7752,domestic_worker,1,0.5274458867433294
7753,gig_delivery,1,0.6507956351808981
7754,daily_wage_labourer,1,0.3348467614714539
7755,domestic_worker,1,0.4670903906625045
7756,street_vendor,1,0.4610355393137623
7757,street_vendor,1,0.5427007013025195
7758,daily_wage_labourer,1,0.5143736684390128
7759,daily_wage_labourer,1,0.3704024619694108
7760,daily_wage_labourer,0,0.4901587421033193
7761,domestic_worker,1,0.43521924643987964
7762,street_vendor,1,0.4340276788167931
7763,street_vendor,1,0.6544902032178176
7764,gig_delivery,1,0.7608835328358822
7765,street_vendor,1,0.7365825898336019
7766,gig_delivery,1,0.4677955856047227
7767,daily_wage_labourer,1,0.3822327558430341
7768,domestic_worker,1,0.5248240591293907
7769,gig_delivery,0,0.8403337304607231
7770,street_vendor,1,0.49816102386590977
7771,street_vendor,1,0.6469522987888288
7772,street_vendor,1,0.5491639326608442
7773,domestic_worker,1,0.3817522027320099
7774,gig_delivery,1,0.5671086893912897
7775,daily_wage_labourer,1,0.39392719896544187
7776,street_vendor,1,0.4060413540821153
7777,domestic_worker,1,0.3761691148126253
7778,street_vendor,1,0.6116275157481463
7779,gig_delivery,1,0.4913755720420916
7780,gig_delivery,1,0.7116635739448363
7781,street_vendor,1,0.3779864841368076
7782,daily_wage_labourer,1,0.42890727654111377
7783,street_vendor,1,0.27982868514859166
7784,daily_wage_labourer,1,0.4641371364509271
7785,domestic_worker,1,0.01
7786,gig_delivery,1,0.781969576732637
7787,gig_delivery,1,0.5350345248576769
7788,daily_wage_labourer,0,0.5080868501975705
7789,street_vendor,1,0.4931053043375831
7790,gig_delivery,1,0.3146530537112622
7791,daily_wage_labourer,1,0.5060662452024094
7792,street_vendor,1,0.23754400516697993
7793,daily_wage_labourer,1,0.6355575993901931
7794,gig_delivery,1,0.6710919175669229
7795,gig_delivery,1,0.745429210526865
7796,street_vendor,1,0.38186769619274397
7797,domestic_worker,1,0.5812599559619189
7798,daily_wage_labourer,1,0.44030504711859647
7799,street_vendor,1,0.436783755722515
7800,street_vendor,1,0.7086501854126073
7801,gig_delivery,1,0.5236427802730731
7802,daily_wage_labourer,1,0.32996959086184147
7803,daily_wage_labourer,1,0.3787278007348412
7804,street_vendor,1,0.33830869992456025
7805,gig_delivery,1,0.6142908214580196
7806,gig_delivery,1,0.48903718759731485
7807,daily_wage_labourer,1,0.37910243301097557
7808,domestic_worker,0,0.4120731807284473
7809,street_vendor,1,0.4161381822577358
7810,street_vendor,1,0.48181474946075803
7811,daily_wage_labourer,1,0.472236495104805
7812,gig_delivery,1,0.6410115325601343
7813,street_vendor,1,0.6655303806229644
7814,daily_wage_labourer,1,0.46940499043986667
7815,daily_wage_labourer,1,0.5158216160140793
7816,daily_wage_labourer,1,0.617778004663618
7817,gig_delivery,1,0.6663953831149771
7818,domestic_worker,1,0.5080005901159843
7819,daily_wage_labourer,1,0.58213332161937
7820,gig_delivery,1,0.5052074828555424
7821,daily_wage_labourer,1,0.25412913251158964
7822,daily_wage_labourer,1,0.41782411320841456
7823,street_vendor,1,0.5887793314242493
7824,domestic_worker,1,0.4126880141388968
7825,street_vendor,1,0.39811535950661303
7826,gig_delivery,1,0.7272003422704669
7827,street_vendor,1,0.5840034206620841
7828,gig_delivery,1,0.8412254510101094
7829,street_vendor,1,0.49892346220727
7830,domestic_worker,1,0.3845138420641409
7831,gig_delivery,1,0.5657213153731384
7832,street_vendor,1,0.3429404900862393
7833,gig_delivery,1,0.5835112014590617
7834,gig_delivery,1,0.8064925586317488
7835,daily_wage_labourer,1,0.4892657978972595
7836,street_vendor,1,0.5155502483315201
7837,gig_delivery,1,0.7846249433989573
7838,gig_delivery,1,0.6528169180599703
7839,daily_wage_labourer,1,0.6514439615387896
7840,domestic_worker,0,0.30558803270069607
7841,street_vendor,1,0.6648006014507928
7842,street_vendor,1,0.43930366021022516
7843,daily_wage_labourer,1,0.5279535212604443
7844,street_vendor,1,0.5191683865186691
7845,street_vendor,1,0.39978457804741124
7846,daily_wage_labourer,1,0.28653289396094983
7847,street_vendor,1,0.6572879857686486
7848,street_vendor,0,0.39573967683019673
7849,gig_delivery,0,0.51156027170629
7850,daily_wage_labourer,1,0.6059614187575625
7851,gig_delivery,1,0.5270921462368509
7852,daily_wage_labourer,1,0.45096418767552116
7853,daily_wage_labourer,1,0.7206566374214559
7854,street_vendor,1,0.8251243030063137
7855,gig_delivery,0,0.5295869994377556
7856,street_vendor,1,0.506584635538226
7857,street_vendor,1,0.563960885856602
7858,gig_delivery,1,0.6892520660858573
7859,gig_delivery,1,0.6720012588523304
7860,gig_delivery,1,0.41935602702450026
7861,street_vendor,0,0.5616486625929454
7862,street_vendor,1,0.7501068485226648
7863,daily_wage_labourer,1,0.5358810575241664
7864,gig_delivery,1,0.5820818947418902
7865,daily_wage_labourer,1,0.4885941862830757
7866,street_vendor,1,0.5092790530045788
7867,street_vendor,1,0.36674695567948806
7868,daily_wage_labourer,1,0.29159709397358335
7869,gig_delivery,1,0.36296515831756737
7870,street_vendor,1,0.5032848850230318
7871,street_vendor,0,0.7117021747681209
7872,street_vendor,1,0.6911041984614049
7873,street_vendor,1,0.5243279383804014
7874,daily_wage_labourer,1,0.5766693527138561
7875,street_vendor,1,0.5108923982396698
7876,gig_delivery,1,0.3312392350208318
7877,gig_delivery,1,0.789629408983425
7878,domestic_worker,1,0.3584736013488335
7879,domestic_worker,1,0.27138909041333037
7880,street_vendor,1,0.7259190561975396
7881,street_vendor,1,0.5245581534958227
7882,daily_wage_labourer,1,0.5319752719629616
7883,gig_delivery,1,0.37126724192864113
7884,street_vendor,1,0.2847919552813706
7885,daily_wage_labourer,1,0.4555495104151998
7886,street_vendor,1,0.403603110054324
7887,street_vendor,1,0.5377846430751935
7888,gig_delivery,1,0.5455745501409937
7889,gig_delivery,1,0.5320611419716631
7890,daily_wage_labourer,1,0.43674477020433994
7891,domestic_worker,1,0.26105209169305343
7892,street_vendor,1,0.7087876625093551
7893,street_vendor,1,0.6580375021828355
7894,daily_wage_labourer,1,0.5235881384012459
7895,gig_delivery,1,0.6247773498609951
7896,daily_wage_labourer,1,0.44189978221417864
7897,street_vendor,1,0.7746081447017099
7898,domestic_worker,1,0.40026032412666823
7899,daily_wage_labourer,1,0.5995611064103372
7900,daily_wage_labourer,0,0.4367343549140687
7901,gig_delivery,1,0.6698441517857324
7902,domestic_worker,1,0.30442804568995313
7903,gig_delivery,1,0.69627118727382
7904,domestic_worker,1,0.6115079377348385
7905,street_vendor,1,0.6045632511863428
7906,gig_delivery,1,0.754884895714187
7907,gig_delivery,1,0.7417600841072688
7908,daily_wage_labourer,1,0.3747141387527338
7909,daily_wage_labourer,1,0.504442042794707
7910,domestic_worker,1,0.5076245705009115
7911,street_vendor,1,0.2896800282427242
7912,daily_wage_labourer,1,0.4914554595964776
7913,domestic_worker,1,0.44961234149962476
7914,domestic_worker,1,0.2726495461674928
7915,domestic_worker,1,0.5048965300759433
7916,domestic_worker,1,0.4069471236633898
7917,street_vendor,1,0.6051830949076987
7918,domestic_worker,1,0.5711567358229721
7919,daily_wage_labourer,1,0.5234640133783883
7920,gig_delivery,1,0.4835368100326983
7921,daily_wage_labourer,1,0.27230640892004204
7922,gig_delivery,1,0.6974164663256134
7923,daily_wage_labourer,1,0.6001406699305106
7924,gig_delivery,1,0.8313157562256154
7925,street_vendor,1,0.48345573064333314
7926,street_vendor,1,0.48903330238287274
7927,daily_wage_labourer,1,0.2390465454987113
7928,street_vendor,1,0.524378925764863
7929,gig_delivery,1,0.9413750525373462
7930,street_vendor,1,0.6938246525802011
7931,daily_wage_labourer,0,0.3808776089909845
7932,street_vendor,1,0.3818784204550892
7933,street_vendor,1,0.46714258742814785
7934,gig_delivery,1,0.6326755102731232
7935,daily_wage_labourer,1,0.5350943453666376
7936,street_vendor,1,0.871505311911288
7937,street_vendor,1,0.7334834944561743
7938,street_vendor,1,0.15553215117216107
7939,gig_delivery,1,0.7713929996285129
7940,street_vendor,1,0.5098715650092397
7941,daily_wage_labourer,1,0.4479948225812996
7942,gig_delivery,1,0.5501519990702721
7943,daily_wage_labourer,1,0.5865244085927386
7944,daily_wage_labourer,1,0.2911597192615829
7945,street_vendor,1,0.5365796923366428
7946,domestic_worker,1,0.08878126949172549
7947,daily_wage_labourer,1,0.2943323187632084
7948,street_vendor,1,0.43518117612095725
7949,domestic_worker,1,0.3465531247928462
7950,gig_delivery,1,0.48403603956718355
7951,gig_delivery,1,0.5515331489554297
7952,domestic_worker,1,0.6239435717324682
7953,street_vendor,1,0.49780711007034567
7954,gig_delivery,1,0.6881269118839768
7955,gig_delivery,1,0.693581216598047
7956,daily_wage_labourer,1,0.4557293194676197
7957,street_vendor,1,0.7146948417193624
7958,street_vendor,1,0.26210419763172293
7959,domestic_worker,1,0.31166782710075647
7960,street_vendor,1,0.5640470192146665
7961,street_vendor,1,0.5468492739615517
7962,gig_delivery,1,0.6429494817023189
7963,gig_delivery,1,0.7781173722390973
7964,street_vendor,1,0.5876265567410895
7965,gig_delivery,1,0.7085998019770378
7966,daily_wage_labourer,0,0.6311053768161179
7967,gig_delivery,1,0.544623998690108
7968,street_vendor,1,0.5402561633369809
7969,street_vendor,1,0.5758898695689014
7970,gig_delivery,1,0.599398719938242
7971,street_vendor,1,0.5269859101890599
7972,daily_wage_labourer,0,0.7382236580790925
7973,street_vendor,1,0.5208458977825403
7974,gig_delivery,1,0.5554704694865741
7975,domestic_worker,0,0.44550194998616605
7976,gig_delivery,1,0.5001806125061046
7977,domestic_worker,1,0.3009810544355782
7978,domestic_worker,1,0.32020022451442903
7979,daily_wage_labourer,1,0.4110838173602455
7980,daily_wage_labourer,1,0.6027625834209493
7981,domestic_worker,1,0.510760220355098
7982,domestic_worker,0,0.3087933759861289
7983,domestic_worker,1,0.5478522538893076
7984,gig_delivery,1,0.6748663245746679
7985,street_vendor,1,0.3736074037694834
7986,domestic_worker,1,0.5333722036697912
7987,domestic_worker,1,0.16543348326381382
7988,gig_delivery,1,0.47075358962554725
7989,domestic_worker,1,0.34250341338695856
7990,daily_wage_labourer,1,0.4437181915558632
7991,domestic_worker,1,0.4229659552527854
7992,street_vendor,1,0.1025149229608538
7993,domestic_worker,1,0.6125488073667649
7994,street_vendor,1,0.4239745119627114
7995,daily_wage_labourer,1,0.39755149556201286
7996,street_vendor,1,0.5965313486515275
7997,daily_wage_labourer,1,0.5276392345657521
7998,street_vendor,1,0.7679967030656905
7999,domestic_worker,1,0.2949643322043225
8000,daily_wage_labourer,1,0.6725662145173305
8001,domestic_worker,1,0.40901948995966686
8002,street_vendor,1,0.4068372003246007
8003,street_vendor,1,0.3163933534487604
8004,gig_delivery,1,0.8650982371118465
8005,gig_delivery,1,0.691387641630998
8006,daily_wage_labourer,1,0.714511249970155
8007,gig_delivery,1,0.680109910597441
8008,gig_delivery,1,0.62301751588745
8009,daily_wage_labourer,1,0.6405602216259387
8010,domestic_worker,1,0.33139350631397585
8011,gig_delivery,1,0.21837575767237694
8012,gig_delivery,1,0.750995452665887
8013,daily_wage_labourer,1,0.6311302522738936
8014,street_vendor,0,0.6018303302601153
8015,street_vendor,1,0.5096549726229561
8016,gig_delivery,1,0.32964401412414734
8017,gig_delivery,1,0.4776708576749509
8018,daily_wage_labourer,1,0.7506355428573893
8019,gig_delivery,1,0.7117026785312017
8020,street_vendor,1,0.4546084361365484
8021,street_vendor,1,0.43538317131846477
8022,domestic_worker,1,0.7249468914595203
8023,daily_wage_labourer,1,0.4184587661758021
8024,street_vendor,1,0.4561270468024999
8025,daily_wage_labourer,1,0.561470542925985
8026,daily_wage_labourer,1,0.4850197150141395
8027,gig_delivery,0,0.5585636406167638
8028,domestic_worker,1,0.5163025487776369
8029,daily_wage_labourer,1,0.5890505578960755
8030,daily_wage_labourer,1,0.6920340998933749
8031,daily_wage_labourer,1,0.517567490899591
8032,daily_wage_labourer,1,0.5955467390317748
8033,daily_wage_labourer,1,0.5067477635179934
8034,street_vendor,1,0.2840526817256169
8035,domestic_worker,1,0.6207034651727186
8036,daily_wage_labourer,1,0.5117289586123037
8037,daily_wage_labourer,1,0.4931417058213032
8038,street_vendor,1,0.48647105155797715
8039,gig_delivery,1,0.36958590051517476
8040,street_vendor,1,0.40692347676640783
8041,daily_wage_labourer,1,0.3194443298098807
8042,gig_delivery,1,0.5872721344623357
8043,daily_wage_labourer,1,0.6191764533177657
8044,domestic_worker,1,0.4001684572633255
8045,street_vendor,1,0.4388812796835703
8046,gig_delivery,1,0.5585209301943588
8047,domestic_worker,1,0.47164559623502805
8048,daily_wage_labourer,1,0.45037048303716526
8049,gig_delivery,1,0.7442056071194406
8050,daily_wage_labourer,1,0.4177950624013161
8051,gig_delivery,1,0.7947552155415335
8052,domestic_worker,1,0.39184557981156287
8053,gig_delivery,1,0.6279659420535273
8054,domestic_worker,1,0.27667702533790545
8055,daily_wage_labourer,1,0.4986426595508448
8056,daily_wage_labourer,1,0.17963439010082588
8057,daily_wage_labourer,1,0.4915260362773085
8058,gig_delivery,1,0.5284513234121316
8059,domestic_worker,1,0.36151251634509984
8060,gig_delivery,1,0.3734800160982607
8061,street_vendor,1,0.4433816884849882
8062,daily_wage_labourer,1,0.5177183341154264
8063,gig_delivery,1,0.7518697057002498
8064,domestic_worker,1,0.4535677496955883
8065,street_vendor,1,0.636277863173431
8066,street_vendor,0,0.46716012736395207
8067,daily_wage_labourer,1,0.334977818541379
8068,street_vendor,1,0.5429962324176826
8069,domestic_worker,1,0.2483157213878284
8070,daily_wage_labourer,1,0.3721410804650941
8071,daily_wage_labourer,1,0.3577887273173326
8072,street_vendor,1,0.5663413882254512
8073,daily_wage_labourer,0,0.6436501385923173
8074,domestic_worker,1,0.48602632104488275
8075,daily_wage_labourer,0,0.36620613944927377
8076,street_vendor,0,0.5762790889913962
8077,street_vendor,1,0.633655601754678
8078,domestic_worker,1,0.5863303358313616
8079,domestic_worker,1,0.5027998382917755
8080,street_vendor,1,0.37451864069736573
8081,gig_delivery,1,0.5467497341525253
8082,street_vendor,0,0.5218051885934912
8083,daily_wage_labourer,1,0.2511675895829003
8084,street_vendor,1,0.5720994809005401
8085,gig_delivery,1,0.5560997945052221
8086,domestic_worker,1,0.6512418985980504
8087,street_vendor,1,0.6768757644010857
8088,daily_wage_labourer,1,0.5265710741588266
8089,street_vendor,1,0.6370656617631384
8090,daily_wage_labourer,1,0.4595414830959172
8091,street_vendor,1,0.6951189524318753
8092,street_vendor,1,0.7130649386834659
8093,domestic_worker,0,0.6921219384584041
8094,street_vendor,1,0.10062345007160745
8095,domestic_worker,1,0.4594972341355285
8096,street_vendor,1,0.49277435425738714
8097,daily_wage_labourer,1,0.5705648470653549
8098,daily_wage_labourer,1,0.010988753819380248
8099,domestic_worker,1,0.46702591769104007
8100,street_vendor,1,0.6420231663356039
8101,street_vendor,1,0.5741588407539415
8102,gig_delivery,1,0.7747405091317324
8103,gig_delivery,1,0.3582252522218472
8104,gig_delivery,1,0.6000339988450709
8105,street_vendor,1,0.49971062598386673
8106,street_vendor,1,0.606030922506797
8107,gig_delivery,1,0.7353564051178885
8108,gig_delivery,1,0.7833986242899285
8109,gig_delivery,1,0.5510987092988839
8110,street_vendor,0,0.4237593921439632
8111,street_vendor,0,0.5775343787604648
8112,domestic_worker,1,0.3688952979004955
8113,gig_delivery,1,0.597059379464187
8114,street_vendor,0,0.44637324797152367
8115,domestic_worker,1,0.3019733363709822
8116,daily_wage_labourer,1,0.357576877906332
8117,daily_wage_labourer,1,0.6498892661007447
8118,daily_wage_labourer,1,0.6554136124172272
8119,gig_delivery,1,0.7708934222117593
8120,daily_wage_labourer,1,0.01
8121,daily_wage_labourer,0,0.45944316789756195
8122,gig_delivery,1,0.5632105331501349
8123,street_vendor,1,0.6523115345935117
8124,domestic_worker,1,0.6627156095705395
8125,daily_wage_labourer,1,0.6275725451527253
8126,daily_wage_labourer,1,0.357057892724616
8127,gig_delivery,1,0.4722817754648264
8128,gig_delivery,1,0.8694049847279196
8129,daily_wage_labourer,1,0.41604179993817775
8130,gig_delivery,1,0.5648746127822001
8131,domestic_worker,1,0.43901414783299775
8132,gig_delivery,1,0.41765417995348963
8133,gig_delivery,1,0.6576219567855236
8134,street_vendor,1,0.42472704315173426
8135,daily_wage_labourer,1,0.410608021059431
8136,daily_wage_labourer,1,0.6127663596583605
8137,street_vendor,1,0.3443642018174352
8138,gig_delivery,1,0.6197664729097903
8139,daily_wage_labourer,1,0.23094542135831952
8140,street_vendor,1,0.5087836453862473
8141,street_vendor,1,0.6018611508135188
8142,street_vendor,1,0.030545036121527314
8143,daily_wage_labourer,1,0.3972672129368453
8144,gig_delivery,1,0.7425486321967918
8145,daily_wage_labourer,0,0.5047615401926676
8146,street_vendor,1,0.47962638170337807
8147,street_vendor,1,0.5535171940454043
8148,gig_delivery,1,0.5347818028049001
8149,street_vendor,1,0.6756129208425182
8150,daily_wage_labourer,1,0.3156337267160515
8151,daily_wage_labourer,1,0.568396794180673
8152,daily_wage_labourer,1,0.46969299404068726
8153,domestic_worker,0,0.2980714796333585
8154,gig_delivery,1,0.30065903296594576
8155,domestic_worker,1,0.5575548405750439
8156,domestic_worker,1,0.30359638314109477
8157,street_vendor,1,0.5163783219255217
8158,street_vendor,1,0.2972773888587486
8159,daily_wage_labourer,1,0.17688917699017087
8160,daily_wage_labourer,1,0.6157911252906426
8161,daily_wage_labourer,1,0.31411217781661166
8162,street_vendor,0,0.17933806184218348
8163,street_vendor,1,0.6380246230678508
8164,daily_wage_labourer,1,0.4627472178672487
8165,gig_delivery,1,0.7026539277276239
8166,gig_delivery,1,0.6765941379496095
8167,domestic_worker,1,0.5160091548115878
8168,street_vendor,1,0.588233557098358
8169,daily_wage_labourer,1,0.5843491505517941
8170,domestic_worker,1,0.21065485815612678
8171,gig_delivery,1,0.6897697316141762
8172,daily_wage_labourer,1,0.5872931430832289
8173,daily_wage_labourer,1,0.45220228631457743
8174,street_vendor,1,0.504295389577779
8175,domestic_worker,1,0.5807713217578991
8176,gig_delivery,1,0.6410779075071328
8177,daily_wage_labourer,1,0.3938057760878748
8178,daily_wage_labourer,1,0.2985312966361429
8179,daily_wage_labourer,1,0.24204676101133565
8180,street_vendor,1,0.5524126742194976
8181,gig_delivery,1,0.757704610500332
8182,daily_wage_labourer,1,0.22181212803574063
8183,street_vendor,1,0.4470263337081277
8184,daily_wage_labourer,1,0.1285686489614728
8185,domestic_worker,1,0.4279255765895231
8186,daily_wage_labourer,1,0.31141774995476024
8187,daily_wage_labourer,1,0.3569691907883727
8188,gig_delivery,0,0.623505548383835
8189,gig_delivery,1,0.7909239669686922
8190,gig_delivery,1,0.6640371155587278
8191,domestic_worker,1,0.5904682123393585
8192,street_vendor,1,0.4271649779114385
8193,domestic_worker,1,0.5813383186618544
8194,domestic_worker,1,0.468917052394827
8195,daily_wage_labourer,1,0.4689628350062098
8196,gig_delivery,1,0.7679664644232461
8197,street_vendor,0,0.6076684837858797
8198,daily_wage_labourer,1,0.2680269867417835
8199,street_vendor,1,0.5516806427837152
8200,street_vendor,1,0.3347938014273859
8201,domestic_worker,1,0.47853103163140326
8202,street_vendor,1,0.6043481589863342
8203,daily_wage_labourer,1,0.46157735492091123
8204,daily_wage_labourer,1,0.3708233113390657
8205,daily_wage_labourer,1,0.37112175228829863
8206,daily_wage_labourer,1,0.3479174260252551
8207,daily_wage_labourer,1,0.6227574711017072
8208,gig_delivery,1,0.23295463698998053
8209,domestic_worker,1,0.48872917165595803
8210,daily_wage_labourer,1,0.2520129918421012
8211,domestic_worker,1,0.3755082198788773
8212,gig_delivery,1,0.6836172075138593
8213,gig_delivery,1,0.5420188031526922
8214,street_vendor,1,0.23257221147046991
8215,street_vendor,1,0.18902040447977053
8216,domestic_worker,1,0.320851770824366
8217,daily_wage_labourer,1,0.4717433609651795
8218,daily_wage_labourer,1,0.38417069655542846
8219,gig_delivery,0,0.6738074859964597
8220,daily_wage_labourer,1,0.353141633838948
8221,gig_delivery,1,0.755591926811534
8222,daily_wage_labourer,1,0.5142925542899681
8223,domestic_worker,1,0.6367249006523306
8224,street_vendor,1,0.5247886329204101
8225,street_vendor,1,0.6650023256044664
8226,gig_delivery,1,0.6963501486503942
8227,street_vendor,1,0.5749920837354234
8228,domestic_worker,1,0.39342209796698085
8229,gig_delivery,1,0.8865721516266091
8230,street_vendor,1,0.2730821110332795
8231,street_vendor,1,0.5515567601062896
8232,domestic_worker,1,0.3931033449070525
8233,gig_delivery,1,0.821548820077057
8234,domestic_worker,1,0.5960479461591999
8235,street_vendor,1,0.49593463310587427
8236,domestic_worker,1,0.2395069910302178
8237,daily_wage_labourer,1,0.5936460010296001
8238,gig_delivery,1,0.62035010121003
8239,daily_wage_labourer,1,0.44540977024988726
8240,street_vendor,1,0.8251220995607519
8241,domestic_worker,1,0.4608143189321436
8242,domestic_worker,1,0.5576309761629097
8243,daily_wage_labourer,1,0.36773727568572
8244,domestic_worker,1,0.3936181037611129
8245,street_vendor,1,0.5638075147781884
8246,street_vendor,1,0.5612012555090028
8247,street_vendor,1,0.47892995028407204
8248,daily_wage_labourer,1,0.2660267156261548
8249,street_vendor,1,0.29229659913743544
8250,daily_wage_labourer,1,0.6028133818383592
8251,street_vendor,1,0.3198981975969145
8252,gig_delivery,1,0.5789047396091164
8253,gig_delivery,1,0.7547030022097522
8254,gig_delivery,1,0.8164565484880614
8255,street_vendor,1,0.6251703279685289
8256,gig_delivery,1,0.6774827470698036
8257,street_vendor,1,0.5864409312939386
8258,gig_delivery,1,0.45053378701502916
8259,daily_wage_labourer,1,0.44122460866322594
8260,daily_wage_labourer,1,0.3803751474908557
8261,street_vendor,1,0.5614095815611627
8262,gig_delivery,1,0.6082681581816752
8263,domestic_worker,1,0.5798409837533605
8264,gig_delivery,1,0.54697307998009
8265,domestic_worker,1,0.6512599866319615
8266,domestic_worker,1,0.01
8267,street_vendor,1,0.661894193166229
8268,gig_delivery,1,0.5782656119249033
8269,daily_wage_labourer,1,0.4027612967516088
8270,daily_wage_labourer,1,0.1769379044018846
8271,street_vendor,1,0.5812023893598015
8272,domestic_worker,1,0.5648917946942222
8273,gig_delivery,1,0.8926358687897712
8274,street_vendor,1,0.5198077573141371
8275,daily_wage_labourer,1,0.635809048186645
8276,daily_wage_labourer,1,0.3567062843543099
8277,gig_delivery,1,0.768875913708112
8278,domestic_worker,1,0.2884014990088192
8279,daily_wage_labourer,1,0.3586250214522243
8280,daily_wage_labourer,1,0.5317731144781482
8281,daily_wage_labourer,0,0.563668730849977
8282,daily_wage_labourer,1,0.40902243362962465
8283,daily_wage_labourer,0,0.4461191557251616
8284,street_vendor,1,0.5802457911526235
8285,street_vendor,1,0.8275444661926542
8286,daily_wage_labourer,1,0.2278637357924878
8287,domestic_worker,1,0.6200375169160413
8288,daily_wage_labourer,1,0.13030071121711573
8289,street_vendor,1,0.7086570714641799
8290,gig_delivery,1,0.5867128187889121
8291,domestic_worker,1,0.4882921698156995
8292,daily_wage_labourer,1,0.3064330126844521
8293,street_vendor,1,0.6964680878379019
8294,gig_delivery,1,0.6691386348364137
8295,daily_wage_labourer,1,0.5949687921134834
8296,gig_delivery,1,0.8858004849802293
8297,street_vendor,1,0.60060741201015
8298,street_vendor,0,0.32723570928882423
8299,daily_wage_labourer,1,0.6435616035873604
8300,gig_delivery,1,0.3326440428838714
8301,daily_wage_labourer,1,0.5713997505578421
8302,street_vendor,1,0.578651129486818
8303,daily_wage_labourer,1,0.5474982085327532
8304,gig_delivery,1,0.76447071319511
8305,street_vendor,1,0.6067028225473251
8306,gig_delivery,1,0.6389046147930989
8307,gig_delivery,1,0.48808443063338114
8308,daily_wage_labourer,1,0.01
8309,domestic_worker,1,0.541094246719657
8310,domestic_worker,0,0.5636079824683211
8311,daily_wage_labourer,1,0.45026081509834087
8312,street_vendor,1,0.4063583020092624
8313,daily_wage_labourer,1,0.463175144022122
8314,street_vendor,1,0.46579867596929037
8315,daily_wage_labourer,0,0.4301915303400666
8316,domestic_worker,1,0.5741034575076847
8317,domestic_worker,1,0.4955586321510816
8318,daily_wage_labourer,1,0.03559847162579996
8319,daily_wage_labourer,1,0.013823439102246732
8320,street_vendor,1,0.5252238252179527
8321,daily_wage_labourer,1,0.4752616819214927
8322,street_vendor,1,0.5019035261275832
8323,domestic_worker,1,0.3046740801700164
8324,domestic_worker,1,0.3341799651749271
8325,street_vendor,1,0.31214899282597597
8326,gig_delivery,1,0.6788128695653767
8327,daily_wage_labourer,1,0.3840677963058991
8328,gig_delivery,1,0.6964953448351902
8329,daily_wage_labourer,1,0.3678739980517944
8330,street_vendor,1,0.6520102989223713
8331,gig_delivery,1,0.5636762102182332
8332,street_vendor,1,0.44335272866446473
8333,daily_wage_labourer,1,0.3328742314510892
8334,street_vendor,1,0.1793773969572906
8335,gig_delivery,1,0.7558601305251084
8336,gig_delivery,1,0.32555816926307735
8337,street_vendor,1,0.5674005309794942
8338,daily_wage_labourer,1,0.4926019069304631
8339,gig_delivery,1,0.7758820154168474
8340,street_vendor,1,0.24540735477580566
8341,daily_wage_labourer,1,0.34997362607291793
8342,gig_delivery,1,0.3585535931427053
8343,daily_wage_labourer,1,0.552248140739753
8344,gig_delivery,1,0.658078835926761
8345,daily_wage_labourer,1,0.5154155521941571
8346,gig_delivery,1,0.7669347507412864
8347,street_vendor,1,0.45532102269215535
8348,street_vendor,0,0.6471375699601895
8349,street_vendor,1,0.032343462864454
8350,domestic_worker,1,0.01
8351,domestic_worker,1,0.32489461337683895
8352,gig_delivery,0,0.9650677809099929
8353,street_vendor,1,0.5161501165257308
8354,daily_wage_labourer,1,0.32579277358967274
8355,gig_delivery,1,0.687053996043568
8356,gig_delivery,1,0.6334974185993978
8357,street_vendor,1,0.390198401612012
8358,domestic_worker,1,0.39987608656638557
8359,street_vendor,1,0.6112626168092458
8360,street_vendor,1,0.1863155769214382
8361,domestic_worker,1,0.21347165354219505
8362,daily_wage_labourer,0,0.5569467988245541
8363,daily_wage_labourer,1,0.466540373941925
8364,daily_wage_labourer,1,0.11553163361731189
8365,domestic_worker,1,0.5308826317424702
8366,street_vendor,1,0.5687652743122599
8367,gig_delivery,1,0.6004117265573916
8368,daily_wage_labourer,1,0.3943234404340237
8369,street_vendor,1,0.4322305662269093
8370,daily_wage_labourer,1,0.5930033217028946
8371,daily_wage_labourer,1,0.5827353300454388
8372,street_vendor,1,0.3555486039912634
8373,daily_wage_labourer,1,0.44708198333996396
8374,gig_delivery,1,0.6317872289312747
8375,daily_wage_labourer,1,0.3714184754482234
8376,gig_delivery,1,0.4642020156127026
8377,gig_delivery,1,0.7568531413892424
8378,daily_wage_labourer,0,0.4777563241096437
8379,daily_wage_labourer,1,0.6466014567750203
8380,daily_wage_labourer,1,0.5464723968683449
8381,daily_wage_labourer,1,0.3976699638866559
8382,street_vendor,1,0.5722151811962145
8383,daily_wage_labourer,1,0.4921518201757598
8384,street_vendor,1,0.5189586555758303
8385,daily_wage_labourer,1,0.36393323698400826
8386,domestic_worker,1,0.523836726886951
8387,daily_wage_labourer,1,0.25907294342084974
8388,daily_wage_labourer,1,0.37848241066165045
8389,daily_wage_labourer,1,0.545869768556731
8390,gig_delivery,1,0.7156605046718378
8391,daily_wage_labourer,1,0.605008002867293
8392,daily_wage_labourer,1,0.4048822866824186
8393,gig_delivery,1,0.38497532560836084
8394,street_vendor,1,0.46023233718481127
8395,daily_wage_labourer,1,0.5834915002229646
8396,daily_wage_labourer,1,0.7542583400080752
8397,gig_delivery,1,0.6246088338173466
8398,domestic_worker,1,0.3279732903086446
8399,gig_delivery,1,0.5371958511180916
8400,daily_wage_labourer,1,0.44234908410600654
8401,street_vendor,1,0.3138121734745336
8402,daily_wage_labourer,1,0.07003028644281559
8403,gig_delivery,1,0.7583951536454349
8404,domestic_worker,1,0.3865541979398974
8405,gig_delivery,1,0.6496401110756574
8406,street_vendor,1,0.3916964626816669
8407,gig_delivery,1,0.6093034516047299
8408,domestic_worker,1,0.6646661315152649
8409,gig_delivery,1,0.5241236352489843
8410,gig_delivery,1,0.7965878392726277
8411,daily_wage_labourer,1,0.536502104224934
8412,gig_delivery,1,0.5757580341045889
8413,street_vendor,1,0.2372955215739796
8414,street_vendor,1,0.528459047184059
8415,gig_delivery,1,0.5839054233196337
8416,domestic_worker,1,0.40430948523926274
8417,domestic_worker,1,0.08476392697887203
8418,daily_wage_labourer,1,0.5961009206064198
8419,street_vendor,1,0.47254122939072524
8420,street_vendor,1,0.5556401175121942
8421,gig_delivery,1,0.7148439298229853
8422,gig_delivery,1,0.6591481957104175
8423,domestic_worker,1,0.39194241458324014
8424,daily_wage_labourer,1,0.29933097816827015
8425,daily_wage_labourer,1,0.332537206345456
8426,gig_delivery,1,0.8307470170243442
8427,street_vendor,1,0.5892838652187176
8428,domestic_worker,1,0.48201520420763605
8429,daily_wage_labourer,1,0.3753647139149712
8430,street_vendor,1,0.7043850807481671
8431,street_vendor,1,0.6719919164708618
8432,domestic_worker,1,0.46298741073788563
8433,gig_delivery,1,0.7774118191813181
8434,gig_delivery,1,0.6469254192707009
8435,gig_delivery,1,0.4635527171677086
8436,daily_wage_labourer,1,0.4685943710195623
8437,gig_delivery,1,0.6886006603742043
8438,domestic_worker,1,0.6238639855900734
8439,street_vendor,1,0.5517538271684074
8440,gig_delivery,1,0.6184886065285784
8441,daily_wage_labourer,1,0.4181788161471888
8442,daily_wage_labourer,1,0.38430256994775747
8443,daily_wage_labourer,0,0.38301338337822194
8444,domestic_worker,1,0.5767140304928671
8445,street_vendor,1,0.3519001506414019
8446,daily_wage_labourer,1,0.4758090549117469
8447,gig_delivery,0,0.6275633999184089
8448,street_vendor,1,0.5467500041711169
8449,gig_delivery,1,0.3607781402873316
8450,domestic_worker,1,0.04532142056407418
8451,street_vendor,1,0.6750751988424772
8452,street_vendor,0,0.6918920740222113
8453,domestic_worker,1,0.4765918882572747
8454,street_vendor,1,0.5568660577661646
8455,street_vendor,1,0.3278264362074623
8456,domestic_worker,1,0.36482480118778937
8457,domestic_worker,1,0.5507370215835713
8458,gig_delivery,1,0.8403820711947647
8459,daily_wage_labourer,1,0.6023174985904189
8460,domestic_worker,1,0.29181342993502213
8461,gig_delivery,1,0.3803004962737718
8462,gig_delivery,1,0.6333686083826038
8463,gig_delivery,1,0.26674274106691986
8464,gig_delivery,1,0.6317591463898893
8465,daily_wage_labourer,1,0.5348146527948465
8466,daily_wage_labourer,1,0.31879688462775035
8467,daily_wage_labourer,1,0.42968887808908945
8468,daily_wage_labourer,1,0.6585671188984277
8469,daily_wage_labourer,1,0.35036338733686057
8470,daily_wage_labourer,0,0.37592875892483657
8471,gig_delivery,1,0.5706169616260724
8472,daily_wage_labourer,1,0.5767793227446056
8473,street_vendor,1,0.3550846477625537
8474,street_vendor,1,0.44286590332523657
8475,street_vendor,1,0.4715389635339386
8476,gig_delivery,0,0.9103049611346276
8477,daily_wage_labourer,1,0.0909244759813333
8478,street_vendor,1,0.8141359898367105
8479,gig_delivery,1,0.6391823521486706
8480,street_vendor,0,0.39892525881443575
8481,street_vendor,1,0.45990855157791993
8482,gig_delivery,1,0.6082450928445584
8483,daily_wage_labourer,1,0.23076727805973857
8484,gig_delivery,1,0.6101311357357428
8485,gig_delivery,1,0.3836910107405983
8486,domestic_worker,1,0.6471795890015557
8487,street_vendor,1,0.6232125932023681
8488,gig_delivery,1,0.5332796115736466
8489,gig_delivery,1,0.6527941904875042
8490,street_vendor,1,0.5847979125362435
8491,domestic_worker,1,0.6988975723837771
8492,daily_wage_labourer,1,0.5227734155407991
8493,domestic_worker,1,0.4317261003431698
8494,gig_delivery,1,0.5675899053026604
8495,daily_wage_labourer,1,0.5007347378110427
8496,street_vendor,1,0.7540209640904575
8497,domestic_worker,1,0.5129894895839207
8498,daily_wage_labourer,1,0.49393724523817784
8499,street_vendor,1,0.6003280260607811
8500,street_vendor,1,0.5047018945089701
8501,gig_delivery,1,0.6993530131511789
8502,street_vendor,1,0.46979710194221524
8503,daily_wage_labourer,1,0.6091441286914466
8504,gig_delivery,1,0.2336779315694869
8505,street_vendor,1,0.7259438014576355
8506,daily_wage_labourer,1,0.46814447357587147
8507,street_vendor,1,0.7915847706046546
8508,domestic_worker,1,0.6267022800304105
8509,domestic_worker,1,0.5370448661907001
8510,street_vendor,1,0.3046904174642633
8511,daily_wage_labourer,1,0.552696415966241
8512,daily_wage_labourer,1,0.25082574756149434
8513,domestic_worker,1,0.34587996673859517
8514,daily_wage_labourer,1,0.42678793306580637
8515,daily_wage_labourer,1,0.6421802244515159
8516,domestic_worker,1,0.4739106337116796
8517,street_vendor,1,0.5325562857139378
8518,daily_wage_labourer,1,0.5763863976067282
8519,street_vendor,1,0.4505860413153719
8520,gig_delivery,1,0.5862968633369955
8521,daily_wage_labourer,1,0.620844557045198
8522,domestic_worker,1,0.33719002318567165
8523,daily_wage_labourer,0,0.5089380194722353
8524,street_vendor,1,0.42083899766171023
8525,gig_delivery,1,0.8886346337517442
8526,gig_delivery,1,0.6539311274714594
8527,gig_delivery,1,0.5994068387157231
8528,gig_delivery,1,0.46423100410698204
8529,street_vendor,1,0.3750070297402725
8530,gig_delivery,1,0.7425979717726195
8531,street_vendor,1,0.6411503219811117
8532,street_vendor,1,0.6515938456999938
8533,domestic_worker,1,0.13594243375217757
8534,gig_delivery,1,0.5641768852752562
8535,street_vendor,1,0.565789630453251
8536,street_vendor,1,0.7538365024231279
8537,domestic_worker,1,0.5103345218407219
8538,street_vendor,1,0.3152864384838878
8539,street_vendor,1,0.25710559779540265
8540,street_vendor,1,0.5019009956467566
8541,street_vendor,1,0.2728091214973944
8542,daily_wage_labourer,1,0.10483357531679438
8543,domestic_worker,1,0.401764699236935
8544,daily_wage_labourer,1,0.5853105131518718
8545,daily_wage_labourer,1,0.6081670115095463
8546,gig_delivery,0,0.5393834399290128
8547,daily_wage_labourer,1,0.5608338890190134
8548,gig_delivery,1,0.8064247304261916
8549,gig_delivery,1,0.7567596826835862
8550,gig_delivery,1,0.42740135882072183
8551,gig_delivery,0,0.5743363254714773
8552,gig_delivery,1,0.806219547931369
8553,gig_delivery,1,0.8179832088407829
8554,gig_delivery,1,0.48781294025914995
8555,street_vendor,1,0.6093700579413736
8556,gig_delivery,1,0.908351153982616
8557,gig_delivery,1,0.533379763444162
8558,street_vendor,1,0.47824910025108436
8559,domestic_worker,1,0.4176535514378365
8560,daily_wage_labourer,1,0.45527660811137755
8561,street_vendor,1,0.38372836004124095
8562,domestic_worker,1,0.4499247144649729
8563,street_vendor,1,0.5259544562679886
8564,daily_wage_labourer,1,0.5092314629703458
8565,daily_wage_labourer,1,0.2783612735470367
8566,domestic_worker,1,0.32710220531294015
8567,daily_wage_labourer,1,0.4599252558767398
8568,gig_delivery,1,0.5756682639130465
8569,gig_delivery,1,0.5935496170050671
8570,gig_delivery,1,0.6226138811643523
8571,domestic_worker,1,0.25886208714922976
8572,gig_delivery,0,0.8175470912472905
8573,daily_wage_labourer,1,0.40659024478868927
8574,domestic_worker,1,0.307559974197511
8575,daily_wage_labourer,0,0.5065608373274978
8576,street_vendor,1,0.42499216575653254
8577,street_vendor,1,0.7191894698973813
8578,gig_delivery,1,0.739545568571147
8579,street_vendor,1,0.48393204277011265
8580,daily_wage_labourer,1,0.3905455419040713
8581,daily_wage_labourer,1,0.2848601872247213
8582,daily_wage_labourer,1,0.3618723466944252
8583,street_vendor,0,0.45447333753654395
8584,gig_delivery,1,0.6897601604135285
8585,daily_wage_labourer,1,0.47676532599015176
8586,street_vendor,1,0.5873142930671199
8587,daily_wage_labourer,1,0.308694611750405
8588,daily_wage_labourer,1,0.560250049718611
8589,gig_delivery,1,0.28833540603938695
8590,daily_wage_labourer,1,0.24975472544170324
8591,street_vendor,1,0.46945252010909755
8592,domestic_worker,1,0.3967652982289817
8593,daily_wage_labourer,1,0.3557056994884229
8594,street_vendor,1,0.5889804382116068
8595,gig_delivery,1,0.7909891993912278
8596,gig_delivery,1,0.5980409035841385
8597,gig_delivery,1,0.7480745704157562
8598,daily_wage_labourer,1,0.2727374643570773
8599,daily_wage_labourer,1,0.6564837772233322
8600,daily_wage_labourer,1,0.349039744033066
8601,street_vendor,1,0.21829939487587047
8602,street_vendor,1,0.11051040565264286
8603,domestic_worker,1,0.3690692612241023
8604,gig_delivery,1,0.6444461815971458
8605,daily_wage_labourer,1,0.6153302342016514
8606,street_vendor,1,0.666794896116603
8607,gig_delivery,1,0.6724861145505358
8608,street_vendor,1,0.4343750224866643
8609,street_vendor,0,0.5358654921253896
8610,street_vendor,1,0.6428535543149317
8611,gig_delivery,1,0.5836251518389703
8612,gig_delivery,1,0.6067645122537262
8613,street_vendor,1,0.690161423238856
8614,street_vendor,1,0.23918203047174458
8615,gig_delivery,1,0.4709147926324043
8616,daily_wage_labourer,1,0.5807819829198619
8617,gig_delivery,1,0.8602919167025244
8618,street_vendor,1,0.6387960403589215
8619,gig_delivery,1,0.636885983958882
8620,domestic_worker,1,0.41581860855297065
8621,gig_delivery,0,0.6302815079999962
8622,street_vendor,1,0.6225438602445565
8623,gig_delivery,1,0.6011656315007505
8624,daily_wage_labourer,1,0.4468340355135765
8625,street_vendor,1,0.7270052307940891
8626,daily_wage_labourer,1,0.6189561164711315
8627,domestic_worker,1,0.2647204632800981
8628,daily_wage_labourer,1,0.26882749009713075
8629,domestic_worker,1,0.4249918332382172
8630,daily_wage_labourer,1,0.5179441614571927
8631,daily_wage_labourer,1,0.5504008739556151
8632,street_vendor,1,0.7437254309929269
8633,gig_delivery,1,0.8401119141507177
8634,street_vendor,1,0.36410263133422377
8635,daily_wage_labourer,1,0.4611296714103935
8636,street_vendor,1,0.4872344369511278
8637,daily_wage_labourer,1,0.322682853917503
8638,daily_wage_labourer,1,0.353647481587114
8639,street_vendor,1,0.36828451760295555
8640,street_vendor,1,0.16960958200841897
8641,domestic_worker,1,0.481797603787222
8642,street_vendor,1,0.4869666059246859
8643,daily_wage_labourer,1,0.45783727939716173
8644,daily_wage_labourer,1,0.4711233572899068
8645,daily_wage_labourer,1,0.27855051173075507
8646,gig_delivery,1,0.7139337058478163
8647,street_vendor,1,0.28861779666808884
8648,daily_wage_labourer,1,0.45085070897370744
8649,gig_delivery,1,0.7264120747539219
8650,daily_wage_labourer,1,0.5218344054598864
8651,domestic_worker,1,0.29723883866732564
8652,domestic_worker,1,0.6981507609697404
8653,street_vendor,1,0.6470029860786655
8654,daily_wage_labourer,1,0.59869622360335
8655,street_vendor,1,0.7278266277486029
8656,street_vendor,1,0.44256385434416456
8657,daily_wage_labourer,1,0.373211901234174
8658,daily_wage_labourer,1,0.6528815019929467
8659,daily_wage_labourer,1,0.1159085814738886
8660,street_vendor,1,0.25827671345668307
8661,street_vendor,1,0.8060703894266068
8662,domestic_worker,1,0.19032916804872752
8663,domestic_worker,1,0.5720107958282665
8664,street_vendor,1,0.33827522125386383
8665,gig_delivery,1,0.5643825129011784
8666,daily_wage_labourer,1,0.31717234982800674
8667,gig_delivery,0,0.7001031372017764
8668,daily_wage_labourer,1,0.24534463341509116
8669,domestic_worker,1,0.4062577237599835
8670,street_vendor,1,0.2550887722258086
8671,daily_wage_labourer,1,0.5133513159563845
8672,domestic_worker,0,0.3230396409801578
8673,street_vendor,1,0.4422500885113795
8674,street_vendor,1,0.18271874976938474
8675,gig_delivery,1,0.5025459544537498
8676,gig_delivery,1,0.6563073666367208
8677,gig_delivery,1,0.4630551164872543
8678,gig_delivery,1,0.5609435812909452
8679,gig_delivery,1,0.6926219720965712
8680,street_vendor,1,0.6987397668700103
8681,gig_delivery,0,0.5695117433966488
8682,gig_delivery,1,0.705333179166733
8683,domestic_worker,1,0.2729010402634301
8684,street_vendor,1,0.7820524813565929
8685,street_vendor,1,0.6639777062351994
8686,gig_delivery,1,0.7000997950298206
8687,street_vendor,1,0.6585655437059058
8688,street_vendor,1,0.37848978774709224
8689,gig_delivery,1,0.4455881004388428
8690,daily_wage_labourer,1,0.2146645344406941
8691,daily_wage_labourer,1,0.2640892502469167
8692,street_vendor,1,0.5342709098520816
8693,street_vendor,1,0.4597061816455779
8694,gig_delivery,1,0.589508037572233
8695,daily_wage_labourer,1,0.4748645852598145
8696,street_vendor,1,0.650429971490382
8697,daily_wage_labourer,1,0.5040246237319125
8698,street_vendor,1,0.5535894007258869
8699,street_vendor,0,0.4265161965111005
8700,street_vendor,1,0.7195810452323721
8701,daily_wage_labourer,1,0.3858701480294794
8702,street_vendor,0,0.461926631171938
8703,daily_wage_labourer,1,0.5640148458282948
8704,daily_wage_labourer,1,0.6604139584255297
8705,daily_wage_labourer,1,0.3717105633028226
8706,street_vendor,1,0.5166917904790909
8707,street_vendor,1,0.6546807734173979
8708,street_vendor,1,0.7372106509493691
8709,daily_wage_labourer,1,0.44162792822458335
8710,gig_delivery,1,0.8526919303895962
8711,street_vendor,1,0.5112996537073388
8712,gig_delivery,1,0.7901106571341489
8713,gig_delivery,1,0.6910083347242824
8714,street_vendor,1,0.4647029318495965
8715,street_vendor,1,0.6065335619145225
8716,street_vendor,1,0.4475272184633157
8717,street_vendor,0,0.7261514945997704
8718,daily_wage_labourer,1,0.020938068064627335
8719,street_vendor,1,0.38251523020592454
8720,gig_delivery,0,0.5274175846277824
8721,daily_wage_labourer,1,0.5813984587478478
8722,gig_delivery,1,0.8406561820217534
8723,gig_delivery,1,0.8048237429448396
8724,daily_wage_labourer,1,0.29292259117007885
8725,domestic_worker,1,0.21819175311135375
8726,domestic_worker,1,0.27690633047733604
8727,daily_wage_labourer,1,0.34358455407418687
8728,street_vendor,1,0.44426547322893206
8729,daily_wage_labourer,1,0.712038030567003
8730,street_vendor,1,0.24668780209755958
8731,daily_wage_labourer,1,0.45399235180117675
8732,daily_wage_labourer,1,0.5457468235231216
8733,daily_wage_labourer,1,0.4654689700829416
8734,gig_delivery,1,0.7882568530837565
8735,street_vendor,1,0.36119661569240447
8736,daily_wage_labourer,1,0.3985627458194292
8737,daily_wage_labourer,0,0.4154595350631019
8738,gig_delivery,1,0.375776402690969
8739,gig_delivery,1,0.8078111129692632
8740,street_vendor,1,0.5261254087571456
8741,gig_delivery,1,0.6532060488717215
8742,street_vendor,1,0.4068436730265713
8743,gig_delivery,1,0.6735633406693419
8744,daily_wage_labourer,1,0.6151670108071995
8745,daily_wage_labourer,1,0.5901102764854358
8746,gig_delivery,1,0.7418515744216204
8747,domestic_worker,1,0.21691642575011982
8748,gig_delivery,1,0.73341283101668
8749,daily_wage_labourer,1,0.669887026689525
8750,gig_delivery,1,0.7910316755486891
8751,daily_wage_labourer,1,0.6126343239750682
8752,gig_delivery,1,0.5895629055495241
8753,gig_delivery,1,0.7784323435349979
8754,street_vendor,1,0.41500868859294665
8755,street_vendor,1,0.5060253319811301
8756,street_vendor,1,0.3704920506854883
8757,street_vendor,1,0.512521458218071
8758,daily_wage_labourer,1,0.6333277247915353
8759,street_vendor,1,0.45187989554992763
8760,daily_wage_labourer,1,0.24026748056147634
8761,street_vendor,1,0.6562771154959107
8762,street_vendor,1,0.5104823262814362
8763,gig_delivery,1,0.40454587634179856
8764,daily_wage_labourer,1,0.5751309658236202
8765,daily_wage_labourer,1,0.2403372987501451
8766,gig_delivery,1,0.5757838058942769
8767,domestic_worker,1,0.5393231790135502
8768,daily_wage_labourer,1,0.48256441259580185
8769,street_vendor,0,0.5801571577144496
8770,street_vendor,0,0.6996509124672163
8771,domestic_worker,1,0.4355386583622562
8772,gig_delivery,1,0.5032682548418231
8773,gig_delivery,1,0.6268095589842182
8774,gig_delivery,1,0.6680390378450227
8775,street_vendor,1,0.5012223000147802
8776,daily_wage_labourer,1,0.44111155330119617
8777,gig_delivery,1,0.550494795237903
8778,domestic_worker,1,0.16556829679000762
8779,street_vendor,1,0.4051997635656725
8780,daily_wage_labourer,1,0.292782018704577
8781,street_vendor,1,0.6160683910768547
8782,domestic_worker,1,0.3976106279512303
8783,street_vendor,1,0.39792136252360016
8784,gig_delivery,1,0.5420035940077282
8785,street_vendor,1,0.5076738518664429
8786,gig_delivery,1,0.7922026840370332
8787,gig_delivery,1,0.7244112747493696
8788,daily_wage_labourer,1,0.498814586417584
8789,gig_delivery,1,0.8110568483383206
8790,domestic_worker,1,0.4009681815171906
8791,domestic_worker,1,0.3024105625821113
8792,daily_wage_labourer,1,0.33161591704954263
8793,gig_delivery,1,0.9049468029684039
8794,daily_wage_labourer,1,0.43225866614414765
8795,daily_wage_labourer,1,0.26537511002124786
8796,daily_wage_labourer,1,0.4049073813725026
8797,gig_delivery,1,0.8177976948087738
8798,street_vendor,1,0.5484257387658479
8799,daily_wage_labourer,1,0.45153820590747473
8800,street_vendor,1,0.7988181768218293
8801,street_vendor,1,0.6837343550190381
8802,street_vendor,1,0.4031242600227925
8803,street_vendor,1,0.5497214161169102
8804,gig_delivery,1,0.7862839435781082
8805,daily_wage_labourer,1,0.335506739804442
8806,street_vendor,0,0.5777648561154188
8807,gig_delivery,1,0.5684384402403764
8808,domestic_worker,1,0.31182391486852706
8809,domestic_worker,1,0.3812464794533996
8810,gig_delivery,1,0.5516336299686847
8811,domestic_worker,1,0.4130985708227749
8812,daily_wage_labourer,1,0.3125391843822368
8813,domestic_worker,1,0.5446091648395421
8814,domestic_worker,1,0.47115281998752145
8815,daily_wage_labourer,1,0.5479261771451488
8816,domestic_worker,1,0.40334204007235835
8817,gig_delivery,1,0.8247513066672616
8818,gig_delivery,0,0.5645231421918593
8819,domestic_worker,1,0.5362750172765062
8820,daily_wage_labourer,1,0.3773032057584175
8821,daily_wage_labourer,1,0.39298786133717845
8822,gig_delivery,1,0.5254066849548611
8823,gig_delivery,1,0.7635762556100452
8824,domestic_worker,1,0.37115007614057943
8825,domestic_worker,1,0.2898433928161272
8826,gig_delivery,1,0.6794877525424399
8827,domestic_worker,1,0.38363030864375536
8828,street_vendor,1,0.3361132132696377
8829,domestic_worker,1,0.621872187445611
8830,street_vendor,1,0.584005925709215
8831,daily_wage_labourer,1,0.43628134559204573
8832,street_vendor,1,0.38974836417534675
8833,daily_wage_labourer,1,0.3724213597805518
8834,daily_wage_labourer,1,0.5295068077785967
8835,street_vendor,1,0.7037361602682936
8836,gig_delivery,1,0.5111102198693251
8837,gig_delivery,1,0.6248914510939606
8838,street_vendor,1,0.5347908583138484
8839,gig_delivery,1,0.6534958080864073
8840,street_vendor,1,0.617764828297295
8841,street_vendor,1,0.67991824776979
8842,street_vendor,1,0.5442387537103123
8843,daily_wage_labourer,0,0.41504623986928185
8844,gig_delivery,1,0.5330370041192505
8845,daily_wage_labourer,1,0.48214965578924524
8846,gig_delivery,1,0.4958787569602461
8847,daily_wage_labourer,1,0.14797825080130966
8848,gig_delivery,1,0.467886460381413
8849,domestic_worker,1,0.6562444200945197
8850,daily_wage_labourer,1,0.49945624105774994
8851,street_vendor,0,0.543626300285625
8852,street_vendor,1,0.5697597571493269
8853,daily_wage_labourer,1,0.6636352749801614
8854,daily_wage_labourer,1,0.5494167684061728
8855,street_vendor,1,0.5397384985590352
8856,domestic_worker,0,0.49838192200858855
8857,domestic_worker,1,0.37602229107398394
8858,street_vendor,1,0.4730403721932579
8859,street_vendor,1,0.6232550051223277
8860,street_vendor,1,0.4414501676891789
8861,daily_wage_labourer,1,0.36030610555741815
8862,domestic_worker,1,0.49937517610561066
8863,daily_wage_labourer,1,0.5786726303011682
8864,street_vendor,1,0.6557622546610294
8865,daily_wage_labourer,1,0.13587920255460362
8866,street_vendor,1,0.5081982720591638
8867,daily_wage_labourer,1,0.525820240960335
8868,daily_wage_labourer,1,0.6769176340874918
8869,gig_delivery,1,0.7834856667860645
8870,daily_wage_labourer,1,0.35632319450385236
8871,domestic_worker,1,0.35386203787221837
8872,street_vendor,1,0.46721355110961044
8873,gig_delivery,1,0.6474025317680293
8874,street_vendor,1,0.3746235792343908
8875,daily_wage_labourer,0,0.5599450270422146
8876,domestic_worker,1,0.4751428671640374
8877,gig_delivery,1,0.6529501166396926
8878,street_vendor,1,0.5581586427231943
8879,daily_wage_labourer,0,0.16127530405182472
8880,gig_delivery,1,0.696030033749045
8881,domestic_worker,1,0.4395134365507498
8882,gig_delivery,1,0.7566346200334494
8883,street_vendor,1,0.6055644383893596
8884,daily_wage_labourer,1,0.5904363114034273
8885,street_vendor,1,0.38223397005036086
8886,street_vendor,1,0.6814296824323629
8887,daily_wage_labourer,1,0.10794982515502538
8888,gig_delivery,1,0.39668248713729437
8889,street_vendor,1,0.6220162036634674
8890,gig_delivery,1,0.6596878102287432
8891,gig_delivery,1,0.6955754298731756
8892,gig_delivery,1,0.4973607718236235
8893,street_vendor,1,0.7213499441204536
8894,daily_wage_labourer,1,0.32265205326384816
8895,street_vendor,1,0.3969115776903913
8896,street_vendor,1,0.43865685685073197
8897,daily_wage_labourer,1,0.47821976656231113
8898,daily_wage_labourer,1,0.38081111623852315
8899,street_vendor,1,0.5718119525073246
8900,street_vendor,1,0.500936349165045
8901,domestic_worker,1,0.34797590361478015
8902,gig_delivery,1,0.6526017530858512
8903,daily_wage_labourer,1,0.520521140737587
8904,domestic_worker,1,0.3391741771124967
8905,street_vendor,1,0.4303074030598918
8906,daily_wage_labourer,1,0.46335733145032526
8907,gig_delivery,1,0.7374706007874964
8908,daily_wage_labourer,1,0.5860762030519648
8909,street_vendor,1,0.4730381134730176
8910,daily_wage_labourer,1,0.6008589668852009
8911,daily_wage_labourer,1,0.49471741058175656
8912,gig_delivery,1,0.7926102293044405
8913,daily_wage_labourer,1,0.4998497407286801
8914,daily_wage_labourer,1,0.33980498079045784
8915,street_vendor,1,0.45202886541329274
8916,daily_wage_labourer,1,0.40731787553395843
8917,street_vendor,1,0.5709473236928336
8918,domestic_worker,1,0.49969960216726134
8919,gig_delivery,1,0.8168650357586024
8920,daily_wage_labourer,1,0.7168796722031249
8921,gig_delivery,1,0.6851479513727942
8922,street_vendor,1,0.6247459820261095
8923,daily_wage_labourer,1,0.5594122782033293
8924,daily_wage_labourer,0,0.3391855594262459
8925,daily_wage_labourer,1,0.5412622083336719
8926,gig_delivery,1,0.8408364182239497
8927,domestic_worker,1,0.3664512673080647
8928,daily_wage_labourer,1,0.43612415939689075
8929,daily_wage_labourer,1,0.6613343132668453
8930,gig_delivery,1,0.3647994103116334
8931,street_vendor,1,0.08765362930883167
8932,street_vendor,0,0.48412698755530703
8933,domestic_worker,1,0.28055992071486907
8934,gig_delivery,1,0.3793910573586131
8935,domestic_worker,1,0.2617851039133726
8936,street_vendor,1,0.3406634631099876
8937,street_vendor,0,0.5689389752145926
8938,daily_wage_labourer,1,0.41524278916425733
8939,domestic_worker,1,0.2562326100127039
8940,street_vendor,1,0.7628353314526118
8941,street_vendor,1,0.4974629468904657
8942,street_vendor,1,0.621768237139821
8943,gig_delivery,1,0.6540155626677118
8944,gig_delivery,1,0.8806692996574427
8945,gig_delivery,1,0.5161281571886538
8946,street_vendor,1,0.5409065505464501
8947,gig_delivery,1,0.7087078590617958
8948,daily_wage_labourer,1,0.41852656462006504
8949,street_vendor,1,0.8634775363961812
8950,street_vendor,1,0.5485314279958787
8951,daily_wage_labourer,1,0.5964846177919151
8952,daily_wage_labourer,1,0.26991632390076403
8953,domestic_worker,1,0.01
8954,daily_wage_labourer,1,0.4702852405798633
8955,daily_wage_labourer,1,0.48755293251543036
8956,gig_delivery,1,0.6345610451587159
8957,gig_delivery,1,0.6647542966762571
8958,street_vendor,1,0.6233523858499568
8959,gig_delivery,1,0.45983538110980604
8960,street_vendor,1,0.8124859247572097
8961,daily_wage_labourer,1,0.36166468690065906
8962,gig_delivery,1,0.7940503368291333
8963,daily_wage_labourer,1,0.6751009696152913
8964,daily_wage_labourer,1,0.436999974140817
8965,street_vendor,1,0.671461390934774
8966,daily_wage_labourer,1,0.39897891861229595
8967,daily_wage_labourer,1,0.30623633673282347
8968,domestic_worker,1,0.5816716769375283
8969,daily_wage_labourer,1,0.2596850144409243
8970,domestic_worker,1,0.4551439902819851
8971,daily_wage_labourer,1,0.21550354008488282
8972,gig_delivery,1,0.4361816956131995
8973,street_vendor,1,0.5598628892251494
8974,street_vendor,1,0.5587431968440137
8975,street_vendor,1,0.28780633019721763
8976,street_vendor,1,0.19265767475993123
8977,domestic_worker,1,0.34345035842701305
8978,gig_delivery,1,0.651038672191608
8979,gig_delivery,0,0.6067366153777689
8980,daily_wage_labourer,1,0.2353288127546102
8981,daily_wage_labourer,1,0.5662215596662343
8982,gig_delivery,1,0.6527541098313583
8983,gig_delivery,1,0.5485013253007924
8984,daily_wage_labourer,1,0.45945259412163775
8985,gig_delivery,1,0.610048088808385
8986,street_vendor,1,0.6435854193472929
8987,domestic_worker,1,0.5347705804244004
8988,street_vendor,1,0.6206726263008002
8989,daily_wage_labourer,1,0.48310652166590345
8990,domestic_worker,1,0.504844212340466
8991,street_vendor,1,0.6016113414450774
8992,street_vendor,1,0.5730419017773241
8993,daily_wage_labourer,0,0.499208816344835
8994,daily_wage_labourer,1,0.4924791482189545
8995,domestic_worker,1,0.2921290685586524
8996,gig_delivery,1,0.4215016339389377
8997,daily_wage_labourer,1,0.6028696752515902
8998,domestic_worker,1,0.3874995648252785
8999,gig_delivery,1,0.49243537989822517
9000,domestic_worker,1,0.34567710154877257
9001,street_vendor,0,0.682228351911887
9002,daily_wage_labourer,1,0.10130931377309749
9003,street_vendor,1,0.7572917122027638
9004,street_vendor,1,0.7592807432058938
9005,gig_delivery,1,0.34865950696771697
9006,street_vendor,1,0.6199810624573023
9007,daily_wage_labourer,1,0.5521986315655051
9008,gig_delivery,1,0.6539178384143423
9009,street_vendor,1,0.7032732857687888
9010,daily_wage_labourer,1,0.5303827967859389
9011,gig_delivery,1,0.1444338007439298
9012,domestic_worker,1,0.4231292544736281
9013,street_vendor,1,0.5117760051842253
9014,domestic_worker,1,0.34999212760833415
9015,gig_delivery,0,0.7162151981451653
9016,gig_delivery,1,0.6178946700261632
9017,daily_wage_labourer,1,0.6032423498323062
9018,gig_delivery,1,0.5657396439909546
9019,gig_delivery,1,0.7601994209530671
9020,daily_wage_labourer,1,0.5675698735962201
9021,domestic_worker,1,0.6905094017455558
9022,domestic_worker,1,0.4255481902133588
9023,daily_wage_labourer,1,0.38876958312497023
9024,gig_delivery,1,0.6087527476334315
9025,daily_wage_labourer,1,0.38251858184910187
9026,gig_delivery,1,0.9133725430020965
9027,gig_delivery,1,0.31922306334233597
9028,street_vendor,1,0.6386952241038406
9029,street_vendor,1,0.6155075102774755
9030,daily_wage_labourer,1,0.5229370835513829
9031,domestic_worker,1,0.490730262642871
9032,daily_wage_labourer,1,0.3667021474435499
9033,domestic_worker,1,0.4235444095832718
9034,daily_wage_labourer,1,0.1282241736400821
9035,street_vendor,1,0.3482047345113096
9036,domestic_worker,1,0.5861353468388844
9037,daily_wage_labourer,1,0.4172559699648547
9038,daily_wage_labourer,1,0.38432680018792037
9039,street_vendor,1,0.4021562356002942
9040,street_vendor,1,0.5765106508347615
9041,street_vendor,1,0.7218989955974074
9042,daily_wage_labourer,1,0.5274270904603192
9043,gig_delivery,1,0.855466553648656
9044,daily_wage_labourer,1,0.4001853135425048
9045,street_vendor,1,0.10682692406599337
9046,street_vendor,1,0.6513704121718776
9047,daily_wage_labourer,1,0.446758987379602
9048,domestic_worker,1,0.38311526099153526
9049,daily_wage_labourer,1,0.45412526732838043
9050,street_vendor,1,0.6967512245438571
9051,daily_wage_labourer,1,0.03982486504258509
9052,domestic_worker,1,0.49991160131582746
9053,gig_delivery,1,0.7633287070203394
9054,gig_delivery,1,0.5800040815137253
9055,domestic_worker,1,0.5102768267570913
9056,gig_delivery,1,0.7648830927707478
9057,domestic_worker,1,0.4955759912251237
9058,street_vendor,1,0.5173297947794212
9059,gig_delivery,1,0.2807075946294994
9060,domestic_worker,1,0.2101549701210778
9061,domestic_worker,1,0.339599605816702
9062,daily_wage_labourer,1,0.4437586154269237
9063,gig_delivery,1,0.5953302337295073
9064,street_vendor,1,0.504851885466417
9065,gig_delivery,1,0.7359924944605145
9066,daily_wage_labourer,1,0.6712832502070983
9067,daily_wage_labourer,1,0.5122579740322136
9068,gig_delivery,1,0.8966574751212031
9069,daily_wage_labourer,1,0.4554478737078233
9070,street_vendor,1,0.7629674908520819
9071,daily_wage_labourer,1,0.4924074473003539
9072,gig_delivery,1,0.6150911903616755
9073,gig_delivery,0,0.7263470405095337
9074,gig_delivery,1,0.36020377193326536
9075,street_vendor,1,0.4997720062608192
9076,gig_delivery,1,0.3493665263857539
9077,gig_delivery,1,0.4792052780906987
9078,street_vendor,1,0.7236678257615942
9079,daily_wage_labourer,1,0.47476810856811785
9080,daily_wage_labourer,1,0.321597290024984
9081,daily_wage_labourer,1,0.4743793394138134
9082,street_vendor,1,0.5529308917092665
9083,street_vendor,0,0.40444763019079377
9084,street_vendor,1,0.755206249485535
9085,street_vendor,1,0.3589318415239965
9086,street_vendor,1,0.6245174977679647
9087,gig_delivery,1,0.5731525072062521
9088,daily_wage_labourer,1,0.3273001477579796
9089,daily_wage_labourer,1,0.4470397241150837
9090,gig_delivery,1,0.5954616197081963
9091,daily_wage_labourer,1,0.6659965106889082
9092,street_vendor,1,0.5869236732260313
9093,street_vendor,1,0.5601255828581846
9094,street_vendor,1,0.7783776102686656
9095,daily_wage_labourer,1,0.4093373743626196
9096,daily_wage_labourer,1,0.3701228310381431
9097,daily_wage_labourer,1,0.4680786379614012
9098,daily_wage_labourer,1,0.5976127079639
9099,domestic_worker,1,0.07686652699060653
9100,daily_wage_labourer,1,0.7063190892344478
9101,daily_wage_labourer,1,0.6306820954865131
9102,daily_wage_labourer,1,0.5171158339042387
9103,gig_delivery,1,0.6480463772733855
9104,gig_delivery,1,0.5684303763524697
9105,gig_delivery,1,0.7111744837706306
9106,street_vendor,1,0.6023839938135306
9107,daily_wage_labourer,0,0.6407566675303175
9108,gig_delivery,1,0.4987337214056885
9109,daily_wage_labourer,1,0.3745452035767856
9110,domestic_worker,1,0.4522091671041905
9111,daily_wage_labourer,1,0.5667865315335022
9112,daily_wage_labourer,1,0.6901158991675601
9113,daily_wage_labourer,1,0.3999725578994113
9114,daily_wage_labourer,1,0.35122600946437343
9115,gig_delivery,1,0.7097156247492551
9116,street_vendor,1,0.6550049862939927
9117,daily_wage_labourer,1,0.24062990244362248
9118,gig_delivery,0,0.8217189273857722
9119,domestic_worker,1,0.38957455384664685
9120,gig_delivery,1,0.18045542930481095
9121,domestic_worker,1,0.21463646204986814
9122,domestic_worker,1,0.21403599569918919
9123,daily_wage_labourer,1,0.4039950916134591
9124,domestic_worker,1,0.42870055171194626
9125,domestic_worker,1,0.6329838592063315
9126,street_vendor,1,0.4453661963624744
9127,gig_delivery,1,0.7472664541042126
9128,street_vendor,1,0.6408967824733315
9129,gig_delivery,1,0.6286495603107133
9130,street_vendor,1,0.5641630004926809
9131,gig_delivery,1,0.49627278394065455
9132,daily_wage_labourer,1,0.6020828086375098
9133,daily_wage_labourer,0,0.5327166926533122
9134,street_vendor,1,0.571895942540784
9135,gig_delivery,1,0.6296969402426958
9136,daily_wage_labourer,1,0.5290614325622217
9137,gig_delivery,1,0.8514693051951671
9138,daily_wage_labourer,1,0.259888394881246
9139,street_vendor,1,0.3293513978639796
9140,daily_wage_labourer,1,0.2404384071272847
9141,domestic_worker,1,0.38766066011194417
9142,street_vendor,1,0.5668670110185168
9143,gig_delivery,1,0.5455451086149845
9144,street_vendor,1,0.4865231052879771
9145,gig_delivery,1,0.5403699127537129
9146,street_vendor,1,0.21786669878808818
9147,daily_wage_labourer,1,0.33190689530613754
9148,daily_wage_labourer,1,0.23369947166676147
9149,street_vendor,1,0.28830989186753275
9150,daily_wage_labourer,1,0.2207433570596401
9151,daily_wage_labourer,1,0.12423666853553136
9152,daily_wage_labourer,1,0.4390927793775199
9153,domestic_worker,1,0.2961068302543511
9154,daily_wage_labourer,1,0.2603345534673099
9155,domestic_worker,1,0.29709350777821286
9156,daily_wage_labourer,1,0.5721133948383043
9157,street_vendor,1,0.641211669621484
9158,street_vendor,1,0.4313065740708009
9159,daily_wage_labourer,1,0.1872580570391461
9160,daily_wage_labourer,1,0.413302608247705
9161,domestic_worker,1,0.5034957033718024
9162,gig_delivery,1,0.7132625920098253
9163,daily_wage_labourer,1,0.5468474322609075
9164,daily_wage_labourer,1,0.2754310822399542
9165,daily_wage_labourer,1,0.33489215795250327
9166,gig_delivery,1,0.7771750958025891
9167,street_vendor,1,0.3278036046702051
9168,street_vendor,1,0.6144843587048675
9169,daily_wage_labourer,1,0.5954185760292812
9170,street_vendor,1,0.566917151341547
9171,gig_delivery,1,0.5980753599579552
9172,street_vendor,1,0.5127845225969496
9173,street_vendor,1,0.26008599787213693
9174,domestic_worker,1,0.508148239495863
9175,domestic_worker,1,0.28439760939140785
9176,daily_wage_labourer,1,0.4274830207966422
9177,daily_wage_labourer,1,0.3514740054805055
9178,gig_delivery,1,0.5568007391587976
9179,street_vendor,1,0.3329350408855454
9180,daily_wage_labourer,1,0.32665809693941206
9181,street_vendor,1,0.5688832379784758
9182,daily_wage_labourer,1,0.3935219009813307
9183,domestic_worker,0,0.6781081896421859
9184,gig_delivery,1,0.49867700821129435
9185,domestic_worker,1,0.442861610012995
9186,gig_delivery,1,0.7159045648120327
9187,gig_delivery,1,0.5793341542019608
9188,gig_delivery,1,0.12395441565403281
9189,gig_delivery,1,0.768451801012984
9190,daily_wage_labourer,1,0.3834571199005217
9191,street_vendor,1,0.5947690275871935
9192,daily_wage_labourer,1,0.5935027042177974
9193,street_vendor,1,0.4660761875488032
9194,daily_wage_labourer,1,0.5531191484858955
9195,street_vendor,1,0.549570098630286
9196,daily_wage_labourer,0,0.4579521409089102
9197,street_vendor,1,0.6816416766087489
9198,street_vendor,1,0.5697331706304818
9199,daily_wage_labourer,1,0.34757476934183057
9200,street_vendor,1,0.2017230560010178
9201,domestic_worker,1,0.05734700474611548
9202,daily_wage_labourer,1,0.5356404687359881
9203,daily_wage_labourer,1,0.5419121574291936
9204,street_vendor,1,0.47922774232010146
9205,gig_delivery,1,0.8587641161446279
9206,gig_delivery,0,0.7073162533039464
9207,daily_wage_labourer,1,0.5225149767204152
9208,street_vendor,1,0.8433939764121593
9209,gig_delivery,1,0.6411416720032649
9210,domestic_worker,1,0.27276006650709606
9211,daily_wage_labourer,0,0.5766252199422157
9212,street_vendor,1,0.41680415026929224
9213,street_vendor,1,0.6685173048883828
9214,street_vendor,1,0.5536804469807473
9215,gig_delivery,0,0.5818812136778578
9216,domestic_worker,1,0.3904916013078454
9217,domestic_worker,1,0.22729842189905136
9218,gig_delivery,1,0.5817348700856513
9219,street_vendor,1,0.4995046016056359
9220,domestic_worker,0,0.3765317018952161
9221,daily_wage_labourer,1,0.14270831910470466
9222,daily_wage_labourer,1,0.2780650273879625
9223,gig_delivery,1,0.47411799155158685
9224,street_vendor,1,0.6610431545335747
9225,gig_delivery,1,0.6460520029614467
9226,domestic_worker,1,0.35882334620054535
9227,gig_delivery,1,0.5542887539672401
9228,gig_delivery,1,0.7571359573642861
9229,daily_wage_labourer,1,0.3809850735392939
9230,street_vendor,1,0.6251544112025342
9231,gig_delivery,1,0.33542316699919794
9232,daily_wage_labourer,1,0.40684009584131914
9233,domestic_worker,1,0.5733187453265711
9234,street_vendor,1,0.23777254284738664
9235,daily_wage_labourer,1,0.3332241129389608
9236,daily_wage_labourer,1,0.2918095786402815
9237,gig_delivery,1,0.7155843791386809
9238,gig_delivery,1,0.26612927084091664
9239,domestic_worker,1,0.6276431787202426
9240,street_vendor,1,0.5155005302998229
9241,daily_wage_labourer,1,0.480036044464997
9242,street_vendor,1,0.36974005490699735
9243,street_vendor,1,0.5823335169752044
9244,daily_wage_labourer,1,0.3172514333761173
9245,daily_wage_labourer,1,0.5630348310413078
9246,daily_wage_labourer,1,0.5454359387409788
9247,daily_wage_labourer,1,0.668218798305577
9248,gig_delivery,1,0.68413463910643
9249,gig_delivery,1,0.7177830489653066
9250,street_vendor,1,0.46982423550704105
9251,daily_wage_labourer,1,0.4234554627339909
9252,gig_delivery,1,0.6440955466790014
9253,gig_delivery,1,0.8406830209527525
9254,gig_delivery,1,0.6473284070739809
9255,street_vendor,1,0.7561055529527247
9256,daily_wage_labourer,1,0.45089982455691874
9257,domestic_worker,1,0.26565880181589563
9258,daily_wage_labourer,1,0.44659531397673347
9259,daily_wage_labourer,1,0.35426413922144495
9260,domestic_worker,1,0.3906541801729098
9261,street_vendor,0,0.5540691911196367
9262,gig_delivery,1,0.6413001957561412
9263,domestic_worker,1,0.44355499096816914
9264,street_vendor,1,0.35097908561742464
9265,gig_delivery,1,0.5306348002539276
9266,daily_wage_labourer,1,0.5582871864406674
9267,domestic_worker,1,0.40492289380439156
9268,domestic_worker,1,0.24526888074894154
9269,domestic_worker,1,0.664408761880831
9270,street_vendor,1,0.46887878612766914
9271,gig_delivery,1,0.5085906307690832
9272,domestic_worker,1,0.606063887716993
9273,gig_delivery,1,0.7401114745692994
9274,gig_delivery,1,0.4815985923963051
9275,street_vendor,1,0.434102964304337
9276,domestic_worker,1,0.46082548471556406
9277,street_vendor,1,0.42911524188814276
9278,daily_wage_labourer,1,0.2117285327344678
9279,domestic_worker,1,0.33039619290693073
9280,domestic_worker,1,0.4239660701500099
9281,domestic_worker,1,0.01
9282,daily_wage_labourer,1,0.48472260974573406
9283,street_vendor,1,0.28657569583928066
9284,daily_wage_labourer,1,0.4895421195196869
9285,street_vendor,1,0.6729009511006246
9286,domestic_worker,1,0.6907135418542403
9287,daily_wage_labourer,1,0.42983330994521
9288,daily_wage_labourer,0,0.48216343110209214
9289,street_vendor,0,0.37239688203478777
9290,daily_wage_labourer,1,0.6869188526828324
9291,domestic_worker,0,0.4126136598211992
9292,gig_delivery,1,0.7036403728218357
9293,street_vendor,1,0.61828894177851
9294,street_vendor,1,0.3994993722318403
9295,daily_wage_labourer,1,0.3145871740568098
9296,street_vendor,1,0.2682154329351996
9297,domestic_worker,1,0.33396061360980983
9298,gig_delivery,1,0.6282322336583
9299,street_vendor,1,0.23501417578881334
9300,gig_delivery,1,0.8535288742291078
9301,daily_wage_labourer,1,0.49670949980340734
9302,street_vendor,1,0.43399273602828214
9303,daily_wage_labourer,0,0.5635148999897238
9304,street_vendor,1,0.4387235998738214
9305,daily_wage_labourer,1,0.4171135801675611
9306,gig_delivery,1,0.7365674547541315
9307,domestic_worker,1,0.26676605146195875
9308,daily_wage_labourer,0,0.3178034097994584
9309,gig_delivery,1,0.6631066715556454
9310,street_vendor,0,0.48179025680674714
9311,daily_wage_labourer,1,0.41363484712404647
9312,street_vendor,1,0.7781729380110618
9313,daily_wage_labourer,1,0.38056766504704653
9314,street_vendor,1,0.6698717760847622
9315,domestic_worker,1,0.09164557009192614
9316,domestic_worker,1,0.46662901990171074
9317,daily_wage_labourer,1,0.46704078985841496
9318,gig_delivery,1,0.7753060222971763
9319,street_vendor,1,0.47994412259699126
9320,gig_delivery,1,0.8276892712066078
9321,street_vendor,1,0.5201201114526034
9322,street_vendor,1,0.2562847382971636
9323,gig_delivery,1,0.442463584521143
9324,daily_wage_labourer,1,0.4153914340482023
9325,daily_wage_labourer,1,0.6768482236533941
9326,daily_wage_labourer,1,0.21350455454189923
9327,street_vendor,1,0.6730948095026108
9328,street_vendor,0,0.3986698463488365
9329,gig_delivery,0,0.6319007083115312
9330,gig_delivery,1,0.5773467783993824
9331,street_vendor,1,0.4851073881115988
9332,daily_wage_labourer,1,0.412483108719179
9333,gig_delivery,1,0.2820093408587402
9334,gig_delivery,1,0.828812453799693
9335,gig_delivery,1,0.6595512051649544
9336,daily_wage_labourer,1,0.22209684942109953
9337,daily_wage_labourer,1,0.6056034125635199
9338,daily_wage_labourer,1,0.45200769825721304
9339,daily_wage_labourer,1,0.3313440093329116
9340,street_vendor,1,0.559413794609269
9341,street_vendor,1,0.6048668295557248
9342,gig_delivery,1,0.7178231372616569
9343,street_vendor,1,0.5321320163899191
9344,gig_delivery,1,0.6514483479956273
9345,daily_wage_labourer,1,0.7431914814475362
9346,daily_wage_labourer,1,0.605075919537639
9347,gig_delivery,1,0.4390847772567744
9348,gig_delivery,1,0.7647999322905582
9349,street_vendor,1,0.6828758895009054
9350,gig_delivery,1,0.5491356352500882
9351,daily_wage_labourer,1,0.01
9352,daily_wage_labourer,1,0.5320487751282831
9353,gig_delivery,1,0.4070012588547748
9354,gig_delivery,1,0.6843037254224339
9355,daily_wage_labourer,1,0.3786261080388977
9356,domestic_worker,1,0.5503764268396105
9357,gig_delivery,1,0.40877145481843025
9358,gig_delivery,1,0.5030617887267715
9359,street_vendor,1,0.35065897566720694
9360,street_vendor,1,0.48685176240424
9361,daily_wage_labourer,1,0.4442752700480434
9362,gig_delivery,1,0.7758206985268356
9363,daily_wage_labourer,1,0.20561001438787907
9364,gig_delivery,1,0.6422799693840378
9365,street_vendor,1,0.5177371318065545
9366,gig_delivery,1,0.31657671922051156
9367,gig_delivery,1,0.45350698784436727
9368,gig_delivery,1,0.5120827625345855
9369,gig_delivery,1,0.6327727053456618
9370,domestic_worker,1,0.3669260144209448
9371,street_vendor,1,0.42357472184961353
9372,gig_delivery,1,0.7515939148416003
9373,domestic_worker,1,0.4233915144343981
9374,daily_wage_labourer,1,0.22523765892983405
9375,street_vendor,1,0.5578987303983439
9376,domestic_worker,1,0.32414833330256804
9377,street_vendor,1,0.5144179216901584
9378,daily_wage_labourer,1,0.6144287861073593
9379,street_vendor,1,0.3513631927852303
9380,daily_wage_labourer,1,0.42798204985371474
9381,daily_wage_labourer,1,0.47174536801499783
9382,daily_wage_labourer,1,0.32978940856719985
9383,domestic_worker,1,0.5769214638463713
9384,daily_wage_labourer,1,0.49192211463223146
9385,daily_wage_labourer,1,0.5443440901727226
9386,domestic_worker,1,0.34810190797762225
9387,gig_delivery,1,0.6598804389189913
9388,street_vendor,1,0.35154538170907673
9389,street_vendor,1,0.3943476581197882
9390,gig_delivery,0,0.7807840507796434
9391,gig_delivery,1,0.7215475265886321
9392,daily_wage_labourer,1,0.5785910196123496
9393,street_vendor,1,0.5802303033009608
9394,gig_delivery,1,0.5287858541424418
9395,gig_delivery,1,0.8846666434838393
9396,daily_wage_labourer,1,0.4451274142584066
9397,domestic_worker,1,0.41782366259081943
9398,gig_delivery,1,0.6763848616806486
9399,gig_delivery,1,0.7598814107296618
9400,gig_delivery,1,0.6180068424924071
9401,gig_delivery,1,0.7655732924857215
9402,daily_wage_labourer,1,0.606359548883646
9403,daily_wage_labourer,0,0.319016009472331
9404,gig_delivery,0,0.7821293287737028
9405,gig_delivery,1,0.7673683672878208
9406,daily_wage_labourer,1,0.24435933551078032
9407,street_vendor,1,0.5770008922291296
9408,gig_delivery,1,0.5068177981935998
9409,gig_delivery,1,0.5240696644929563
9410,daily_wage_labourer,1,0.5892863733390605
9411,daily_wage_labourer,1,0.3409752375461317
9412,street_vendor,1,0.7103580219063
9413,domestic_worker,1,0.5452706555466227
9414,domestic_worker,1,0.593010610715065
9415,daily_wage_labourer,1,0.5156355257525705
9416,daily_wage_labourer,1,0.5101940195185303
9417,gig_delivery,1,0.6213471364164471
9418,daily_wage_labourer,1,0.15920754205574322
9419,domestic_worker,1,0.4214226065591717
9420,street_vendor,1,0.5190029442912705
9421,street_vendor,1,0.5509060966068295
9422,daily_wage_labourer,1,0.5831950333157646
9423,street_vendor,1,0.3045784785472089
9424,gig_delivery,1,0.658324962409395
9425,gig_delivery,0,0.7408907134851314
9426,street_vendor,1,0.3523129529477997
9427,daily_wage_labourer,1,0.4029786073965754
9428,gig_delivery,1,0.5011501553550733
9429,gig_delivery,1,0.7976594306879067
9430,daily_wage_labourer,1,0.47469654396294936
9431,street_vendor,1,0.3672882771395979
9432,daily_wage_labourer,1,0.4881359733369261
9433,daily_wage_labourer,1,0.6839615981810636
9434,gig_delivery,1,0.5528016842499649
9435,daily_wage_labourer,1,0.43433043226072
9436,street_vendor,1,0.2722889100018605
9437,gig_delivery,1,0.6683776558298393
9438,daily_wage_labourer,0,0.5356939392730801
9439,street_vendor,1,0.6260664660214953
9440,daily_wage_labourer,1,0.62893598796751
9441,domestic_worker,0,0.5507705251707921
9442,gig_delivery,1,0.5755331018852252
9443,street_vendor,1,0.5533932794681613
9444,gig_delivery,0,0.40037050171992
9445,street_vendor,1,0.6636462878831446
9446,daily_wage_labourer,1,0.2564003478504789
9447,daily_wage_labourer,1,0.05201366425556436
9448,street_vendor,0,0.6495153786463163
9449,daily_wage_labourer,1,0.593631331891082
9450,domestic_worker,1,0.36969468824234125
9451,street_vendor,1,0.08258009058574844
9452,gig_delivery,1,0.6559323154956935
9453,gig_delivery,1,0.6340452607141496
9454,daily_wage_labourer,1,0.2696437272725633
9455,street_vendor,1,0.44494559481733154
9456,street_vendor,1,0.6095592630741098
9457,street_vendor,1,0.4085880472690628
9458,daily_wage_labourer,1,0.5863509644735413
9459,domestic_worker,1,0.5023620822907766
9460,domestic_worker,1,0.243762907736638
9461,street_vendor,1,0.2171321774613389
9462,street_vendor,1,0.29982372688735887
9463,street_vendor,1,0.5852540869565479
9464,domestic_worker,0,0.3564007245402652
9465,street_vendor,1,0.5082974076605593
9466,street_vendor,1,0.5850722014690811
9467,gig_delivery,1,0.6804367309431792
9468,daily_wage_labourer,1,0.7048061336349932
9469,street_vendor,1,0.6457464352342702
9470,gig_delivery,1,0.5962987803639233
9471,street_vendor,1,0.6440549407051747
9472,street_vendor,1,0.5874723628992458
9473,street_vendor,1,0.29786181087062547
9474,daily_wage_labourer,1,0.30141417750479016
9475,domestic_worker,1,0.33369452843890807
9476,daily_wage_labourer,1,0.1127925076961041
9477,gig_delivery,1,0.8570700206976379
9478,daily_wage_labourer,1,0.19727564759271277
9479,gig_delivery,1,0.2606012847840923
9480,domestic_worker,1,0.32736899221519833
9481,daily_wage_labourer,1,0.4390447829827077
9482,domestic_worker,1,0.6247304774719205
9483,gig_delivery,1,0.4799848822595182
9484,gig_delivery,1,0.6725728808734721
9485,street_vendor,1,0.38220920759705324
9486,gig_delivery,1,0.5384826482718849
9487,daily_wage_labourer,1,0.5839266657974004
9488,domestic_worker,1,0.02829494827845186
9489,domestic_worker,1,0.04966998537952105
9490,daily_wage_labourer,1,0.2822118922365699
9491,domestic_worker,1,0.5742112547659324
9492,domestic_worker,1,0.13133168464270764
9493,daily_wage_labourer,1,0.5828773092506409
9494,street_vendor,1,0.5236574303600736
9495,street_vendor,1,0.5161597158905397
9496,street_vendor,1,0.4686041433741983
9497,street_vendor,1,0.4007483281770239
9498,domestic_worker,1,0.16186484809257917
9499,street_vendor,1,0.6655992227135487
9500,gig_delivery,1,0.6132680239720795
9501,gig_delivery,1,0.508275068364938
9502,gig_delivery,1,0.5094137098802706
9503,street_vendor,1,0.5599198427152821
9504,daily_wage_labourer,1,0.6171830447660996
9505,gig_delivery,1,0.8538400914581189
9506,daily_wage_labourer,1,0.5321533027441068
9507,street_vendor,1,0.5823697556151919
9508,gig_delivery,1,0.6202714704814234
9509,street_vendor,1,0.4801413613150319
9510,daily_wage_labourer,1,0.48408945855182706
9511,daily_wage_labourer,1,0.5818099863329114
9512,street_vendor,1,0.48223714435535947
9513,gig_delivery,1,0.5521988177846968
9514,street_vendor,1,0.4385327261247543
9515,domestic_worker,1,0.2977503713848799
9516,domestic_worker,1,0.6938846287766454
9517,daily_wage_labourer,1,0.44937302084985653
9518,daily_wage_labourer,1,0.5182370956083048
9519,street_vendor,1,0.5275091221666715
9520,domestic_worker,1,0.3722409918831118
9521,gig_delivery,1,0.5850497394073227
9522,street_vendor,1,0.42951591973022374
9523,daily_wage_labourer,1,0.41315899955636476
9524,street_vendor,1,0.5000001397815138
9525,daily_wage_labourer,1,0.6452655017764891
9526,daily_wage_labourer,1,0.5437637289917148
9527,street_vendor,1,0.6984755671835438
9528,gig_delivery,1,0.5373790296833232
9529,street_vendor,1,0.6983412878122601
9530,daily_wage_labourer,1,0.4420662403709186
9531,gig_delivery,1,0.4363056542289957
9532,domestic_worker,1,0.48997059783893177
9533,daily_wage_labourer,1,0.3124861992672772
9534,domestic_worker,1,0.5231027343427612
9535,daily_wage_labourer,1,0.7106494176120436
9536,domestic_worker,1,0.5116042802636978
9537,street_vendor,1,0.5739630109657272
9538,gig_delivery,1,0.5842108207101174
9539,street_vendor,1,0.4586904586475818
9540,domestic_worker,1,0.5031959702907564
9541,domestic_worker,1,0.3934906287814815
9542,daily_wage_labourer,1,0.43652086201435314
9543,daily_wage_labourer,1,0.3731912161887366
9544,daily_wage_labourer,1,0.3529899621464547
9545,street_vendor,1,0.6029688429057212
9546,gig_delivery,1,0.4932053014363944
9547,gig_delivery,1,0.6630239963938577
9548,daily_wage_labourer,1,0.3743478798953384
9549,street_vendor,1,0.5942708569775965
9550,domestic_worker,1,0.5661413197430003
9551,street_vendor,1,0.6148408764769924
9552,gig_delivery,1,0.5462525381561429
9553,street_vendor,1,0.5550817816931929
9554,street_vendor,1,0.6603590078057219
9555,street_vendor,1,0.5764197299510342
9556,daily_wage_labourer,1,0.6890516244064196
9557,gig_delivery,1,0.6774684745933122
9558,daily_wage_labourer,1,0.5379808186068115
9559,gig_delivery,1,0.6010425075318832
9560,gig_delivery,1,0.5801981827004292
9561,street_vendor,1,0.33412586041529335
9562,street_vendor,1,0.78940270313845
9563,gig_delivery,1,0.7509500102301406
9564,gig_delivery,1,0.7241666223827057
9565,daily_wage_labourer,0,0.6414356841770493
9566,street_vendor,1,0.24473750840973205
9567,gig_delivery,1,0.31736787290185753
9568,street_vendor,1,0.5998226959965338
9569,gig_delivery,1,0.5668563014095842
9570,street_vendor,1,0.5723774548408198
9571,gig_delivery,1,0.7251552051023917
9572,daily_wage_labourer,1,0.37133782085465716
9573,gig_delivery,1,0.41574619339505736
9574,street_vendor,1,0.7463212856707926
9575,daily_wage_labourer,1,0.3376736866878942
9576,street_vendor,1,0.4522107691300764
9577,gig_delivery,1,0.5650767922490997
9578,street_vendor,1,0.059566889232360865
9579,street_vendor,1,0.6020832592732828
9580,gig_delivery,1,0.44488284961023683
9581,street_vendor,1,0.26305039956334275
9582,street_vendor,1,0.4850525596899524
9583,gig_delivery,1,0.6521614965834799
9584,gig_delivery,1,0.7841368930686683
9585,domestic_worker,1,0.580596113834353
9586,daily_wage_labourer,1,0.4309796455347023
9587,daily_wage_labourer,1,0.01
9588,gig_delivery,1,0.26555957063081836
9589,street_vendor,1,0.6339082198006649
9590,gig_delivery,1,0.44992253788903125
9591,street_vendor,1,0.33366553646725355
9592,domestic_worker,1,0.18733860388373247
9593,gig_delivery,1,0.4482852284984532
9594,daily_wage_labourer,1,0.5194400080618327
9595,daily_wage_labourer,1,0.516068248908262
9596,street_vendor,1,0.39150954246317377
9597,daily_wage_labourer,1,0.6594316177168276
9598,gig_delivery,1,0.6841092100398959
9599,daily_wage_labourer,1,0.6125205317555484
9600,daily_wage_labourer,1,0.6013188062230477
9601,street_vendor,1,0.7160680857697702
9602,gig_delivery,1,0.5898940455236857
9603,daily_wage_labourer,1,0.48344879268740576
9604,street_vendor,1,0.5566786817276101
9605,domestic_worker,1,0.5617043707488882
9606,daily_wage_labourer,0,0.5501524576404394
9607,daily_wage_labourer,1,0.4033611811419241
9608,domestic_worker,0,0.5063721773342496
9609,daily_wage_labourer,1,0.5136918891110134
9610,domestic_worker,0,0.3947522525419596
9611,gig_delivery,0,0.6664176167585056
9612,gig_delivery,1,0.5825743224694959
9613,street_vendor,1,0.5910334300384117
9614,street_vendor,1,0.5141321508109482
9615,daily_wage_labourer,1,0.5167413436694586
9616,street_vendor,1,0.6615218784339246
9617,street_vendor,1,0.6980189448579248
9618,daily_wage_labourer,1,0.2361205655217618
9619,gig_delivery,1,0.7286728569963027
9620,street_vendor,1,0.5603202122439015
9621,gig_delivery,1,0.4748835583494253
9622,domestic_worker,1,0.2578409217545643
9623,gig_delivery,1,0.34623139019534666
9624,gig_delivery,1,0.6946078198181423
9625,gig_delivery,1,0.6501445873022365
9626,street_vendor,1,0.8539897761954318
9627,daily_wage_labourer,1,0.3003570895152464
9628,domestic_worker,0,0.5915015225863796
9629,gig_delivery,1,0.43175683271732135
9630,gig_delivery,1,0.6739242835986745
9631,domestic_worker,1,0.5447893891993529
9632,street_vendor,1,0.4920770290513875
9633,daily_wage_labourer,1,0.64113811319238
9634,gig_delivery,1,0.7839105665324738
9635,street_vendor,1,0.4936616444053231
9636,daily_wage_labourer,1,0.25944941987168973
9637,gig_delivery,1,0.09780441847306343
9638,gig_delivery,1,0.6061880945862347
9639,street_vendor,1,0.6523053266832601
9640,gig_delivery,1,0.637054028749252
9641,street_vendor,1,0.8754097815944261
9642,domestic_worker,1,0.46755566394348486
9643,street_vendor,0,0.4108017557382754
9644,domestic_worker,1,0.29998116103093714
9645,daily_wage_labourer,1,0.48318253875078215
9646,daily_wage_labourer,1,0.6427241671335936
9647,daily_wage_labourer,1,0.22873593329665698
9648,street_vendor,1,0.5860976164401371
9649,daily_wage_labourer,1,0.5711068147056167
9650,gig_delivery,1,0.5820860379464822
9651,gig_delivery,1,0.8426280589870396
9652,street_vendor,1,0.44729595274783274
9653,gig_delivery,1,0.630669015185574
9654,domestic_worker,1,0.4687619924796201
9655,gig_delivery,1,0.7773683523054075
9656,daily_wage_labourer,1,0.542401138961959
9657,street_vendor,1,0.2751321243909694
9658,domestic_worker,1,0.42088913622733276
9659,daily_wage_labourer,1,0.04322094266265747
9660,daily_wage_labourer,1,0.5259076981464146
9661,gig_delivery,1,0.8645635310059449
9662,street_vendor,1,0.24631823309830614
9663,gig_delivery,1,0.6999641191856809
9664,street_vendor,1,0.5510728108228575
9665,gig_delivery,1,0.3784954840690196
9666,domestic_worker,1,0.3237023888857318
9667,domestic_worker,1,0.5054232032105743
9668,domestic_worker,1,0.43045386285355486
9669,domestic_worker,1,0.5832613552204462
9670,street_vendor,1,0.417750403758944
9671,domestic_worker,1,0.3922438348246651
9672,domestic_worker,1,0.06075464305557188
9673,daily_wage_labourer,1,0.6678920206470415
9674,daily_wage_labourer,1,0.4746705808681186
9675,street_vendor,1,0.5951310927727
9676,daily_wage_labourer,1,0.36938348022866124
9677,gig_delivery,1,0.7931895774011021
9678,daily_wage_labourer,1,0.2437394389729412
9679,daily_wage_labourer,1,0.4191032791228037
9680,daily_wage_labourer,1,0.36221691547698387
9681,street_vendor,1,0.3044827772048068
9682,domestic_worker,1,0.47086559256793276
9683,street_vendor,1,0.6621962263356861
9684,street_vendor,1,0.5089402940941116
9685,street_vendor,0,0.4146087593959035
9686,domestic_worker,1,0.29325383697766977
9687,domestic_worker,1,0.3231154686667068
9688,street_vendor,1,0.28632352021674673
9689,street_vendor,1,0.37552228588549874
9690,daily_wage_labourer,1,0.3815684904945254
9691,street_vendor,1,0.5980650805694329
9692,gig_delivery,1,0.38890028796208065
9693,street_vendor,1,0.40995089744278124
9694,daily_wage_labourer,1,0.3923246040957837
9695,daily_wage_labourer,1,0.5346852666154193
9696,daily_wage_labourer,1,0.46865229975951783
9697,daily_wage_labourer,1,0.19220167381152267
9698,street_vendor,1,0.4524811561368195
9699,street_vendor,1,0.5160391881969963
9700,street_vendor,1,0.5748943816276876
9701,street_vendor,1,0.5818133301113382
9702,domestic_worker,1,0.7134996644649598
9703,street_vendor,1,0.2623067514353797
9704,daily_wage_labourer,1,0.505584147224107
9705,street_vendor,1,0.7436943061156863
9706,gig_delivery,1,0.6672526637669001
9707,domestic_worker,1,0.16540679224800658
9708,gig_delivery,1,0.6420606981450492
9709,gig_delivery,1,0.6809796338642146
9710,gig_delivery,1,0.6260184681835301
9711,daily_wage_labourer,1,0.4484714360675594
9712,domestic_worker,1,0.3151983479671605
9713,gig_delivery,1,0.8318187460588945
9714,street_vendor,1,0.5163441473565208
9715,daily_wage_labourer,1,0.4399420938415365
9716,street_vendor,1,0.33723267433130055
9717,street_vendor,1,0.03966225500588533
9718,gig_delivery,1,0.7677774085156385
9719,street_vendor,1,0.3432434748104532
9720,gig_delivery,1,0.8415665457055099
9721,domestic_worker,1,0.6362766245257958
9722,daily_wage_labourer,1,0.3913767824781468
9723,daily_wage_labourer,1,0.3997060837122159
9724,gig_delivery,1,0.8470268869372496
9725,gig_delivery,0,0.6171562361794978
9726,street_vendor,1,0.6217616151835941
9727,street_vendor,1,0.4785383633791373
9728,gig_delivery,1,0.4975365757838697
9729,domestic_worker,1,0.45673624021399933
9730,street_vendor,1,0.5592042762705254
9731,daily_wage_labourer,1,0.24586129932662254
9732,domestic_worker,0,0.2660752592408524
9733,street_vendor,1,0.5315268483048685
9734,street_vendor,1,0.5430421793261717
9735,daily_wage_labourer,1,0.6179593823355973
9736,street_vendor,1,0.6407271102012776
9737,street_vendor,1,0.4919915510405949
9738,gig_delivery,1,0.6239431888453518
9739,gig_delivery,1,0.5865628204552892
9740,daily_wage_labourer,1,0.41049623510745925
9741,daily_wage_labourer,1,0.42484226385740553
9742,daily_wage_labourer,1,0.5495149999905671
9743,gig_delivery,1,0.617038188783977
9744,gig_delivery,1,0.6660562439473289
9745,gig_delivery,1,0.6690783236044582
9746,gig_delivery,1,0.785246138306959
9747,domestic_worker,1,0.32880976562477005
9748,gig_delivery,1,0.6721510529658484
9749,street_vendor,1,0.5787821712761968
9750,domestic_worker,1,0.3394995308144786
9751,domestic_worker,1,0.33322322355277706
9752,daily_wage_labourer,1,0.40192864711407533
9753,street_vendor,1,0.5002979405156831
9754,gig_delivery,1,0.7917043809027445
9755,daily_wage_labourer,1,0.6856229956315307
9756,gig_delivery,1,0.6886088434148375
9757,daily_wage_labourer,1,0.5750049498614193
9758,street_vendor,1,0.5866528944930873
9759,street_vendor,1,0.7346954819077025
9760,domestic_worker,1,0.38327567162719817
9761,street_vendor,1,0.741039325602478
9762,gig_delivery,1,0.493928435255899
9763,street_vendor,1,0.7693845638630122
9764,daily_wage_labourer,1,0.5184815434903272
9765,daily_wage_labourer,1,0.6596300185302932
9766,street_vendor,1,0.6135837086143692
9767,gig_delivery,1,0.33713057809998304
9768,gig_delivery,1,0.47610116411006886
9769,street_vendor,1,0.6668782865425559
9770,daily_wage_labourer,1,0.554442654533809
9771,gig_delivery,1,0.5357955041983007
9772,gig_delivery,1,0.8084164722788477
9773,daily_wage_labourer,1,0.2613946848166518
9774,gig_delivery,1,0.7152028494832776
9775,street_vendor,1,0.44378593249844517
9776,street_vendor,1,0.2898131027613902
9777,gig_delivery,1,0.26029344332850834
9778,gig_delivery,1,0.27477417460181414
9779,gig_delivery,1,0.6212073428000309
9780,street_vendor,1,0.6992278651510618
9781,daily_wage_labourer,1,0.5390399000975302
9782,gig_delivery,1,0.35604723070395705
9783,street_vendor,1,0.4769687247719905
9784,daily_wage_labourer,1,0.24845860153595264
9785,gig_delivery,0,0.4701164973427202
9786,street_vendor,1,0.6826732365775323
9787,daily_wage_labourer,1,0.4789665097537636
9788,street_vendor,1,0.21672344968429744
9789,domestic_worker,1,0.46395478487952535
9790,street_vendor,1,0.5050761524544229
9791,street_vendor,1,0.6604474050946202
9792,street_vendor,1,0.5322565433733075
9793,street_vendor,1,0.29216985089600234
9794,street_vendor,1,0.36446211650354554
9795,gig_delivery,1,0.6844612052746754
9796,street_vendor,1,0.6415828625393118
9797,street_vendor,1,0.7221735810387795
9798,street_vendor,1,0.5226169588186202
9799,daily_wage_labourer,1,0.4818531491996747
9800,street_vendor,1,0.4844177130791212
9801,gig_delivery,1,0.5605462693475233
9802,gig_delivery,1,0.5565910224961054
9803,gig_delivery,1,0.2642759694294403
9804,street_vendor,1,0.7306241915293187
9805,domestic_worker,1,0.3018174465585371
9806,gig_delivery,1,0.5804832296160555
9807,street_vendor,1,0.5417446479371136
9808,daily_wage_labourer,1,0.44931384913533645
9809,gig_delivery,0,0.5913209385177431
9810,daily_wage_labourer,0,0.48391363022646494
9811,daily_wage_labourer,1,0.5955741841356886
9812,gig_delivery,1,0.9096548102851462
9813,street_vendor,1,0.7678741542448927
9814,domestic_worker,1,0.5620230808723958
9815,street_vendor,1,0.5849400225993301
9816,street_vendor,1,0.6336827678071162
9817,street_vendor,1,0.5965843187314317
9818,daily_wage_labourer,1,0.4193269644583893
9819,domestic_worker,1,0.233320263676143
9820,gig_delivery,1,0.28731850131467435
9821,domestic_worker,1,0.5974582520400444
9822,daily_wage_labourer,1,0.25871037317042744
9823,daily_wage_labourer,1,0.33823797983366133
9824,daily_wage_labourer,1,0.4457540034317921
9825,street_vendor,1,0.3841873720699338
9826,domestic_worker,1,0.3820597421812217
9827,daily_wage_labourer,1,0.2785168862973384
9828,daily_wage_labourer,1,0.6238607892917953
9829,daily_wage_labourer,1,0.546186716043304
9830,gig_delivery,1,0.32144054030516583
9831,street_vendor,0,0.6397919466213129
9832,gig_delivery,1,0.49702980505363625
9833,gig_delivery,1,0.5232196269245522
9834,gig_delivery,1,0.5420202321394464
9835,street_vendor,1,0.7818795615517292
9836,street_vendor,1,0.36324542640832796
9837,daily_wage_labourer,1,0.6156991549398653
9838,domestic_worker,1,0.27424342809658564
9839,domestic_worker,1,0.34252810634111475
9840,daily_wage_labourer,1,0.33210954630725775
9841,street_vendor,1,0.5467032470443517
9842,street_vendor,1,0.34860530574257126
9843,gig_delivery,1,0.6924692469424999
9844,street_vendor,1,0.45332192490408807
9845,daily_wage_labourer,1,0.49523712055625524
9846,gig_delivery,1,0.5841455613823351
9847,daily_wage_labourer,0,0.5485746242287123
9848,daily_wage_labourer,1,0.5585223829701639
9849,street_vendor,1,0.41890747211862167
9850,street_vendor,1,0.5650262056798709
9851,gig_delivery,1,0.7683606604724683
9852,daily_wage_labourer,1,0.5074440164864575
9853,street_vendor,1,0.2643508671150694
9854,street_vendor,1,0.4932018988629795
9855,street_vendor,1,0.48965105953770716
9856,gig_delivery,1,0.39658952464930775
9857,gig_delivery,1,0.7484843537425508
9858,daily_wage_labourer,1,0.7072470452799621
9859,daily_wage_labourer,1,0.125792621273826
9860,street_vendor,1,0.4538760987681997
9861,daily_wage_labourer,1,0.1987077832115468
9862,street_vendor,1,0.4406411891944622
9863,domestic_worker,1,0.36009985101116976
9864,street_vendor,1,0.7672147355592139
9865,daily_wage_labourer,1,0.5947425931130057
9866,street_vendor,1,0.7121276005678051
9867,gig_delivery,1,0.5637754463857271
9868,street_vendor,1,0.6293640973506199
9869,domestic_worker,1,0.19877740484613157
9870,street_vendor,0,0.496423879050172
9871,gig_delivery,1,0.8799512738080295
9872,gig_delivery,1,0.6801481911149897
9873,street_vendor,1,0.2281609225522243
9874,street_vendor,1,0.6808827605396448
9875,daily_wage_labourer,1,0.3275941654812821
9876,gig_delivery,1,0.45892569521155424
9877,domestic_worker,1,0.27129684228661666
9878,street_vendor,1,0.675142997173305
9879,daily_wage_labourer,1,0.49355565995942535
9880,street_vendor,1,0.4100502673071973
9881,street_vendor,1,0.6031685836582614
9882,gig_delivery,1,0.34808549041332026
9883,daily_wage_labourer,1,0.36578191182148295
9884,street_vendor,1,0.4958692025637531
9885,domestic_worker,1,0.41811935761087804
9886,gig_delivery,1,0.6520102571979302
9887,gig_delivery,1,0.5627979576829134
9888,street_vendor,1,0.6619240952884456
9889,domestic_worker,1,0.36327707573836826
9890,daily_wage_labourer,1,0.37518032271589646
9891,daily_wage_labourer,1,0.5116934999958892
9892,street_vendor,0,0.31045492231751926
9893,domestic_worker,1,0.5377587895406737
9894,daily_wage_labourer,1,0.3569999901672613
9895,gig_delivery,1,0.4151219300745268
9896,gig_delivery,1,0.6341613459410179
9897,gig_delivery,1,0.6896539193796463
9898,gig_delivery,1,0.6195785479310011
9899,domestic_worker,1,0.4851435848470237
9900,street_vendor,0,0.41162856268925374
9901,street_vendor,1,0.5876612054587645
9902,gig_delivery,1,0.6295277790420891
9903,daily_wage_labourer,1,0.490277863407848
9904,daily_wage_labourer,1,0.5375312557780872
9905,gig_delivery,1,0.4945495551156821
9906,daily_wage_labourer,1,0.38185728412065706
9907,gig_delivery,1,0.6569905186514392
9908,daily_wage_labourer,1,0.41827041742778287
9909,domestic_worker,1,0.6367440924208696
9910,street_vendor,1,0.5443452473577068
9911,gig_delivery,1,0.6178015692705111
9912,domestic_worker,1,0.39901909101981775
9913,street_vendor,1,0.24292495632033995
9914,daily_wage_labourer,1,0.593813947610919
9915,daily_wage_labourer,1,0.6039691866419138
9916,daily_wage_labourer,1,0.2908112692470477
9917,daily_wage_labourer,1,0.607977392733432
9918,street_vendor,1,0.5014758852478813
9919,domestic_worker,0,0.47663912026858024
9920,street_vendor,1,0.4146451874665111
9921,daily_wage_labourer,1,0.19895237680484895
9922,daily_wage_labourer,1,0.5444226972059751
9923,street_vendor,1,0.5077296513438336
9924,street_vendor,1,0.6037225674913482
9925,domestic_worker,1,0.4822941052650703
9926,gig_delivery,1,0.8225201276791466
9927,street_vendor,1,0.4830258100785525
9928,gig_delivery,1,0.6772044265545593
9929,daily_wage_labourer,1,0.4855667685204364
9930,street_vendor,1,0.6976298030399563
9931,gig_delivery,1,0.47498134362420996
9932,daily_wage_labourer,1,0.4658678239208963
9933,street_vendor,1,0.533772392098573
9934,domestic_worker,1,0.46057984938432417
9935,street_vendor,1,0.6213355799243463
9936,street_vendor,1,0.47419965136089925
9937,street_vendor,1,0.6797834412709957
9938,gig_delivery,1,0.5010431869355492
9939,gig_delivery,1,0.6635631871231377
9940,domestic_worker,1,0.6619776411631957
9941,street_vendor,1,0.49091081024152716
9942,gig_delivery,0,0.7845336647689404
9943,daily_wage_labourer,1,0.5011228306865297
9944,daily_wage_labourer,1,0.6284726179990855
9945,street_vendor,1,0.547578862234196
9946,gig_delivery,0,0.6322369342901436
9947,street_vendor,1,0.7181469952745111
9948,gig_delivery,1,0.848083578278316
9949,daily_wage_labourer,1,0.4396361823881012
9950,street_vendor,1,0.460960175250439
9951,domestic_worker,1,0.5662720078223359
9952,gig_delivery,1,0.922219961714663
9953,daily_wage_labourer,1,0.4505028802774827
9954,gig_delivery,1,0.6314619528654746
9955,daily_wage_labourer,1,0.5261038227530361
9956,gig_delivery,1,0.5817883569298884
9957,street_vendor,1,0.6244418523417218
9958,daily_wage_labourer,1,0.328031517894509
9959,daily_wage_labourer,1,0.2846169860251566
9960,daily_wage_labourer,1,0.4588428794790451
9961,daily_wage_labourer,1,0.6250370029961134
9962,street_vendor,1,0.532899430941177
9963,domestic_worker,1,0.36081846268137474
9964,street_vendor,1,0.4526641952984605
9965,street_vendor,1,0.7411106044905651
9966,daily_wage_labourer,1,0.3783624795731257
9967,gig_delivery,1,0.49472963645040025
9968,street_vendor,1,0.7355057736540545
9969,daily_wage_labourer,1,0.572470754068905
9970,gig_delivery,1,0.3920505348057156
9971,street_vendor,1,0.5757019148625286
9972,domestic_worker,0,0.5198680456882967
9973,daily_wage_labourer,1,0.49010139414972004
9974,gig_delivery,1,0.5771864174220611
9975,street_vendor,1,0.6750728228815234
9976,gig_delivery,1,0.5281185104987529
9977,gig_delivery,0,0.7784615784472183
9978,street_vendor,0,0.5232461652156111
9979,street_vendor,1,0.6605679798252547
9980,street_vendor,1,0.41562549467381943
9981,street_vendor,1,0.7017175468688882
9982,domestic_worker,1,0.3736984227095287
9983,daily_wage_labourer,1,0.6079146240357934
9984,gig_delivery,1,0.6795521438815393
9985,domestic_worker,1,0.27216335309358936
9986,gig_delivery,1,0.6611819848600381
9987,gig_delivery,1,0.5994133505901437
9988,daily_wage_labourer,1,0.09292651707622995
9989,daily_wage_labourer,1,0.5041891462224933
9990,street_vendor,1,0.33529875581987834
9991,daily_wage_labourer,1,0.6772646785355166
9992,daily_wage_labourer,1,0.5510641335852544
9993,street_vendor,1,0.47413959587914445
9994,daily_wage_labourer,1,0.5193759681100983
9995,daily_wage_labourer,1,0.47122140054087813
9996,daily_wage_labourer,1,0.4622175914270823
9997,street_vendor,1,0.5973335787098337
9998,daily_wage_labourer,1,0.36798556291546425
9999,daily_wage_labourer,1,0.5842615965360083
